target,role,tier,stat,mlbam_id,name,age,prior_pa,target_pa,pred,actual,q10,q90
2021,H,marcel,woba,641355,Cody Bellinger,25.0,241.0,348.0,0.37755118041364966,0.23684770114942527,,
2021,H,marcel,woba,598265,Jackie Bradley Jr.,31.0,216.0,428.0,0.3213304367452249,0.2240420560747664,,
2021,H,marcel,woba,621311,David Dahl,27.0,99.0,219.0,0.3389022062141584,0.2463196347031963,,
2021,H,marcel,woba,621439,Byron Buxton,27.0,135.0,254.0,0.32814506183748393,0.4188858267716536,,
2021,H,marcel,woba,643524,Frank Schwindel,29.0,0.0,257.0,0.3170919898994081,0.40308171206225685,,
2021,H,marcel,woba,572287,Mike Zunino,30.0,84.0,375.0,0.28043124874614067,0.35857333333333336,,
2021,H,marcel,woba,543685,Anthony Rendon,31.0,230.0,247.0,0.38584750054277045,0.3101255060728745,,
2021,H,marcel,woba,543063,Brandon Crawford,34.0,191.0,543.0,0.30156483403769496,0.3771915285451196,,
2021,H,marcel,woba,650489,Willi Castro,24.0,139.0,446.0,0.3452856639672222,0.27067264573991023,,
2021,H,marcel,woba,592885,Christian Yelich,29.0,245.0,470.0,0.39863867295551253,0.324668085106383,,
2021,H,marcel,woba,664057,Andrew Stevenson,27.0,47.0,209.0,0.348586258270472,0.2761531100478468,,
2021,H,marcel,woba,665489,Vladimir Guerrero Jr.,22.0,242.0,691.0,0.3471125057252093,0.41912011577424013,,
2021,H,marcel,woba,642086,Dominic Smith,26.0,199.0,491.0,0.3626538734507893,0.2907067209775967,,
2021,H,marcel,woba,664761,Alec Bohm,24.0,180.0,417.0,0.35626527990682894,0.28504316546762587,,
2021,H,marcel,woba,605421,Michael Pérez,28.0,93.0,230.0,0.29619848615509453,0.22503913043478257,,
2021,H,marcel,woba,474832,Brandon Belt,33.0,178.0,378.0,0.33601964548040125,0.40634126984126984,,
2021,H,marcel,woba,663647,Ke'Bryan Hayes,24.0,93.0,396.0,0.3712924851677723,0.3013308080808081,,
2021,H,marcel,woba,673357,Luis Robert Jr.,23.0,225.0,295.0,0.32967797179885044,0.3989559322033898,,
2021,H,marcel,woba,542303,Marcell Ozuna,30.0,264.0,208.0,0.3532730144326898,0.2841538461538461,,
2021,H,marcel,woba,656775,Cedric Mullins,26.0,149.0,670.0,0.3029305557335318,0.37174477611940304,,
2021,H,marcel,woba,641933,Tyler O'Neill,26.0,157.0,537.0,0.31528434595755417,0.3838957169459963,,
2021,H,marcel,woba,457763,Buster Posey,34.0,0.0,449.0,0.31098928832742423,0.37894654788418713,,
2021,H,marcel,woba,621028,Kevin Newman,27.0,171.0,545.0,0.3165656652484502,0.2492954128440367,,
2021,H,marcel,woba,643446,Jeff McNeil,29.0,207.0,426.0,0.36616410864934845,0.30054694835680745,,
2021,H,marcel,woba,642162,Pat Valaika,28.0,149.0,280.0,0.3021272805364315,0.2384571428571429,,
2021,H,marcel,woba,640449,Clint Frazier,26.0,160.0,218.0,0.35271271928563247,0.2894633027522936,,
2021,H,marcel,woba,594809,Adam Eaton,32.0,171.0,284.0,0.33229600400349274,0.2707147887323944,,
2021,H,marcel,woba,642423,Magneuris Sierra,25.0,51.0,220.0,0.30050469652101747,0.23941363636363636,,
2021,H,marcel,woba,641343,Jake Bauers,25.0,0.0,313.0,0.3172019727224938,0.2569520766773163,,
2021,H,marcel,woba,623520,David Bote,28.0,145.0,326.0,0.3276770849732836,0.26781595092024535,,
2021,H,marcel,woba,542364,Rafael Ortega,30.0,0.0,327.0,0.2949646594608025,0.35466055045871553,,
2021,H,marcel,woba,547180,Bryce Harper,28.0,235.0,583.0,0.3713626405616616,0.43098799313893654,,
2021,H,marcel,woba,572761,Matt Carpenter,35.0,168.0,248.0,0.3284607762783417,0.26891532258064516,,
2021,H,marcel,woba,592743,Andrelton Simmons,31.0,127.0,448.0,0.3114525336666205,0.25204910714285716,,
2021,H,marcel,woba,664238,Dylan Moore,28.0,159.0,377.0,0.3304633490596879,0.27112732095490716,,
2021,H,marcel,woba,571788,Brock Holt,33.0,106.0,260.0,0.31813817576686715,0.25912692307692303,,
2021,H,marcel,woba,553993,Eugenio Suárez,29.0,230.0,574.0,0.363924387902158,0.30617595818815335,,
2021,H,marcel,woba,658069,Joshua Fuentes,28.0,103.0,283.0,0.3185104795324848,0.2608091872791519,,
2021,H,marcel,woba,608324,Alex Bregman,27.0,179.0,396.0,0.3928571580810846,0.33560858585858583,,
2021,H,marcel,woba,595978,Austin Hedges,28.0,78.0,304.0,0.28384002506088707,0.22717105263157894,,
2021,H,tier2,woba,641355,Cody Bellinger,25.0,241.0,348.0,0.38823836076517876,0.23684770114942527,0.35796516803480066,0.41763848448337176
2021,H,tier2,woba,643524,Frank Schwindel,29.0,0.0,257.0,0.3003390520762652,0.40308171206225685,0.25114531550061064,0.354861960834638
2021,H,tier2,woba,543063,Brandon Crawford,34.0,191.0,543.0,0.283667631663429,0.3771915285451196,0.26539826304480735,0.3021319624842393
2021,H,tier2,woba,621439,Byron Buxton,27.0,135.0,254.0,0.3253739996617343,0.4188858267716536,0.29833959973866175,0.3564867543513078
2021,H,tier2,woba,598265,Jackie Bradley Jr.,31.0,216.0,428.0,0.315040828650688,0.2240420560747664,0.2935623632039454,0.33892202875834965
2021,H,tier2,woba,542303,Marcell Ozuna,30.0,264.0,208.0,0.370620596444798,0.2841538461538461,0.3440517774905547,0.3982158172837088
2021,H,tier2,woba,673357,Luis Robert Jr.,23.0,225.0,295.0,0.3177542412282566,0.3989559322033898,0.2853002922967765,0.3520156029211715
2021,H,tier2,woba,656775,Cedric Mullins,26.0,149.0,670.0,0.29163854511562226,0.37174477611940304,0.26624696662673947,0.3185440871177992
2021,H,tier2,woba,665489,Vladimir Guerrero Jr.,22.0,242.0,691.0,0.33915260759237537,0.41912011577424013,0.31266458341351655,0.3647067758280581
2021,H,tier2,woba,518735,Yasmani Grandal,32.0,194.0,374.0,0.3223716369518453,0.40233689839572195,0.3003336431721923,0.3448441933431214
2021,H,tier2,woba,572287,Mike Zunino,30.0,84.0,375.0,0.28019222756084894,0.35857333333333336,0.25056121410822285,0.3075608197580836
2021,H,tier2,woba,621311,David Dahl,27.0,99.0,219.0,0.3240125357859995,0.2463196347031963,0.29947260826547106,0.34966721647722554
2021,H,tier2,woba,656582,Connor Joe,28.0,0.0,211.0,0.2889410566894501,0.3662464454976303,0.2408160987360812,0.34209200517409016
2021,H,tier2,woba,573131,Darin Ruf,34.0,100.0,310.0,0.30722067149514315,0.38441290322580646,0.2719051249524194,0.34570930738695993
2021,H,tier2,woba,663898,Brendan Rodgers,24.0,21.0,415.0,0.26745444380958533,0.34096867469879516,0.23414674958018497,0.30090677683957856
2021,H,tier2,woba,542364,Rafael Ortega,30.0,0.0,327.0,0.2820493959396039,0.35466055045871553,0.254514213293782,0.3110316083484638
2021,H,tier2,woba,641933,Tyler O'Neill,26.0,157.0,537.0,0.31154047866997664,0.3838957169459963,0.28084936909822017,0.3446394320273385
2021,H,tier2,woba,621550,Patrick Wisdom,29.0,2.0,373.0,0.27424059051346533,0.34639410187667563,0.23016205225589836,0.31906636521374493
2021,H,tier2,woba,457763,Buster Posey,34.0,0.0,449.0,0.3081243810786609,0.37894654788418713,0.28658215422882094,0.328789841526811
2021,H,tier2,woba,444876,Alcides Escobar,34.0,0.0,347.0,0.2554450493916349,0.32461959654178685,0.23479574445159435,0.27615439165521355
2021,H,tier2,woba,474832,Brandon Belt,33.0,178.0,378.0,0.3378455997572405,0.40634126984126984,0.31567939593937655,0.3606401307770723
2021,H,tier2,woba,641584,Jake Fraley,26.0,29.0,263.0,0.2545207339757064,0.32255513307984796,0.22282949765188678,0.2884243372874243
2021,H,tier2,woba,660821,Jesús Sánchez,23.0,29.0,248.0,0.27398501019741783,0.3391411290322581,0.2342513553161633,0.31582399785786563
2021,H,tier2,woba,641343,Jake Bauers,25.0,0.0,313.0,0.3210387851619786,0.2569520766773163,0.29063216375582923,0.3513300570907603
2021,H,tier2,woba,642162,Pat Valaika,28.0,149.0,280.0,0.30213556746759157,0.2384571428571429,0.27334250005868344,0.3344803421010299
2021,H,tier2,woba,543068,C.J. Cron,31.0,52.0,544.0,0.320380213868841,0.38305882352941173,0.29353247312060937,0.3513929307240405
2021,H,tier2,woba,592885,Christian Yelich,29.0,245.0,470.0,0.3866516370109908,0.324668085106383,0.3607302153982863,0.4139552337550476
2021,H,tier2,woba,446334,Evan Longoria,35.0,209.0,287.0,0.2900720151754064,0.3519965156794425,0.26983907473467045,0.31181591652795887
2021,H,tier2,woba,666969,Adolis García,28.0,7.0,622.0,0.25350666163973096,0.3142717041800643,0.2047185582970512,0.30367842084807095
2021,H,tier2,woba,606992,Eric Haase,28.0,19.0,381.0,0.2566064694796704,0.31626246719160106,0.2174657966990214,0.298602301664921
2021,H,tier2,woba,621028,Kevin Newman,27.0,171.0,545.0,0.3086097240780827,0.2492954128440367,0.2873140213158865,0.3297774905192425
2021,H,tier2,woba,621493,Taylor Ward,27.0,102.0,235.0,0.27449985356217793,0.3333999999999999,0.24638224392130342,0.3043191562911314
2021,H,tier2,woba,621453,Steven Duggar,27.0,36.0,294.0,0.2693568553263023,0.3273945578231293,0.24412628565655287,0.29424429514496964
2021,H,tier2,woba,668804,Bryan Reynolds,26.0,207.0,637.0,0.3281337033560839,0.3850675039246467,0.3048820829454874,0.35121724123748305
2021,H,tier2,woba,663656,Kyle Tucker,24.0,226.0,560.0,0.3257189689182152,0.38258392857142864,0.29718969799757144,0.35574784342007304
2021,H,tier2,woba,608324,Alex Bregman,27.0,179.0,396.0,0.39136108651709167,0.33560858585858583,0.3628349068248705,0.4197913192927043
2021,H,tier2,woba,663586,Austin Riley,24.0,205.0,660.0,0.32396826268506995,0.3795409090909091,0.2942625251590113,0.3537244598555033
2021,H,tier2,woba,643446,Jeff McNeil,29.0,207.0,426.0,0.35593134380507263,0.30054694835680745,0.33150199047603524,0.3801013449798328
2021,H,tier2,woba,641680,Jonah Heim,26.0,41.0,284.0,0.3114135717867723,0.25636971830985916,0.2757347428212188,0.3503000358683903
2021,H,tier2,woba,553993,Eugenio Suárez,29.0,230.0,574.0,0.36111859257667206,0.30617595818815335,0.3340647061497793,0.39034025430993613
2021,H,tier3,woba,641355,Cody Bellinger,25.0,241.0,348.0,0.36969622260229523,0.23684770114942527,0.33243168070562873,0.41198023215685675
2021,H,tier3,woba,643524,Frank Schwindel,29.0,0.0,257.0,0.28386447787814045,0.40308171206225685,0.24097841238653336,0.33260680721348695
2021,H,tier3,woba,542303,Marcell Ozuna,30.0,264.0,208.0,0.39044856787537313,0.2841538461538461,0.35470922415695005,0.4279525381622221
2021,H,tier3,woba,598265,Jackie Bradley Jr.,31.0,216.0,428.0,0.3137446553551594,0.2240420560747664,0.2861067850224458,0.3419348808541379
2021,H,tier3,woba,656775,Cedric Mullins,26.0,149.0,670.0,0.2831344418837531,0.37174477611940304,0.2554164869350228,0.31154140519405976
2021,H,tier3,woba,656582,Connor Joe,28.0,0.0,211.0,0.27769285667051274,0.3662464454976303,0.23118562019234978,0.3298968028292187
2021,H,tier3,woba,641933,Tyler O'Neill,26.0,157.0,537.0,0.29824079748943744,0.3838957169459963,0.2676931168949468,0.3315051320249279
2021,H,tier3,woba,543063,Brandon Crawford,34.0,191.0,543.0,0.29315735164634027,0.3771915285451196,0.2673736426136139,0.319031171576492
2021,H,tier3,woba,542364,Rafael Ortega,30.0,0.0,327.0,0.27257235961171855,0.35466055045871553,0.2405020424162125,0.3036983188487804
2021,H,tier3,woba,518735,Yasmani Grandal,32.0,194.0,374.0,0.32105085186781446,0.40233689839572195,0.2932168573884826,0.3497219028716693
2021,H,tier3,woba,641584,Jake Fraley,26.0,29.0,263.0,0.24400885827784924,0.32255513307984796,0.21137189097764247,0.2793537795588547
2021,H,tier3,woba,666969,Adolis García,28.0,7.0,622.0,0.23607923043519988,0.3142717041800643,0.18975098595198028,0.2826339559890145
2021,H,tier3,woba,663898,Brendan Rodgers,24.0,21.0,415.0,0.2636209230389693,0.34096867469879516,0.2318242978132745,0.29612134759538733
2021,H,tier3,woba,643393,Tony Kemp,29.0,113.0,393.0,0.27473277894993375,0.35135623409669214,0.25049614778113066,0.3012871771386505
2021,H,tier3,woba,572287,Mike Zunino,30.0,84.0,375.0,0.2826221527085519,0.35857333333333336,0.24949769922311976,0.3186307096968868
2021,H,tier3,woba,621550,Patrick Wisdom,29.0,2.0,373.0,0.27101552905899134,0.34639410187667563,0.22642296374913956,0.3193948432509848
2021,H,tier3,woba,573131,Darin Ruf,34.0,100.0,310.0,0.3116084726817893,0.38441290322580646,0.27415361376890024,0.35018436186559737
2021,H,tier3,woba,642086,Dominic Smith,26.0,199.0,491.0,0.3614064833450841,0.2907067209775967,0.3227092756885668,0.4015461827489399
2021,H,tier3,woba,673357,Luis Robert Jr.,23.0,225.0,295.0,0.3285595479501125,0.3989559322033898,0.2937068527162313,0.36743984404923097
2021,H,tier3,woba,493329,Yuli Gurriel,37.0,230.0,603.0,0.29490957988816613,0.3632769485903815,0.2662293303196042,0.3255490223322098
2021,H,tier3,woba,664761,Alec Bohm,24.0,180.0,417.0,0.3525347077692674,0.28504316546762587,0.31713024719802296,0.3913654017069184
2021,H,tier3,woba,669289,Santiago Espinal,26.0,65.0,245.0,0.27713700933382507,0.34392244897959184,0.2450730196236518,0.30762933569381196
2021,H,tier3,woba,457763,Buster Posey,34.0,0.0,449.0,0.31230962448386357,0.37894654788418713,0.28187672718480616,0.3450141457255741
2021,H,tier3,woba,621311,David Dahl,27.0,99.0,219.0,0.3127749170424609,0.2463196347031963,0.280727336672361,0.34514480281298354
2021,H,tier3,woba,621439,Byron Buxton,27.0,135.0,254.0,0.35334450376296034,0.4188858267716536,0.3164230819581034,0.3941233589928706
2021,H,tier3,woba,640449,Clint Frazier,26.0,160.0,218.0,0.35478369602501014,0.2894633027522936,0.3208047147365498,0.390310833268302
2021,H,tier3,woba,606992,Eric Haase,28.0,19.0,381.0,0.25308907456200275,0.31626246719160106,0.21541034113001487,0.29520856297820935
2021,H,tier3,woba,606213,Yermín Mercedes,28.0,1.0,261.0,0.25442846614070724,0.31745977011494264,0.21040419598357266,0.3013748569312228
2021,H,tier3,woba,621453,Steven Duggar,27.0,36.0,294.0,0.26436846697870364,0.3273945578231293,0.23946213904667432,0.2909785301617434
2021,H,tier3,woba,553993,Eugenio Suárez,29.0,230.0,574.0,0.36866381825498945,0.30617595818815335,0.334238036437883,0.4041209640823692
2021,H,tier3,woba,641343,Jake Bauers,25.0,0.0,313.0,0.3191859745732354,0.2569520766773163,0.2845774250618107,0.35581517083104225
2021,H,tier3,woba,444876,Alcides Escobar,34.0,0.0,347.0,0.26348851046708727,0.32461959654178685,0.23586527249897782,0.2912729399619308
2021,H,tier3,woba,592885,Christian Yelich,29.0,245.0,470.0,0.38512237116087467,0.324668085106383,0.34994212721272905,0.41943582930956347
2021,H,tier3,woba,543685,Anthony Rendon,31.0,230.0,247.0,0.369069985893225,0.3101255060728745,0.33646900609799585,0.4043669823437477
2021,H,tier3,woba,623520,David Bote,28.0,145.0,326.0,0.3266111519062479,0.26781595092024535,0.29694346044279435,0.3595937269871948
2021,H,tier3,woba,656941,Kyle Schwarber,28.0,223.0,470.0,0.33354828237806944,0.39169148936170206,0.29844779849341263,0.36645618699225035
2021,H,tier3,woba,605421,Michael Pérez,28.0,93.0,230.0,0.2827995382565823,0.22503913043478257,0.25190780543911134,0.3159798409956446
2021,H,tier3,woba,660821,Jesús Sánchez,23.0,29.0,248.0,0.2818258331558723,0.3391411290322581,0.23975720797149888,0.3265326456624101
2021,H,tier3,woba,664238,Dylan Moore,28.0,159.0,377.0,0.32842262335514827,0.27112732095490716,0.29526160444525973,0.36342787934297527
2021,H,tier3,woba,660271,Shohei Ohtani,26.0,175.0,619.0,0.3372126755823361,0.3935702746365105,0.30424793350000645,0.37163143628105477
2021,P,marcel,fip,665152,Dean Kremer,25.0,83.0,245.0,4.089671357133988,7.039399418307641,,
2021,P,marcel,fip,669203,Corbin Burnes,26.0,240.0,656.0,3.7902754263926837,1.6806014862215028,,
2021,P,marcel,fip,543521,Collin McHugh,34.0,0.0,244.0,4.138724595243264,2.0788986419101256,,
2021,P,marcel,fip,592644,Adam Plutko,29.0,115.0,253.0,5.079311033530891,7.124849085697108,,
2021,P,marcel,fip,661403,Emmanuel Clase,23.0,0.0,275.0,4.069802492094621,2.028136082101513,,
2021,P,marcel,fip,518886,Craig Kimbrel,33.0,68.0,234.0,4.425474476827182,2.4318141447034214,,
2021,P,marcel,fip,502171,Alex Cobb,33.0,226.0,392.0,4.889139280299295,2.973095070481554,,
2021,P,marcel,fip,623352,Josh Hader,27.0,78.0,224.0,3.587934946659815,1.7365690964555804,,
2021,P,marcel,fip,533167,Matt Shoemaker,34.0,114.0,280.0,4.813276110050372,6.567589940252667,,
2021,P,marcel,fip,571578,Patrick Corbin,31.0,294.0,738.0,3.6847871478449266,5.421465389482941,,
2021,P,marcel,fip,594798,Jacob deGrom,33.0,268.0,324.0,2.985729835326924,1.284741033214473,,
2021,P,marcel,fip,670280,David Bednar,26.0,32.0,235.0,4.313732000965968,2.64260056498705,,
2021,P,marcel,fip,543135,Nathan Eovaldi,31.0,198.0,761.0,4.466593956707321,2.8081890898077493,,
2021,P,marcel,fip,677976,Randy Dobnak,26.0,198.0,227.0,4.092658649309347,5.745839431383809,,
2021,P,marcel,fip,642528,Jonathan Loáisiga,26.0,97.0,281.0,4.2426054032418925,2.625184019268616,,
2021,P,marcel,fip,571901,Aaron Loup,33.0,93.0,217.0,4.110043200291476,2.49599423014542,,
2021,P,marcel,fip,592314,Mike Foltynewicz,29.0,16.0,583.0,4.4625662976615095,6.068444505219477,,
2021,P,marcel,fip,669432,Trevor Rogers,23.0,130.0,541.0,4.153118773621614,2.5503507095792983,,
2021,P,marcel,fip,607074,Carlos Rodón,28.0,35.0,529.0,4.275930035869292,2.6768100740709295,,
2021,P,marcel,fip,656954,Justus Sheffield,25.0,232.0,383.0,4.091814212690211,5.671805799586474,,
2021,P,marcel,fip,657031,Josh Taylor,28.0,36.0,206.0,4.257202665481186,2.6950481174346015,,
2021,P,marcel,fip,572193,Ryan Tepera,33.0,89.0,239.0,4.287487649640608,2.7303932071275168,,
2021,P,marcel,fip,656302,Dylan Cease,25.0,253.0,707.0,5.001621097497467,3.454936116759221,,
2021,P,marcel,fip,624133,Ranger Suarez,25.0,26.0,412.0,4.226158038643333,2.681787792853522,,
2021,P,marcel,fip,663531,Logan Allen,24.0,49.0,222.0,4.556649060129461,6.10031834389688,,
2021,P,marcel,fip,656557,Tanner Houck,25.0,63.0,283.0,4.113742038413827,2.5818424824898356,,
2021,P,marcel,fip,519151,Ryan Pressly,32.0,90.0,248.0,3.5720344898450067,2.0632736419101256,,
2021,P,marcel,fip,608678,Dominic Leone,29.0,47.0,214.0,4.481374355094519,3.0704553189287593,,
2021,P,marcel,fip,592826,Vince Velasquez,29.0,153.0,413.0,4.478805485848856,5.869700320355355,,
2021,P,marcel,fip,623149,Paul Sewald,31.0,35.0,258.0,4.281495931223807,2.894781373868888,,
2021,P,marcel,fip,666200,Jesús Luzardo,23.0,246.0,434.0,4.13587089532203,5.495747418133902,,
2021,P,marcel,fip,453562,Jake Arrieta,35.0,190.0,463.0,4.77506793101314,6.128307425693908,,
2021,P,marcel,fip,622075,Yency Almonte,27.0,113.0,216.0,4.36836734646603,5.716027138413622,,
2021,P,marcel,fip,642121,Cole Sulser,31.0,97.0,256.0,4.375398411140679,3.030049957699599,,
2021,P,marcel,fip,594835,Marco Gonzales,29.0,277.0,581.0,3.9264925352031828,5.263709688421754,,
2021,P,marcel,fip,657277,Logan Webb,24.0,243.0,593.0,4.079550017329331,2.767838248651699,,
2021,P,marcel,fip,605242,Michael Fulmer,28.0,135.0,295.0,4.7190732914518385,3.4204805797091686,,
2021,P,marcel,fip,471911,Carlos Carrasco,34.0,279.0,237.0,3.971022466007388,5.269213082903915,,
2021,P,marcel,fip,543339,Daniel Hudson,34.0,91.0,209.0,4.494660400836267,3.2001688032004485,,
2021,P,marcel,fip,676979,Garrett Crochet,22.0,22.0,225.0,4.001296857952253,2.7409960345481625,,
2021,P,tier2,fip,665152,Dean Kremer,25.0,83.0,245.0,4.490832036869882,7.039399418307641,3.6359312402127966,5.376748146898042
2021,P,tier2,fip,502171,Alex Cobb,33.0,226.0,392.0,5.331327144462026,2.973095070481554,4.777045517190698,5.873704672836794
2021,P,tier2,fip,661403,Emmanuel Clase,23.0,0.0,275.0,4.0882390751361655,2.028136082101513,3.319770726153308,4.859002394401317
2021,P,tier2,fip,642121,Cole Sulser,31.0,97.0,256.0,5.043438664881381,3.030049957699599,4.305368610420862,5.749172813083811
2021,P,tier2,fip,624133,Ranger Suarez,25.0,26.0,412.0,4.663500940935987,2.681787792853522,4.0593201301595085,5.317619841628787
2021,P,tier2,fip,675916,James Karinchak,25.0,107.0,235.0,2.3874689211332107,4.3580778587775955,1.5278065128735014,3.2376211167017432
2021,P,tier2,fip,543521,Collin McHugh,34.0,0.0,244.0,3.9933822173031857,2.0788986419101256,3.3815254497285783,4.57586222696299
2021,P,tier2,fip,607074,Carlos Rodón,28.0,35.0,529.0,4.5401779959441395,2.6768100740709295,3.9028442606205194,5.1753796423050655
2021,P,tier2,fip,670280,David Bednar,26.0,32.0,235.0,4.5030198512686965,2.64260056498705,3.763618646471998,5.256181647345376
2021,P,tier2,fip,656302,Dylan Cease,25.0,253.0,707.0,5.229301316563639,3.454936116759221,4.672279823237878,5.775907619473628
2021,P,tier2,fip,608665,Kendall Graveman,30.0,77.0,221.0,4.946752786087297,3.1838093561958396,4.359598311601053,5.561628759661871
2021,P,tier2,fip,623149,Paul Sewald,31.0,35.0,258.0,4.624115319433017,2.894781373868888,3.983229024709507,5.289704234324705
2021,P,tier2,fip,623167,Chris Flexen,26.0,0.0,741.0,5.666321900439528,3.937519931334986,4.886343286811667,6.453425742863919
2021,P,tier2,fip,642528,Jonathan Loáisiga,26.0,97.0,281.0,4.3265487859112755,2.625184019268616,3.658572817930558,4.9727389447751476
2021,P,tier2,fip,605280,Clay Holmes,28.0,6.0,289.0,4.927916374177274,3.2480950704815537,4.269257417994767,5.6073196272099395
2021,P,tier2,fip,571901,Aaron Loup,33.0,93.0,217.0,4.112435616985285,2.49599423014542,3.5136290141529405,4.714129070972213
2021,P,tier2,fip,533167,Matt Shoemaker,34.0,114.0,280.0,4.966604603373172,6.567589940252667,4.25022532749915,5.642827735178115
2021,P,tier2,fip,669203,Corbin Burnes,26.0,240.0,656.0,3.2599128819666565,1.6806014862215028,2.6329922462580093,3.867486757261457
2021,P,tier2,fip,643256,Adam Cimber,30.0,49.0,282.0,4.478189208040919,2.954407362840358,4.019561033090194,4.96127621983702
2021,P,tier2,fip,666200,Jesús Luzardo,23.0,246.0,434.0,3.9894550386866348,5.495747418133902,3.324323419440488,4.646058896722997
2021,P,tier2,fip,552640,Andrew Kittredge,31.0,31.0,276.0,4.381538968369574,2.884639920979893,3.7382660458661383,4.9871471684229665
2021,P,tier2,fip,657277,Logan Webb,24.0,243.0,593.0,4.262869483736542,2.767838248651699,3.8071586284354013,4.710286401941914
2021,P,tier2,fip,471911,Carlos Carrasco,34.0,279.0,237.0,3.7913866650506187,5.269213082903915,3.198354933158939,4.376724172236717
2021,P,tier2,fip,543272,Brad Hand,31.0,84.0,271.0,2.964706087997634,4.441173126446207,2.260395410275708,3.6396577838334987
2021,P,tier2,fip,429722,Ervin Santana,38.0,0.0,276.0,5.945959066788678,4.474625682726453,5.280693842271912,6.64419551189416
2021,P,tier2,fip,554430,Zack Wheeler,31.0,285.0,841.0,4.082165326607677,2.6242111419101253,3.674754679178249,4.468712172885346
2021,P,tier2,fip,570666,Luis Cessa,29.0,92.0,258.0,4.84397716416913,3.3896267346936306,4.282620886692784,5.395106886604951
2021,P,tier2,fip,605242,Michael Fulmer,28.0,135.0,295.0,4.852838915649256,3.4204805797091686,4.3110570392023115,5.403737257590262
2021,P,tier2,fip,592314,Mike Foltynewicz,29.0,16.0,583.0,4.643090295008523,6.068444505219477,4.002807046344341,5.278779069217258
2021,P,tier2,fip,543135,Nathan Eovaldi,31.0,198.0,761.0,4.233230334701307,2.8081890898077493,3.693673185466534,4.770597416484013
2021,P,tier2,fip,572193,Ryan Tepera,33.0,89.0,239.0,4.148612248841762,2.7303932071275168,3.5223584475959604,4.771779983972943
2021,P,tier2,fip,592826,Vince Velasquez,29.0,153.0,413.0,4.457475739723661,5.869700320355355,3.8137073687239176,5.089662854989474
2021,P,tier2,fip,592644,Adam Plutko,29.0,115.0,253.0,5.713757898964077,7.124849085697108,5.100117999629025,6.345209132499243
2021,P,tier2,fip,641482,Nestor Cortes,26.0,43.0,373.0,5.226833169635347,3.832426867716577,4.516127688039555,5.94306852801473
2021,P,tier2,fip,656557,Tanner Houck,25.0,63.0,283.0,3.9708056835884498,2.5818424824898356,3.150971421894802,4.832130430795439
2021,P,tier2,fip,502706,Derek Holland,34.0,179.0,224.0,5.308562172909762,3.9443558566752266,4.713962679705882,5.900413620089733
2021,P,tier2,fip,542947,Richard Bleier,34.0,66.0,221.0,4.249952719118012,2.909178814323919,3.8339495765334806,4.648354518888212
2021,P,tier2,fip,657031,Josh Taylor,28.0,36.0,206.0,4.030504134461615,2.6950481174346015,3.2810518313884227,4.795729992790254
2021,P,tier2,fip,656629,Michael Kopech,25.0,0.0,284.0,4.302052124170749,2.9743313342178177,3.2629117309323585,5.298267467185789
2021,P,tier2,fip,571578,Patrick Corbin,31.0,294.0,738.0,4.108543952526035,5.421465389482941,3.6500976104055276,4.565336320603081
2021,P,tier3,fip,429722,Ervin Santana,38.0,0.0,276.0,7.75447636157255,4.474625682726453,6.217885901910156,9.439552354521668
2021,P,tier3,fip,502171,Alex Cobb,33.0,226.0,392.0,5.931733091643549,2.973095070481554,5.140174383412764,6.7574587917429865
2021,P,tier3,fip,665152,Dean Kremer,25.0,83.0,245.0,4.396099353157248,7.039399418307641,3.492307578133481,5.2985668175329765
2021,P,tier3,fip,502706,Derek Holland,34.0,179.0,224.0,6.289936097777946,3.9443558566752266,5.416960407933095,7.2075969436906355
2021,P,tier3,fip,518886,Craig Kimbrel,33.0,68.0,234.0,4.710209740056908,2.4318141447034214,3.752198164109811,5.735912071420476
2021,P,tier3,fip,675916,James Karinchak,25.0,107.0,235.0,2.1928661050372082,4.3580778587775955,1.401058353618233,2.999454455233501
2021,P,tier3,fip,500610,Deolis Guerra,32.0,36.0,268.0,6.150337489447526,4.011401814498958,4.873121943637188,7.587871257539116
2021,P,tier3,fip,661403,Emmanuel Clase,23.0,0.0,275.0,4.0297339916208905,2.028136082101513,3.1989058287586887,4.923408437883799
2021,P,tier3,fip,543521,Collin McHugh,34.0,0.0,244.0,4.0547033575604114,2.0788986419101256,3.3432891558024767,4.770305661991832
2021,P,tier3,fip,605242,Michael Fulmer,28.0,135.0,295.0,5.393622653607761,3.4204805797091686,4.684605101437511,6.220383182254077
2021,P,tier3,fip,656302,Dylan Cease,25.0,253.0,707.0,5.382702820157729,3.454936116759221,4.742910642593507,6.063601215873618
2021,P,tier3,fip,670280,David Bednar,26.0,32.0,235.0,4.531803493625589,2.64260056498705,3.677729649258711,5.419848728429354
2021,P,tier3,fip,641482,Nestor Cortes,26.0,43.0,373.0,5.704556909292616,3.832426867716577,4.76085195731181,6.69349594101079
2021,P,tier3,fip,592390,Heath Hembree,32.0,90.0,242.0,6.179390393878907,4.3402132970825384,5.0940210402790935,7.306381826401208
2021,P,tier3,fip,605164,Dylan Bundy,28.0,265.0,395.0,3.719914170604802,5.557758936027772,3.2589864377955178,4.22126875043171
2021,P,tier3,fip,608678,Dominic Leone,29.0,47.0,214.0,4.895070808725744,3.0704553189287593,3.9561357763103966,5.86247323856713
2021,P,tier3,fip,624133,Ranger Suarez,25.0,26.0,412.0,4.5021880692569,2.681787792853522,3.8453021642150684,5.223578796923279
2021,P,tier3,fip,607074,Carlos Rodón,28.0,35.0,529.0,4.496809916771297,2.6768100740709295,3.8054711823777803,5.239901334704541
2021,P,tier3,fip,641793,Zack Littell,25.0,31.0,249.0,5.656153200664875,3.868172290558774,4.684914582721874,6.763936227740693
2021,P,tier3,fip,623167,Chris Flexen,26.0,0.0,741.0,5.719572541171819,3.937519931334986,4.68065699365921,6.811097534166095
2021,P,tier3,fip,656629,Michael Kopech,25.0,0.0,284.0,4.753433354233495,2.9743313342178177,3.45956012817316,6.185281775770329
2021,P,tier3,fip,642121,Cole Sulser,31.0,97.0,256.0,4.7678608792850055,3.030049957699599,4.040551602475536,5.5608300866334925
2021,P,tier3,fip,571927,Steven Matz,30.0,141.0,647.0,5.556569289821926,3.8367802790782677,4.748449771628271,6.4649300339877644
2021,P,tier3,fip,608665,Kendall Graveman,30.0,77.0,221.0,4.891069613000803,3.1838093561958396,4.106924033493184,5.694013651067034
2021,P,tier3,fip,543339,Daniel Hudson,34.0,91.0,209.0,4.874566249694367,3.2001688032004485,4.135781660485374,5.656170902388285
2021,P,tier3,fip,608716,Drew Steckenrider,30.0,0.0,264.0,4.97973993187528,3.308193592649042,3.9011615988424664,6.231875981834073
2021,P,tier3,fip,543135,Nathan Eovaldi,31.0,198.0,761.0,4.463871963443628,2.8081890898077493,3.8171230318041376,5.11813010809754
2021,P,tier3,fip,623149,Paul Sewald,31.0,35.0,258.0,4.521706388227617,2.894781373868888,3.806781043967181,5.3371590402794356
2021,P,tier3,fip,592644,Adam Plutko,29.0,115.0,253.0,5.512271780145364,7.124849085697108,4.772392254389372,6.327172515578991
2021,P,tier3,fip,669203,Corbin Burnes,26.0,240.0,656.0,3.2775322107894604,1.6806014862215028,2.747185741289446,3.8053937353623537
2021,P,tier3,fip,543272,Brad Hand,31.0,84.0,271.0,2.863979691441304,4.441173126446207,2.229774124851561,3.535615692494959
2021,P,tier3,fip,660761,José Suarez,23.0,23.0,410.0,5.698925727809332,4.1347778791982615,4.8244173196216185,6.697421228410648
2021,P,tier3,fip,518774,Matt Harvey,32.0,65.0,579.0,6.1727755271802,4.629445312928402,5.2675311134249725,7.30172257630494
2021,P,tier3,fip,642528,Jonathan Loáisiga,26.0,97.0,281.0,4.166467309795523,2.625184019268616,3.4866169506212175,4.835121403372066
2021,P,tier3,fip,543101,Anthony DeSclafani,31.0,158.0,669.0,5.183592905613361,3.6489471011546586,4.534265241724734,5.9327873535343345
2021,P,tier3,fip,656954,Justus Sheffield,25.0,232.0,383.0,4.137230721799544,5.671805799586474,3.5564506452307683,4.704478442869476
2021,P,tier3,fip,571901,Aaron Loup,33.0,93.0,217.0,3.998105804277166,2.49599423014542,3.3226593186486775,4.681051600994558
2021,P,tier3,fip,677976,Randy Dobnak,26.0,198.0,227.0,4.247257179690466,5.745839431383809,3.7526198816826124,4.791635693401596
2021,P,tier3,fip,605280,Clay Holmes,28.0,6.0,289.0,4.724117176231142,3.2480950704815537,3.992054112044365,5.433079241133864
2021,P,tier3,fip,666200,Jesús Luzardo,23.0,246.0,434.0,4.028699872066434,5.495747418133902,3.406626889862855,4.660358318391816
2022,H,marcel,woba,518735,Yasmani Grandal,33.0,374.0,375.0,0.3647836405438935,0.263144,,
2022,H,marcel,woba,544725,Leury García,31.0,465.0,313.0,0.31194501130344315,0.22126198083067092,,
2022,H,marcel,woba,665506,Cristian Pache,23.0,66.0,257.0,0.29737492615468475,0.20738521400778212,,
2022,H,marcel,woba,672695,Geraldo Perdomo,22.0,35.0,488.0,0.3376344981297207,0.2529713114754098,,
2022,H,marcel,woba,668731,Akil Baddoo,23.0,460.0,225.0,0.3409002300372325,0.25653777777777775,,
2022,H,marcel,woba,570731,Jonathan Schoop,30.0,674.0,509.0,0.3296599582560836,0.24543418467583497,,
2022,H,marcel,woba,643524,Frank Schwindel,30.0,257.0,291.0,0.3608590487508818,0.27787285223367697,,
2022,H,marcel,woba,592450,Aaron Judge,30.0,631.0,673.0,0.37769661972655943,0.45822882615156024,,
2022,H,marcel,woba,656541,Sam Hilliard,28.0,235.0,200.0,0.33144634582944466,0.25105,,
2022,H,marcel,woba,660162,Yoán Moncada,27.0,615.0,430.0,0.3549532104282931,0.27470930232558144,,
2022,H,marcel,woba,405395,Albert Pujols,42.0,293.0,350.0,0.3006783223896057,0.37989999999999996,,
2022,H,marcel,woba,541645,Avisaíl García,31.0,510.0,380.0,0.33505569041191924,0.25844736842105265,,
2022,H,marcel,woba,657557,Paul DeJong,28.0,402.0,237.0,0.31692029541255223,0.2406835443037975,,
2022,H,marcel,woba,642350,Jose Siri,26.0,49.0,325.0,0.3431082461841923,0.2682061538461538,,
2022,H,marcel,woba,665120,Jared Walsh,28.0,579.0,450.0,0.3530403882868354,0.2782466666666667,,
2022,H,marcel,woba,614177,Franmil Reyes,26.0,463.0,473.0,0.35452064757388424,0.2797737843551797,,
2022,H,marcel,woba,543543,Brad Miller,32.0,375.0,241.0,0.3377503613561385,0.26305809128630697,,
2022,H,marcel,woba,641553,Adam Engel,30.0,140.0,259.0,0.3308196508316599,0.2563088803088803,,
2022,H,marcel,woba,542340,Jonathan Villar,31.0,501.0,219.0,0.3219179901423745,0.24987671232876707,,
2022,H,marcel,woba,663611,Nick Madrigal,25.0,215.0,226.0,0.3384074603078996,0.2673141592920354,,
2022,H,marcel,woba,592696,Eddie Rosario,30.0,410.0,270.0,0.3293419679925401,0.25831851851851856,,
2022,H,marcel,woba,443558,Nelson Cruz,41.0,570.0,503.0,0.3611118349197548,0.2916182902584493,,
2022,H,marcel,woba,594777,Kole Calhoun,34.0,182.0,424.0,0.3293903300260107,0.2602783018867925,,
2022,H,marcel,woba,608385,Jesse Winker,28.0,484.0,546.0,0.3817294977351307,0.31273626373626373,,
2022,H,marcel,woba,664728,Kyle Isbel,25.0,83.0,277.0,0.3339095761821733,0.2653357400722022,,
2022,H,marcel,woba,643289,Mauricio Dubón,27.0,185.0,262.0,0.31443056327342556,0.24800763358778627,,
2022,H,marcel,woba,455139,Robinson Chirinos,38.0,111.0,219.0,0.3176975936018465,0.2513972602739725,,
2022,H,marcel,woba,573131,Darin Ruf,35.0,310.0,388.0,0.35657266911609653,0.2913118556701031,,
2022,H,marcel,woba,647351,Abraham Toro,25.0,375.0,351.0,0.31149489084370113,0.24628774928774927,,
2022,H,marcel,woba,656669,Jordan Luplow,28.0,193.0,233.0,0.34607303696453473,0.281,,
2022,H,marcel,woba,608336,Joey Gallo,28.0,611.0,410.0,0.3505366319193331,0.2860243902439024,,
2022,H,marcel,woba,592206,Nick Castellanos,30.0,580.0,558.0,0.3675701829507182,0.3042222222222222,,
2022,H,marcel,woba,606157,Aristides Aquino,28.0,202.0,276.0,0.3297077717108593,0.2665869565217391,,
2022,H,marcel,woba,660670,Ronald Acuña Jr.,24.0,358.0,529.0,0.3977821666955609,0.33543478260869564,,
2022,H,marcel,woba,600869,Jeimer Candelario,28.0,625.0,466.0,0.33877640223615674,0.27720171673819743,,
2022,H,marcel,woba,664040,Brandon Lowe,27.0,611.0,266.0,0.367261382539711,0.3061616541353383,,
2022,H,marcel,woba,606466,Ketel Marte,28.0,371.0,555.0,0.3781849234172642,0.3170882882882883,,
2022,H,marcel,woba,425877,Yadier Molina,39.0,471.0,270.0,0.29514457618559914,0.2346111111111111,,
2022,H,marcel,woba,474832,Brandon Belt,34.0,378.0,296.0,0.3634521178016774,0.3033277027027027,,
2022,H,marcel,woba,670032,Nicky Lopez,27.0,553.0,470.0,0.3105187178809433,0.2505723404255319,,
2022,H,tier2,woba,518735,Yasmani Grandal,33.0,374.0,375.0,0.3703348781503513,0.263144,0.34410824063984596,0.3975126970182888
2022,H,tier2,woba,405395,Albert Pujols,42.0,293.0,350.0,0.29592007032629497,0.37989999999999996,0.2662826811222013,0.3303758730474031
2022,H,tier2,woba,657557,Paul DeJong,28.0,402.0,237.0,0.32190098765930963,0.2406835443037975,0.2960512212097045,0.34704347089265486
2022,H,tier2,woba,643524,Frank Schwindel,30.0,257.0,291.0,0.3582245210021511,0.27787285223367697,0.3226174142918487,0.39454607358868
2022,H,tier2,woba,660670,Ronald Acuña Jr.,24.0,358.0,529.0,0.4149358449548795,0.33543478260869564,0.38275649698370123,0.4470331543187972
2022,H,tier2,woba,544725,Leury García,31.0,465.0,313.0,0.2994164835724596,0.22126198083067092,0.2818596480080608,0.3174809787614958
2022,H,tier2,woba,570731,Jonathan Schoop,30.0,674.0,509.0,0.32351080360077333,0.24543418467583497,0.30179473511385224,0.34632377158652905
2022,H,tier2,woba,541645,Avisaíl García,31.0,510.0,380.0,0.3362396321033884,0.25844736842105265,0.3128761927549153,0.3601894133768791
2022,H,tier2,woba,672695,Geraldo Perdomo,22.0,35.0,488.0,0.3297451648008817,0.2529713114754098,0.2851883355011083,0.37584043119478777
2022,H,tier2,woba,572204,Trayce Thompson,31.0,35.0,255.0,0.2935782832838371,0.37031764705882353,0.2450477959734396,0.3449450913498489
2022,H,tier2,woba,608385,Jesse Winker,28.0,484.0,546.0,0.3884707426402687,0.31273626373626373,0.36031404785122534,0.4181364313539683
2022,H,tier2,woba,592696,Eddie Rosario,30.0,410.0,270.0,0.33404769740598717,0.25831851851851856,0.306963681295783,0.3617638310073225
2022,H,tier2,woba,656541,Sam Hilliard,28.0,235.0,200.0,0.3245361046797661,0.25105,0.2917911941942433,0.35873931859605906
2022,H,tier2,woba,614177,Franmil Reyes,26.0,463.0,473.0,0.35215234690352704,0.2797737843551797,0.3240329973447607,0.3797198523763041
2022,H,tier2,woba,660162,Yoán Moncada,27.0,615.0,430.0,0.3463389476570873,0.27470930232558144,0.32733857667866234,0.36427232589209474
2022,H,tier2,woba,592206,Nick Castellanos,30.0,580.0,558.0,0.37540238213711274,0.3042222222222222,0.3491826588325054,0.4020045760435909
2022,H,tier2,woba,647351,Abraham Toro,25.0,375.0,351.0,0.31694514741232693,0.24628774928774927,0.28830289249402524,0.34691468840393186
2022,H,tier2,woba,663728,Cal Raleigh,25.0,148.0,415.0,0.25930289565510645,0.3298963855421687,0.22740605220119123,0.29210976010989653
2022,H,tier2,woba,608336,Joey Gallo,28.0,611.0,410.0,0.3546676717359304,0.2860243902439024,0.3302910146083947,0.38075404538784857
2022,H,tier2,woba,663611,Nick Madrigal,25.0,215.0,226.0,0.3355786961227211,0.2673141592920354,0.30849640229824216,0.3634850245856357
2022,H,tier2,woba,664040,Brandon Lowe,27.0,611.0,266.0,0.37377595395420027,0.3061616541353383,0.34694903689717665,0.40051794276460373
2022,H,tier2,woba,664874,Seby Zavala,28.0,100.0,202.0,0.25718131341321704,0.3234504950495049,0.21893887843950455,0.29844392301538486
2022,H,tier2,woba,668731,Akil Baddoo,23.0,460.0,225.0,0.32262957500753925,0.25653777777777775,0.29782849866351896,0.3491977768594726
2022,H,tier2,woba,656669,Jordan Luplow,28.0,193.0,233.0,0.3456424963908275,0.281,0.3114213838395968,0.38190703352384503
2022,H,tier2,woba,592450,Aaron Judge,30.0,631.0,673.0,0.3939293188339042,0.45822882615156024,0.3669687540339921,0.4207251799709013
2022,H,tier2,woba,592273,Brandon Drury,29.0,88.0,568.0,0.28715479501528174,0.3495616197183099,0.2603084371272034,0.3141034193637918
2022,H,tier2,woba,665120,Jared Walsh,28.0,579.0,450.0,0.3404632729310624,0.2782466666666667,0.3149151402235967,0.3676073052254259
2022,H,tier2,woba,542340,Jonathan Villar,31.0,501.0,219.0,0.31073066084467543,0.24987671232876707,0.29046422500104485,0.33236259441412924
2022,H,tier2,woba,502671,Paul Goldschmidt,34.0,677.0,648.0,0.35895269061545876,0.41933796296296294,0.336866205104328,0.3814405871692459
2022,H,tier2,woba,443558,Nelson Cruz,41.0,570.0,503.0,0.3518965314181257,0.2916182902584493,0.3246632876908169,0.3820298707857693
2022,H,tier2,woba,594777,Kole Calhoun,34.0,182.0,424.0,0.3203778385479082,0.2602783018867925,0.2901788373831586,0.3516747361214109
2022,H,tier2,woba,665742,Juan Soto,23.0,631.0,657.0,0.4345244552850439,0.375896499238965,0.4054097032330238,0.46632113225341604
2022,H,tier2,woba,543543,Brad Miller,32.0,375.0,241.0,0.3211497925845143,0.26305809128630697,0.2970393708424355,0.3484667385616853
2022,H,tier2,woba,643289,Mauricio Dubón,27.0,185.0,262.0,0.30594485063046584,0.24800763358778627,0.2796783415287831,0.3335804577263191
2022,H,tier2,woba,665926,Andrés Giménez,23.0,209.0,549.0,0.30689165182210865,0.36408561020036434,0.27794144070562404,0.33805669501327124
2022,H,tier2,woba,474832,Brandon Belt,34.0,378.0,296.0,0.36022516150636896,0.3033277027027027,0.33110961313396353,0.3893463722796251
2022,H,tier2,woba,621493,Taylor Ward,28.0,235.0,564.0,0.30612276273832906,0.36196453900709225,0.2798611132328873,0.3345482775998251
2022,H,tier2,woba,665862,Jazz Chisholm Jr.,24.0,505.0,240.0,0.3094154072004419,0.3651458333333333,0.2846790779260773,0.3354814581196049
2022,H,tier2,woba,642350,Jose Siri,26.0,49.0,325.0,0.32353687162145406,0.2682061538461538,0.26919465577515284,0.38271408243016536
2022,H,tier2,woba,571970,Max Muncy,31.0,587.0,564.0,0.3727509873352649,0.31795035460992904,0.34454222317762,0.404059355176147
2022,H,tier3,woba,518735,Yasmani Grandal,33.0,374.0,375.0,0.377381120771692,0.263144,0.3476276266346222,0.40871859127254917
2022,H,tier3,woba,405395,Albert Pujols,42.0,293.0,350.0,0.28212388450657194,0.37989999999999996,0.24656541922420439,0.3200180001817393
2022,H,tier3,woba,660670,Ronald Acuña Jr.,24.0,358.0,529.0,0.4305294417193419,0.33543478260869564,0.3914725492867153,0.46955644049294165
2022,H,tier3,woba,608385,Jesse Winker,28.0,484.0,546.0,0.40329585951380004,0.31273626373626373,0.3652945806176864,0.44202660543952027
2022,H,tier3,woba,458015,Joey Votto,38.0,527.0,376.0,0.3994041932746467,0.30965691489361696,0.36395026929832613,0.433538224836525
2022,H,tier3,woba,541645,Avisaíl García,31.0,510.0,380.0,0.34426045421978413,0.25844736842105265,0.3129772742177986,0.3778424627638072
2022,H,tier3,woba,665489,Vladimir Guerrero Jr.,23.0,691.0,700.0,0.4372257629533635,0.3515128571428572,0.396718160819541,0.4813881540472821
2022,H,tier3,woba,474832,Brandon Belt,34.0,378.0,296.0,0.3807206997467242,0.3033277027027027,0.34581696405377665,0.41695055097391653
2022,H,tier3,woba,647351,Abraham Toro,25.0,375.0,351.0,0.323443312387934,0.24628774928774927,0.2909559579408244,0.3575985739212076
2022,H,tier3,woba,664874,Seby Zavala,28.0,100.0,202.0,0.24631150425855486,0.3234504950495049,0.2109870136098203,0.28232607012577304
2022,H,tier3,woba,614177,Franmil Reyes,26.0,463.0,473.0,0.3551363300467351,0.2797737843551797,0.32062883295282585,0.38930520223290566
2022,H,tier3,woba,592206,Nick Castellanos,30.0,580.0,558.0,0.37933650903512073,0.3042222222222222,0.3442271853174078,0.4166703840264085
2022,H,tier3,woba,642350,Jose Siri,26.0,49.0,325.0,0.3416707539095097,0.2682061538461538,0.2840253973843616,0.4038138948325198
2022,H,tier3,woba,665742,Juan Soto,23.0,631.0,657.0,0.449164074187712,0.375896499238965,0.4115294469196463,0.4870019614664698
2022,H,tier3,woba,643524,Frank Schwindel,30.0,257.0,291.0,0.3503911616847726,0.27787285223367697,0.31443360314791036,0.390635143584827
2022,H,tier3,woba,544725,Leury García,31.0,465.0,313.0,0.2937253366413457,0.22126198083067092,0.27283165199907367,0.3161822602762255
2022,H,tier3,woba,606466,Ketel Marte,28.0,371.0,555.0,0.3887922105007524,0.3170882882882883,0.3561494985114963,0.4217085431432145
2022,H,tier3,woba,656541,Sam Hilliard,28.0,235.0,200.0,0.3222798112983189,0.25105,0.2886888126764388,0.35730400692378955
2022,H,tier3,woba,608369,Corey Seager,28.0,407.0,656.0,0.4023187695936715,0.3312926829268293,0.3659122846864734,0.44046035297439623
2022,H,tier3,woba,657557,Paul DeJong,28.0,402.0,237.0,0.3108817199683832,0.2406835443037975,0.2820507513596662,0.34036344975752825
2022,H,tier3,woba,668731,Akil Baddoo,23.0,460.0,225.0,0.3262079438088764,0.25653777777777775,0.29918677072007277,0.3540174190029519
2022,H,tier3,woba,663743,Nick Fortes,25.0,34.0,240.0,0.37678440636617994,0.30780416666666677,0.31828899150787937,0.44047078302253984
2022,H,tier3,woba,518626,Josh Donaldson,36.0,541.0,545.0,0.3702449900950661,0.3015724770642202,0.3391663454269389,0.4018419322220791
2022,H,tier3,woba,665926,Andrés Giménez,23.0,209.0,549.0,0.29659162956518426,0.36408561020036434,0.2681278549068644,0.32488324944637176
2022,H,tier3,woba,570731,Jonathan Schoop,30.0,674.0,509.0,0.3123376867400144,0.24543418467583497,0.2877696497551084,0.33751402692744226
2022,H,tier3,woba,660162,Yoán Moncada,27.0,615.0,430.0,0.3404520571028309,0.27470930232558144,0.31626309690421994,0.3643230136771934
2022,H,tier3,woba,663728,Cal Raleigh,25.0,148.0,415.0,0.2647708822464135,0.3298963855421687,0.23488253333623998,0.2961041995934918
2022,H,tier3,woba,543543,Brad Miller,32.0,375.0,241.0,0.32746342122347183,0.26305809128630697,0.297531069293207,0.3574277996710681
2022,H,tier3,woba,571448,Nolan Arenado,31.0,645.0,617.0,0.3168788010120415,0.38101134521880065,0.28573830599113903,0.35128830153333895
2022,H,tier3,woba,592450,Aaron Judge,30.0,631.0,673.0,0.39633552147073453,0.45822882615156024,0.36217403044422164,0.4326174462885939
2022,H,tier3,woba,571970,Max Muncy,31.0,587.0,564.0,0.37964686032907474,0.31795035460992904,0.3430760812718807,0.41847167155724757
2022,H,tier3,woba,600869,Jeimer Candelario,28.0,625.0,466.0,0.3387222193184725,0.27720171673819743,0.31216152555304094,0.36476847464165596
2022,H,tier3,woba,666915,Bobby Dalbec,27.0,452.0,353.0,0.3483296534183151,0.287070821529745,0.31841745271516264,0.38089482537729547
2022,H,tier3,woba,665120,Jared Walsh,28.0,579.0,450.0,0.33908024423380817,0.2782466666666667,0.308109676984275,0.37106239957495657
2022,H,tier3,woba,592696,Eddie Rosario,30.0,410.0,270.0,0.3187894798016785,0.25831851851851856,0.28727307720872675,0.3505370865853713
2022,H,tier3,woba,672695,Geraldo Perdomo,22.0,35.0,488.0,0.31291389251070617,0.2529713114754098,0.27249897544796836,0.356133093491213
2022,H,tier3,woba,573131,Darin Ruf,35.0,310.0,388.0,0.35052829716829126,0.2913118556701031,0.3180751699219646,0.3840478624662665
2022,H,tier3,woba,641553,Adam Engel,30.0,140.0,259.0,0.3152392360345508,0.2563088803088803,0.2833570156361659,0.34703005426944744
2022,H,tier3,woba,664040,Brandon Lowe,27.0,611.0,266.0,0.3633793984726835,0.3061616541353383,0.33245691807239103,0.3960043473027089
2022,H,tier3,woba,543063,Brandon Crawford,35.0,543.0,455.0,0.34606156569208624,0.28888131868131867,0.315537126594814,0.37928800289730846
2022,P,marcel,fip,625643,Reynaldo López,28.0,222.0,249.0,4.519921129159076,1.9210227170434206,,
2022,P,marcel,fip,641729,Joe Jiménez,27.0,209.0,231.0,4.5571383227938576,2.0337478070794353,,
2022,P,marcel,fip,621242,Edwin Díaz,28.0,253.0,234.0,3.4106591035454112,0.8874479968327553,,
2022,P,marcel,fip,621237,José Alvarado,27.0,246.0,209.0,4.221578996675168,1.7141399639421797,,
2022,P,marcel,fip,657024,Erik Swanson,28.0,143.0,203.0,4.308873573460729,1.82253114650216,,
2022,P,marcel,fip,594577,Mike Mayers,30.0,314.0,223.0,3.9354347948727915,6.40209146033021,,
2022,P,marcel,fip,663986,Trevor Stephan,26.0,281.0,262.0,4.511076656983958,2.1245701045848246,,
2022,P,marcel,fip,675911,Spencer Strider,23.0,9.0,527.0,4.095517405189018,1.8391833990377373,,
2022,P,marcel,fip,681911,Alex Vesia,26.0,158.0,224.0,4.236861702439038,2.096432758360561,,
2022,P,marcel,fip,662253,Andrés Muñoz,23.0,4.0,245.0,3.9974001525038334,1.9301278975771723,,
2022,P,marcel,fip,501381,Michael Pineda,33.0,454.0,200.0,4.101067412479534,6.166941084390359,,
2022,P,marcel,fip,623465,Evan Phillips,27.0,57.0,232.0,3.960455503734874,1.9232902907395655,,
2022,P,marcel,fip,650556,Bryan Abreu,25.0,161.0,248.0,4.096000019069462,2.1510373748402407,,
2022,P,marcel,fip,643377,Griffin Jax,27.0,359.0,286.0,4.991644026141415,3.076388088998654,,
2022,P,marcel,fip,519043,Matt Moore,33.0,322.0,302.0,4.714855907793368,2.9292962967455716,,
2022,P,marcel,fip,622694,Elieser Hernández,27.0,221.0,277.0,4.66900472748493,6.386154224191735,,
2022,P,marcel,fip,664854,Ryan Helsley,27.0,203.0,238.0,4.032169760679961,2.3259248840958087,,
2022,P,marcel,fip,660853,Enyel De Los Santos,26.0,166.0,214.0,4.281805738221405,2.601762512961788,,
2022,P,marcel,fip,455119,Chris Martin,36.0,178.0,224.0,3.8343499324439296,2.163369655818931,,
2022,P,marcel,fip,664123,Scott Effross,28.0,58.0,224.0,3.982966243469866,2.3337478070794346,,
2022,P,marcel,fip,672335,Cionel Pérez,26.0,110.0,233.0,4.419245436183694,2.781350663250805,,
2022,P,marcel,fip,501985,Mike Minor,34.0,667.0,451.0,4.470984155252346,6.0944921047985225,,
2022,P,marcel,fip,669373,Tarik Skubal,25.0,633.0,475.0,4.5976550599434844,2.9925380087124958,,
2022,P,marcel,fip,656529,Sam Hentges,25.0,317.0,243.0,4.066860979402267,2.4680931581230783,,
2022,P,marcel,fip,472610,Luis García,35.0,134.0,258.0,4.227195336912025,2.637315791650312,,
2022,P,marcel,fip,593576,Héctor Neris,33.0,306.0,262.0,3.9594052675453666,2.380206390512808,,
2022,P,marcel,fip,548389,Ross Stripling,32.0,430.0,536.0,4.704191339346745,3.145512512961788,,
2022,P,marcel,fip,670167,John Schreiber,28.0,13.0,256.0,4.076240406495943,2.5301278975771724,,
2022,P,marcel,fip,571948,Hoby Milner,31.0,98.0,269.0,4.7283939121074035,3.1919042655391077,,
2022,P,marcel,fip,605347,Jorge López,29.0,552.0,292.0,4.767574466514358,3.2441040622575623,,
2022,P,marcel,fip,676265,Cory Abbott,26.0,81.0,216.0,4.8973682332734105,6.395512512961787,,
2022,P,marcel,fip,434378,Justin Verlander,39.0,0.0,665.0,4.005699371420947,2.522655370104645,,
2022,P,marcel,fip,669276,Dylan Lee,27.0,9.0,200.0,4.105229372409672,2.6323546182249458,,
2022,P,marcel,fip,593974,Wandy Peralta,30.0,218.0,220.0,4.301097194362287,2.8437373650327937,,
2022,P,marcel,fip,573204,Caleb Thielbar,35.0,262.0,244.0,3.8399207663301533,2.403939479253923,,
2022,P,marcel,fip,656353,Tucker Davidson,26.0,82.0,243.0,4.3855621243982075,5.818589436038712,,
2022,P,marcel,fip,671345,Jason Foley,26.0,45.0,255.0,4.228339376398379,2.7974462146192463,,
2022,P,marcel,fip,669145,Bruce Zimmermann,27.0,284.0,319.0,4.662880292298206,6.0912138704278505,,
2022,P,marcel,fip,606160,Rafael Montero,31.0,223.0,267.0,3.9766560388363503,2.589414951986178,,
2022,P,marcel,fip,621345,A.J. Minter,28.0,220.0,269.0,3.534358016416831,2.159798227247502,,
2022,P,tier2,fip,675911,Spencer Strider,23.0,9.0,527.0,4.692301436830635,1.8391833990377373,3.8558977810997663,5.538494273538094
2022,P,tier2,fip,657024,Erik Swanson,28.0,143.0,203.0,4.432820842158577,1.82253114650216,3.7592598795339196,5.071123063066349
2022,P,tier2,fip,641729,Joe Jiménez,27.0,209.0,231.0,4.501346164647229,2.0337478070794353,3.879400945870239,5.102189912832416
2022,P,tier2,fip,623465,Evan Phillips,27.0,57.0,232.0,4.366716007710535,1.9232902907395655,3.6939055359443396,5.009946072465471
2022,P,tier2,fip,672335,Cionel Pérez,26.0,110.0,233.0,5.221719954189383,2.781350663250805,4.478454668888868,6.033717893547089
2022,P,tier2,fip,625643,Reynaldo López,28.0,222.0,249.0,4.354703050374645,1.9210227170434206,3.8386022413626573,4.845879647268333
2022,P,tier2,fip,621237,José Alvarado,27.0,246.0,209.0,4.141154206577029,1.7141399639421797,3.5719284110574963,4.723452323911453
2022,P,tier2,fip,650556,Bryan Abreu,25.0,161.0,248.0,4.512246595322488,2.1510373748402407,3.894638326328647,5.154412672007422
2022,P,tier2,fip,594577,Mike Mayers,30.0,314.0,223.0,4.0652533838044995,6.40209146033021,3.4615395467840377,4.6704571150279905
2022,P,tier2,fip,663986,Trevor Stephan,26.0,281.0,262.0,4.431094984559077,2.1245701045848246,3.809406045543648,5.069913398496918
2022,P,tier2,fip,519043,Matt Moore,33.0,322.0,302.0,5.199060646114323,2.9292962967455716,4.692837749490398,5.711746918564231
2022,P,tier2,fip,671345,Jason Foley,26.0,45.0,255.0,4.967873888034412,2.7974462146192463,4.1345949883818065,5.767082161093915
2022,P,tier2,fip,621242,Edwin Díaz,28.0,253.0,234.0,3.0134970117982056,0.8874479968327553,2.4448434778368364,3.5700200896144736
2022,P,tier2,fip,643377,Griffin Jax,27.0,359.0,286.0,5.188907285691945,3.076388088998654,4.609952707338338,5.794688727680005
2022,P,tier2,fip,641329,Bryan Baker,27.0,4.0,290.0,4.7219900262499355,2.7292445703780555,3.7299506724986036,5.633055937960419
2022,P,tier2,fip,605347,Jorge López,29.0,552.0,292.0,5.210904615024674,3.2441040622575623,4.76010699036357,5.656567086613731
2022,P,tier2,fip,681911,Alex Vesia,26.0,158.0,224.0,4.029846376170169,2.096432758360561,3.317351802464999,4.753702023398132
2022,P,tier2,fip,662253,Andrés Muñoz,23.0,4.0,245.0,3.8510596233919907,1.9301278975771723,2.8516913336056686,4.823838436657331
2022,P,tier2,fip,656529,Sam Hentges,25.0,317.0,243.0,4.374341820238966,2.4680931581230783,3.8401331166843984,4.928403312483259
2022,P,tier2,fip,664854,Ryan Helsley,27.0,203.0,238.0,4.2047720625153255,2.3259248840958087,3.7147711269129964,4.717445206429816
2022,P,tier2,fip,593974,Wandy Peralta,30.0,218.0,220.0,4.650410445594409,2.8437373650327937,4.155233082667953,5.1930503779956325
2022,P,tier2,fip,606160,Rafael Montero,31.0,223.0,267.0,4.3857942006213655,2.589414951986178,3.8715434295268936,4.878800592270867
2022,P,tier2,fip,656793,Nick Nelson,26.0,78.0,306.0,4.860311430800117,3.072696978981205,4.103247692776354,5.5819124979722945
2022,P,tier2,fip,622694,Elieser Hernández,27.0,221.0,277.0,4.601356467984882,6.386154224191735,3.9836936587771303,5.259758125272437
2022,P,tier2,fip,623474,Jimmy Herget,28.0,77.0,261.0,4.5041426421104855,2.725222657889324,3.890202288678907,5.137881332729706
2022,P,tier2,fip,657140,Kyle Wright,26.0,34.0,737.0,5.369497052946271,3.6168618660116953,4.622149526620533,6.064651324470119
2022,P,tier2,fip,455119,Chris Martin,36.0,178.0,224.0,3.892763395044771,2.163369655818931,3.370149656080653,4.431824506392654
2022,P,tier2,fip,656271,Brock Burke,25.0,0.0,323.0,5.010566006986814,3.291261500816039,4.235336588644563,5.730955837597038
2022,P,tier2,fip,621249,Duane Underwood Jr.,27.0,319.0,258.0,4.598097909751507,2.90132646645016,3.997724988752688,5.19156854191666
2022,P,tier2,fip,501381,Michael Pineda,33.0,454.0,200.0,4.491195433148213,6.166941084390359,4.062718205696372,4.920213807345913
2022,P,tier2,fip,660853,Enyel De Los Santos,26.0,166.0,214.0,4.26097969856484,2.601762512961788,3.5921172603601565,4.965912562596546
2022,P,tier2,fip,669276,Dylan Lee,27.0,9.0,200.0,4.280519388458635,2.6323546182249458,3.294918900849836,5.161077961992872
2022,P,tier2,fip,571479,Andrew Bellatti,30.0,19.0,229.0,4.497261460255996,2.8510339853544253,3.5708630961453407,5.461874032234941
2022,P,tier2,fip,669373,Tarik Skubal,25.0,633.0,475.0,4.591749323125727,2.9925380087124958,4.025136749218306,5.152263018156957
2022,P,tier2,fip,501985,Mike Minor,34.0,667.0,451.0,4.501788058897942,6.0944921047985225,4.0188668003803745,4.9557400485649765
2022,P,tier2,fip,573009,Joe Mantiply,31.0,173.0,242.0,4.445557815309056,2.8621791796284546,3.8386337379472755,5.0627861609983045
2022,P,tier2,fip,642701,Dennis Santana,26.0,234.0,254.0,4.891137910636662,3.3330125129617874,4.306705908923516,5.508798391608672
2022,P,tier2,fip,664123,Scott Effross,28.0,58.0,224.0,3.88019426167231,2.3337478070794346,3.0562425031874065,4.715474519722747
2022,P,tier2,fip,453268,Daniel Bard,37.0,302.0,244.0,4.380062081967805,2.847169971525324,3.8631566973147415,4.928949509775994
2022,P,tier2,fip,502171,Alex Cobb,34.0,392.0,629.0,4.349924477067866,2.8314813325608967,3.8831958054154394,4.817722946502107
2022,P,tier3,fip,675911,Spencer Strider,23.0,9.0,527.0,4.821698256988566,1.8391833990377373,3.9230482432744096,5.714580954639061
2022,P,tier3,fip,663986,Trevor Stephan,26.0,281.0,262.0,5.099135055040869,2.1245701045848246,4.3943202602646805,5.805500304421541
2022,P,tier3,fip,625643,Reynaldo López,28.0,222.0,249.0,4.64822389900796,1.9210227170434206,4.065130206732193,5.20812552496569
2022,P,tier3,fip,657024,Erik Swanson,28.0,143.0,203.0,4.5489586915297675,1.82253114650216,3.866755543996045,5.286847377251958
2022,P,tier3,fip,641729,Joe Jiménez,27.0,209.0,231.0,4.582319340459256,2.0337478070794353,3.9685654120540876,5.225757132935225
2022,P,tier3,fip,643377,Griffin Jax,27.0,359.0,286.0,5.581531416862775,3.076388088998654,4.949778393400792,6.250935632764691
2022,P,tier3,fip,657140,Kyle Wright,26.0,34.0,737.0,6.114187658810624,3.6168618660116953,5.209254234347701,7.116409215907887
2022,P,tier3,fip,519043,Matt Moore,33.0,322.0,302.0,5.402433449213975,2.9292962967455716,4.734967455710269,6.099565512703741
2022,P,tier3,fip,594577,Mike Mayers,30.0,314.0,223.0,3.9432370328946313,6.40209146033021,3.4012484079294962,4.518165394452881
2022,P,tier3,fip,571948,Hoby Milner,31.0,98.0,269.0,5.610270384868662,3.1919042655391077,4.611987934124531,6.744049768874449
2022,P,tier3,fip,681911,Alex Vesia,26.0,158.0,224.0,4.459956565712207,2.096432758360561,3.69332550377919,5.311061741427511
2022,P,tier3,fip,660853,Enyel De Los Santos,26.0,166.0,214.0,4.902975643952452,2.601762512961788,4.099235554845561,5.789845932795357
2022,P,tier3,fip,621237,José Alvarado,27.0,246.0,209.0,4.003911790412932,1.7141399639421797,3.462064052148142,4.551929700218939
2022,P,tier3,fip,623465,Evan Phillips,27.0,57.0,232.0,4.180462533013182,1.9232902907395655,3.5297214131605914,4.87653767858665
2022,P,tier3,fip,672335,Cionel Pérez,26.0,110.0,233.0,5.0026597542896765,2.781350663250805,4.206835812474977,5.838568933769843
2022,P,tier3,fip,650556,Bryan Abreu,25.0,161.0,248.0,4.362132544336009,2.1510373748402407,3.713251117968109,5.043597054740589
2022,P,tier3,fip,669373,Tarik Skubal,25.0,633.0,475.0,5.089705234586215,2.9925380087124958,4.56942805791411,5.650393116877811
2022,P,tier3,fip,605347,Jorge López,29.0,552.0,292.0,5.329934913414579,3.2441040622575623,4.820549216265576,5.835895546495733
2022,P,tier3,fip,592716,Adrian Sampson,30.0,144.0,428.0,5.897804045104539,3.826023695070414,5.009640632140297,6.872225194585862
2022,P,tier3,fip,671345,Jason Foley,26.0,45.0,255.0,4.86345352812425,2.7974462146192463,3.977219994685741,5.797324394809703
2022,P,tier3,fip,656529,Sam Hentges,25.0,317.0,243.0,4.505073296449245,2.4680931581230783,3.992561512390342,5.033677602559989
2022,P,tier3,fip,662253,Andrés Muñoz,23.0,4.0,245.0,3.9668025558772055,1.9301278975771723,2.806389469091941,5.1474564741563
2022,P,tier3,fip,665152,Dean Kremer,26.0,245.0,510.0,5.854196687871467,3.8316827257277453,5.071165386660555,6.6793340744429495
2022,P,tier3,fip,641329,Bryan Baker,27.0,4.0,290.0,4.728373764288984,2.7292445703780555,3.6634324183905878,5.890352461673451
2022,P,tier3,fip,669276,Dylan Lee,27.0,9.0,200.0,4.538087478813032,2.6323546182249458,3.4862287076070095,5.637087562113668
2022,P,tier3,fip,664854,Ryan Helsley,27.0,203.0,238.0,4.229411307426264,2.3259248840958087,3.6942332199152843,4.787857339522589
2022,P,tier3,fip,542888,Shawn Armstrong,31.0,165.0,266.0,5.3077067990134585,3.4049719724212473,4.531403277268579,6.094463598599471
2022,P,tier3,fip,656271,Brock Burke,25.0,0.0,323.0,5.139797175292276,3.291261500816039,4.227672017598987,6.147148671116193
2022,P,tier3,fip,621242,Edwin Díaz,28.0,253.0,234.0,2.728961022729998,0.8874479968327553,2.2591577646587595,3.2337881484149396
2022,P,tier3,fip,548389,Ross Stripling,32.0,430.0,536.0,4.980447371988847,3.145512512961788,4.435030494066378,5.603736819564452
2022,P,tier3,fip,501381,Michael Pineda,33.0,454.0,200.0,4.451849728600337,6.166941084390359,3.978612167485026,4.95655213288319
2022,P,tier3,fip,593974,Wandy Peralta,30.0,218.0,220.0,4.552717827311656,2.8437373650327937,4.000794731328471,5.1483634113752865
2022,P,tier3,fip,606160,Rafael Montero,31.0,223.0,267.0,4.27562503920417,2.589414951986178,3.766389934515396,4.805618954500155
2022,P,tier3,fip,656793,Nick Nelson,26.0,78.0,306.0,4.746637173913547,3.072696978981205,3.8812496393477254,5.614613262532652
2022,P,tier3,fip,657093,Spenser Watkins,29.0,254.0,459.0,5.943028801373581,4.275259348404825,5.174755633859435,6.766228537619832
2022,P,tier3,fip,573204,Caleb Thielbar,35.0,262.0,244.0,4.067648695508567,2.403939479253923,3.4448385967530752,4.67507038954483
2022,P,tier3,fip,455119,Chris Martin,36.0,178.0,224.0,3.786730546887315,2.163369655818931,3.251267367246517,4.388204032065699
2022,P,tier3,fip,571479,Andrew Bellatti,30.0,19.0,229.0,4.458184790473359,2.8510339853544253,3.4633941851242365,5.505523584777023
2022,P,tier3,fip,664123,Scott Effross,28.0,58.0,224.0,3.9319117836562825,2.3337478070794346,3.0859908633360966,4.7989042546965255
2022,P,tier3,fip,527048,Martín Pérez,31.0,506.0,816.0,4.882887932287906,3.298313871196083,4.4020136605577385,5.398800947363151
2023,H,marcel,woba,543939,Kolten Wong,32.0,493.0,250.0,0.32522916409747427,0.236044,,
2023,H,marcel,woba,666134,Nolan Jones,25.0,93.0,421.0,0.3114393905826469,0.39508551068883613,,
2023,H,marcel,woba,641355,Cody Bellinger,27.0,550.0,553.0,0.2876832590512834,0.3703110307414104,,
2023,H,marcel,woba,606992,Eric Haase,30.0,350.0,291.0,0.31410689306997547,0.2328487972508591,,
2023,H,marcel,woba,641313,Tim Anderson,30.0,350.0,524.0,0.33470071255600325,0.25974809160305345,,
2023,H,marcel,woba,666181,Will Benson,25.0,60.0,329.0,0.29541591021340474,0.36947416413373857,,
2023,H,marcel,woba,516416,Jean Segura,33.0,386.0,324.0,0.32291795969600834,0.24964814814814815,,
2023,H,marcel,woba,608369,Corey Seager,29.0,656.0,527.0,0.34704878130541716,0.41868500948766607,,
2023,H,marcel,woba,660271,Shohei Ohtani,28.0,652.0,573.0,0.36367284046113235,0.4335584642233856,,
2023,H,marcel,woba,663743,Nick Fortes,26.0,240.0,320.0,0.31909709398637864,0.25071875,,
2023,H,marcel,woba,668904,Royce Lewis,24.0,41.0,239.0,0.3254749780914356,0.3927824267782427,,
2023,H,marcel,woba,665828,Oswaldo Cabrera,24.0,170.0,326.0,0.32183889961876444,0.25570858895705517,,
2023,H,marcel,woba,621566,Matt Olson,29.0,693.0,712.0,0.34700265652700213,0.41283005617977525,,
2023,H,marcel,woba,542303,Marcell Ozuna,32.0,507.0,591.0,0.3164632580948805,0.38102199661590525,,
2023,H,marcel,woba,680777,Ryan Jeffers,26.0,235.0,330.0,0.3045569855978161,0.36900000000000005,,
2023,H,marcel,woba,516782,Starling Marte,34.0,505.0,338.0,0.3421314136359427,0.2779289940828402,,
2023,H,marcel,woba,621563,Joey Wendle,33.0,370.0,315.0,0.3050608110731222,0.24192063492063492,,
2023,H,marcel,woba,660670,Ronald Acuña Jr.,25.0,529.0,732.0,0.3654958451640095,0.4277008196721312,,
2023,H,marcel,woba,670242,Matt Wallner,25.0,64.0,253.0,0.31512464823691255,0.37699604743083015,,
2023,H,marcel,woba,543063,Brandon Crawford,36.0,455.0,318.0,0.32185404556264474,0.2602672955974843,,
2023,H,marcel,woba,650490,Yandy Díaz,31.0,556.0,600.0,0.34071450690130833,0.40184,,
2023,H,marcel,woba,665155,Nick Maton,26.0,85.0,291.0,0.32826537559282093,0.2684398625429554,,
2023,H,marcel,woba,680776,Jarren Duran,26.0,223.0,360.0,0.29431214568392966,0.3537055555555555,,
2023,H,marcel,woba,666160,Mickey Moniak,25.0,111.0,322.0,0.27985216816145936,0.3391739130434782,,
2023,H,marcel,woba,657757,Gavin Sheets,27.0,410.0,342.0,0.31907216076301503,0.2610263157894737,,
2023,H,marcel,woba,670042,Luke Raley,28.0,72.0,405.0,0.29476132586773157,0.3526,,
2023,H,marcel,woba,665487,Fernando Tatis Jr.,24.0,0.0,634.0,0.38887254839910956,0.331820189274448,,
2023,H,marcel,woba,645801,Mike Ford,30.0,149.0,251.0,0.2862558807201836,0.342780876494024,,
2023,H,marcel,woba,605141,Mookie Betts,30.0,639.0,690.0,0.3603261370417613,0.41657681159420284,,
2023,H,marcel,woba,641598,Mitch Garver,32.0,215.0,342.0,0.3191164193289714,0.3743157894736842,,
2023,H,marcel,woba,678225,Jihwan Bae,23.0,37.0,368.0,0.3270941105536657,0.2719402173913043,,
2023,H,marcel,woba,518792,Jason Heyward,33.0,151.0,373.0,0.2930648760606245,0.3478123324396783,,
2023,H,marcel,woba,547989,José Abreu,36.0,677.0,593.0,0.34889541799932666,0.2952495784148398,,
2023,H,marcel,woba,666139,Josh Lowe,25.0,196.0,499.0,0.30149024298976956,0.35411422845691376,,
2023,H,marcel,woba,669016,Brandon Marsh,25.0,457.0,469.0,0.3065758805748996,0.3583475479744137,,
2023,H,marcel,woba,571745,Mitch Haniger,32.0,246.0,229.0,0.3262052932851145,0.2744497816593886,,
2023,H,marcel,woba,656811,Ryan O'Hearn,29.0,145.0,365.0,0.28813725659215034,0.33930958904109587,,
2023,H,marcel,woba,527038,Wilmer Flores,31.0,601.0,453.0,0.3199322720066845,0.3680794701986755,,
2023,H,marcel,woba,641487,J.P. Crawford,28.0,601.0,634.0,0.31179942901610597,0.35911356466876976,,
2023,H,marcel,woba,668715,Spencer Steer,25.0,108.0,665.0,0.3078815777701765,0.3549263157894737,,
2023,H,tier2,woba,666134,Nolan Jones,25.0,93.0,421.0,0.28165895300868077,0.39508551068883613,0.24643044809547796,0.31791818534739136
2023,H,tier2,woba,666160,Mickey Moniak,25.0,111.0,322.0,0.239625637907954,0.3391739130434782,0.21013898465283268,0.27209153643746403
2023,H,tier2,woba,670242,Matt Wallner,25.0,64.0,253.0,0.2781249747469682,0.37699604743083015,0.23980777228366573,0.31597464654306756
2023,H,tier2,woba,666181,Will Benson,25.0,60.0,329.0,0.27216809834309985,0.36947416413373857,0.23862279980022247,0.3071008561556316
2023,H,tier2,woba,666139,Josh Lowe,25.0,196.0,499.0,0.26001918422673115,0.35411422845691376,0.23554737540921236,0.28684577176471737
2023,H,tier2,woba,666310,Bo Naylor,23.0,8.0,229.0,0.255541456970055,0.3468777292576419,0.21390968433584162,0.2990715345955827
2023,H,tier2,woba,665487,Fernando Tatis Jr.,24.0,0.0,634.0,0.42269137876139135,0.331820189274448,0.3769355110378266,0.47067378797759596
2023,H,tier2,woba,670042,Luke Raley,28.0,72.0,405.0,0.26937341120023545,0.3526,0.23842055490074546,0.30126102257181603
2023,H,tier2,woba,543939,Kolten Wong,32.0,493.0,250.0,0.318912540999179,0.236044,0.29622698979253204,0.3417080466024025
2023,H,tier2,woba,680776,Jarren Duran,26.0,223.0,360.0,0.2723554837308893,0.3537055555555555,0.24790179702815954,0.2964282471262556
2023,H,tier2,woba,663743,Nick Fortes,26.0,240.0,320.0,0.3302266498582728,0.25071875,0.2963940788433428,0.37019099121901167
2023,H,tier2,woba,669016,Brandon Marsh,25.0,457.0,469.0,0.27914580261851646,0.3583475479744137,0.2588017391626417,0.3000114604789108
2023,H,tier2,woba,667670,Brent Rooker,28.0,36.0,525.0,0.27501138453393054,0.3483161904761904,0.24401333807331976,0.30867454440485936
2023,H,tier2,woba,666023,Freddy Fermin,28.0,7.0,234.0,0.2612308438462818,0.3334273504273504,0.21629123785796076,0.3068332484187865
2023,H,tier2,woba,641355,Cody Bellinger,27.0,550.0,553.0,0.2997911529985162,0.3703110307414104,0.27870272116899253,0.3213810572805017
2023,H,tier2,woba,518792,Jason Heyward,33.0,151.0,373.0,0.2786353314734908,0.3478123324396783,0.2575167191929061,0.3003976635384222
2023,H,tier2,woba,660271,Shohei Ohtani,28.0,652.0,573.0,0.3648280362487221,0.4335584642233856,0.34106114146173305,0.3874964715870733
2023,H,tier2,woba,680777,Ryan Jeffers,26.0,235.0,330.0,0.3011829149096231,0.36900000000000005,0.2747871487218878,0.3288108195428553
2023,H,tier2,woba,606992,Eric Haase,30.0,350.0,291.0,0.3000156493976716,0.2328487972508591,0.27370485195985783,0.3272943483539438
2023,H,tier2,woba,608369,Corey Seager,29.0,656.0,527.0,0.35161093715011554,0.41868500948766607,0.3263012980115015,0.37668385503926466
2023,H,tier2,woba,665828,Oswaldo Cabrera,24.0,170.0,326.0,0.3216862745041963,0.25570858895705517,0.2862060855884531,0.358963888137934
2023,H,tier2,woba,657757,Gavin Sheets,27.0,410.0,342.0,0.32692355168725107,0.2610263157894737,0.2990124643931482,0.3542659316915967
2023,H,tier2,woba,641313,Tim Anderson,30.0,350.0,524.0,0.3251425792873704,0.25974809160305345,0.30501264051319266,0.34536557202243306
2023,H,tier2,woba,542303,Marcell Ozuna,32.0,507.0,591.0,0.317335267394474,0.38102199661590525,0.29400918063252934,0.34234827646856014
2023,H,tier2,woba,668904,Royce Lewis,24.0,41.0,239.0,0.32961187349601745,0.3927824267782427,0.2899490087447104,0.3733909254080688
2023,H,tier2,woba,656811,Ryan O'Hearn,29.0,145.0,365.0,0.27665988283890974,0.33930958904109587,0.25333159512625525,0.30291813201957085
2023,H,tier2,woba,660670,Ronald Acuña Jr.,25.0,529.0,732.0,0.3653931415898923,0.4277008196721312,0.34252940579835334,0.3901993706949663
2023,H,tier2,woba,516416,Jean Segura,33.0,386.0,324.0,0.31175309275236474,0.24964814814814815,0.29133820658686727,0.331454786539504
2023,H,tier2,woba,673237,Yainer Diaz,24.0,9.0,377.0,0.2916425631210071,0.3536100795755968,0.24687186605243078,0.3396182430045006
2023,H,tier2,woba,621566,Matt Olson,29.0,693.0,712.0,0.3533705877202111,0.41283005617977525,0.3286546034170368,0.37742882132955646
2023,H,tier2,woba,650490,Yandy Díaz,31.0,556.0,600.0,0.3434752415748619,0.40184,0.32309146977960684,0.3648541207857119
2023,H,tier2,woba,645801,Mike Ford,30.0,149.0,251.0,0.2851663522455845,0.342780876494024,0.25725062563245543,0.3137752390813553
2023,H,tier2,woba,673962,Josh Jung,25.0,102.0,515.0,0.2784151037053283,0.33426213592233006,0.2386213372762745,0.31961657909650565
2023,H,tier2,woba,594807,Adam Duvall,34.0,315.0,352.0,0.29329498957507233,0.3474602272727272,0.2684319855315908,0.3174344806439429
2023,H,tier2,woba,643565,Mike Tauchman,32.0,0.0,399.0,0.27710100371233237,0.3300877192982456,0.2482571178381467,0.30815468252436023
2023,H,tier2,woba,682998,Corbin Carroll,22.0,115.0,638.0,0.31744065478258027,0.37036363636363645,0.2811174918717638,0.35730263020783515
2023,H,tier2,woba,681546,James Outman,26.0,16.0,566.0,0.2915169287315046,0.34438339222614844,0.24423728691727958,0.34303479150402816
2023,H,tier2,woba,669394,Jake Burger,27.0,181.0,540.0,0.2977509968477157,0.34907592592592596,0.2660053204645645,0.33212691672770805
2023,H,tier2,woba,683146,Brett Baty,23.0,41.0,385.0,0.31675028089594887,0.26566753246753244,0.2706240405949597,0.3662843668637504
2023,H,tier2,woba,641598,Mitch Garver,32.0,215.0,342.0,0.3233531087681184,0.3743157894736842,0.29361948054175957,0.35350538820984145
2023,H,tier3,woba,665487,Fernando Tatis Jr.,24.0,0.0,634.0,0.4461805310649995,0.331820189274448,0.38654988269804813,0.5107518001698436
2023,H,tier3,woba,666181,Will Benson,25.0,60.0,329.0,0.2577193114903787,0.36947416413373857,0.22470814236930067,0.2916317289812477
2023,H,tier3,woba,666160,Mickey Moniak,25.0,111.0,322.0,0.23852154774237716,0.3391739130434782,0.20939589670181782,0.26897042834774554
2023,H,tier3,woba,666139,Josh Lowe,25.0,196.0,499.0,0.2578894130983666,0.35411422845691376,0.23316822109933186,0.2834236194910075
2023,H,tier3,woba,666310,Bo Naylor,23.0,8.0,229.0,0.2513174418478427,0.3468777292576419,0.20659500337034478,0.29680928953480323
2023,H,tier3,woba,670242,Matt Wallner,25.0,64.0,253.0,0.2821292321874273,0.37699604743083015,0.24196437393642156,0.32515293894907477
2023,H,tier3,woba,543939,Kolten Wong,32.0,493.0,250.0,0.32524605733663975,0.236044,0.2984887754251377,0.35264045898552143
2023,H,tier3,woba,666134,Nolan Jones,25.0,93.0,421.0,0.30884240630248005,0.39508551068883613,0.26979938057948216,0.34939041516888947
2023,H,tier3,woba,641355,Cody Bellinger,27.0,550.0,553.0,0.28435570724346654,0.3703110307414104,0.25931173385508993,0.3106689629891836
2023,H,tier3,woba,666023,Freddy Fermin,28.0,7.0,234.0,0.2525858380434034,0.3334273504273504,0.2107316916843558,0.29428087709085615
2023,H,tier3,woba,680776,Jarren Duran,26.0,223.0,360.0,0.2771384933958254,0.3537055555555555,0.2528403818299779,0.30316039595229766
2023,H,tier3,woba,641313,Tim Anderson,30.0,350.0,524.0,0.3339938057534057,0.25974809160305345,0.3102233020010125,0.3590394150475311
2023,H,tier3,woba,669016,Brandon Marsh,25.0,457.0,469.0,0.2847856950064373,0.3583475479744137,0.2623697973178248,0.30706319131632875
2023,H,tier3,woba,668904,Royce Lewis,24.0,41.0,239.0,0.31938557416273966,0.3927824267782427,0.2773162949525697,0.3653981897035353
2023,H,tier3,woba,663743,Nick Fortes,26.0,240.0,320.0,0.3221608189664844,0.25071875,0.28740082973779624,0.3593411444871721
2023,H,tier3,woba,516416,Jean Segura,33.0,386.0,324.0,0.31896255339487994,0.24964814814814815,0.2937479880823836,0.3445188349053849
2023,H,tier3,woba,542303,Marcell Ozuna,32.0,507.0,591.0,0.3152639885599463,0.38102199661590525,0.2852003945460903,0.34492485714853344
2023,H,tier3,woba,667670,Brent Rooker,28.0,36.0,525.0,0.28343666219107005,0.3483161904761904,0.2504257962262061,0.3196124744352813
2023,H,tier3,woba,670042,Luke Raley,28.0,72.0,405.0,0.28779169928847764,0.3526,0.2528942139578596,0.3254285730733171
2023,H,tier3,woba,518792,Jason Heyward,33.0,151.0,373.0,0.2830589162389696,0.3478123324396783,0.2572420330198302,0.3086684276648391
2023,H,tier3,woba,621566,Matt Olson,29.0,693.0,712.0,0.34874894898181,0.41283005617977525,0.3178798996780106,0.3793003438132671
2023,H,tier3,woba,681546,James Outman,26.0,16.0,566.0,0.28062412601765546,0.34438339222614844,0.23462470781190717,0.33045780197782293
2023,H,tier3,woba,682998,Corbin Carroll,22.0,115.0,638.0,0.30842511282965734,0.37036363636363645,0.2727623714339195,0.34708632893519
2023,H,tier3,woba,660271,Shohei Ohtani,28.0,652.0,573.0,0.3719482136414024,0.4335584642233856,0.3415904333848024,0.4028495046841845
2023,H,tier3,woba,656811,Ryan O'Hearn,29.0,145.0,365.0,0.27831686844428905,0.33930958904109587,0.2529509157401374,0.3040603095323853
2023,H,tier3,woba,645801,Mike Ford,30.0,149.0,251.0,0.2823769438248939,0.342780876494024,0.2537347024831551,0.31424166592758973
2023,H,tier3,woba,519317,Giancarlo Stanton,33.0,449.0,412.0,0.3564027543571842,0.2965776699029127,0.32632159665804045,0.38606683323236174
2023,H,tier3,woba,642133,Rowdy Tellez,28.0,590.0,349.0,0.3480522140876303,0.28835816618911175,0.3130495635986772,0.3836583370452273
2023,H,tier3,woba,608369,Corey Seager,29.0,656.0,527.0,0.3594778121634269,0.41868500948766607,0.3280539829702915,0.39434319119444294
2023,H,tier3,woba,673237,Yainer Diaz,24.0,9.0,377.0,0.2949144073655087,0.3536100795755968,0.24797725697725526,0.3446622721865289
2023,H,tier3,woba,641598,Mitch Garver,32.0,215.0,342.0,0.3157327231402605,0.3743157894736842,0.2847234520269211,0.3478334987359884
2023,H,tier3,woba,606992,Eric Haase,30.0,350.0,291.0,0.29120792935595513,0.2328487972508591,0.26499074923514193,0.31715551418822024
2023,H,tier3,woba,594807,Adam Duvall,34.0,315.0,352.0,0.28947348591764466,0.3474602272727272,0.26162510792583304,0.3168178246888518
2023,H,tier3,woba,621439,Byron Buxton,29.0,382.0,345.0,0.3679501373296416,0.31124927536231883,0.3335983245442945,0.40228046992138305
2023,H,tier3,woba,680777,Ryan Jeffers,26.0,235.0,330.0,0.3130167540213776,0.36900000000000005,0.2845258720512751,0.34178210499191064
2023,H,tier3,woba,673962,Josh Jung,25.0,102.0,515.0,0.2784696491184903,0.33426213592233006,0.24021423868050001,0.32119092555625356
2023,H,tier3,woba,643565,Mike Tauchman,32.0,0.0,399.0,0.2749941774788237,0.3300877192982456,0.2447389962622533,0.3076697120461636
2023,H,tier3,woba,665828,Oswaldo Cabrera,24.0,170.0,326.0,0.3107230121830071,0.25570858895705517,0.27880949424472085,0.34574207165222637
2023,H,tier3,woba,527038,Wilmer Flores,31.0,601.0,453.0,0.31312190494669395,0.3680794701986755,0.2867849497506037,0.3421470473943267
2023,H,tier3,woba,660670,Ronald Acuña Jr.,25.0,529.0,732.0,0.37305882368148946,0.4277008196721312,0.3435442698570375,0.4042222621933385
2023,P,marcel,fip,446372,Corey Kluber,37.0,687.0,257.0,4.091601650630972,7.142588344180459,,
2023,P,marcel,fip,641778,Eric Lauer,28.0,657.0,211.0,4.492841264044628,7.445185746777862,,
2023,P,marcel,fip,607074,Carlos Rodón,30.0,707.0,285.0,2.9653202454403274,5.821721646111689,,
2023,P,marcel,fip,456501,Johnny Cueto,37.0,648.0,218.0,4.197134439826553,7.052374099826087,,
2023,P,marcel,fip,570632,José Ureña,31.0,432.0,202.0,4.793005364638154,7.317893635903662,,
2023,P,marcel,fip,663765,Jake Woodford,26.0,187.0,222.0,4.196859937349464,6.644686246278361,,
2023,P,marcel,fip,666201,Alek Manoah,25.0,784.0,414.0,3.726160666054889,6.013233729329662,,
2023,P,marcel,fip,656629,Michael Kopech,27.0,494.0,590.0,4.218961703797483,6.496805776232942,,
2023,P,marcel,fip,608678,Dominic Leone,31.0,216.0,232.0,3.9800648738351327,6.158413260005377,,
2023,P,marcel,fip,622663,Luis Severino,29.0,403.0,414.0,4.030611057299961,6.142520501575303,,
2023,P,marcel,fip,592789,Noah Syndergaard,30.0,563.0,391.0,4.12105826101304,6.231651912191395,,
2023,P,marcel,fip,669373,Tarik Skubal,26.0,475.0,310.0,4.0345592580681995,2.030781478846623,,
2023,P,marcel,fip,453268,Daniel Bard,38.0,244.0,229.0,4.0615296003827455,5.98398883558095,,
2023,P,marcel,fip,547973,Aroldis Chapman,35.0,159.0,247.0,4.359603607103308,2.448042889635005,,
2023,P,marcel,fip,623167,Chris Flexen,28.0,584.0,465.0,4.349169549579759,6.2489549417522685,,
2023,P,marcel,fip,656945,Tanner Scott,28.0,288.0,304.0,3.978632261807514,2.0829146845067994,,
2023,P,marcel,fip,666205,Kyle Muller,25.0,58.0,369.0,4.241664676984512,6.132198733790849,,
2023,P,marcel,fip,666214,Joey Wentz,25.0,135.0,492.0,3.9639341947737403,5.843247936953617,,
2023,P,marcel,fip,656546,Jeff Hoffman,30.0,196.0,204.0,4.421410731968766,2.5428199596986985,,
2023,P,marcel,fip,614179,José Ruiz,28.0,265.0,206.0,4.350469147214156,6.220373716702674,,
2023,P,marcel,fip,425794,Adam Wainwright,41.0,802.0,482.0,4.159600613321027,6.020716156961738,,
2023,P,marcel,fip,669854,Ronel Blanco,29.0,32.0,226.0,4.202876034849279,6.018812120404235,,
2023,P,marcel,fip,642585,Félix Bautista,28.0,252.0,237.0,3.623532739771946,1.9109937093071363,,
2023,P,marcel,fip,471911,Carlos Carrasco,36.0,642.0,417.0,4.2036132175094645,5.888042889635004,,
2023,P,marcel,fip,669713,Hayden Wesneski,25.0,132.0,375.0,3.811576808820147,5.482072740381273,,
2023,P,marcel,fip,666619,Gregory Santos,23.0,17.0,288.0,4.283863301955769,2.639801683604854,,
2023,P,marcel,fip,664294,Dauri Moreta,27.0,159.0,238.0,4.551310255926094,2.908732544807419,,
2023,P,marcel,fip,592866,Trevor Williams,31.0,370.0,657.0,4.35759236022,5.9970498180414715,,
2023,P,marcel,fip,682847,Luis Ortiz,24.0,69.0,400.0,3.9840599252659157,5.607273658865775,,
2023,P,marcel,fip,664062,Tony Gonsolin,29.0,497.0,432.0,3.8166943806684963,5.433673957596169,,
2023,P,marcel,fip,542888,Shawn Armstrong,32.0,266.0,207.0,4.139476202264941,2.576504428096543,,
2023,P,marcel,fip,621389,Ty Blach,32.0,190.0,352.0,4.12326206892558,5.659837761429877,,
2023,P,marcel,fip,666374,Matt Brash,25.0,220.0,308.0,3.831238504263046,2.297476851899156,,
2023,P,marcel,fip,641656,Ian Hamilton,28.0,11.0,238.0,4.331561606830517,2.805284268945349,,
2023,P,marcel,fip,596133,Luke Weaver,29.0,174.0,563.0,4.119337855174024,5.641142620093225,,
2023,P,marcel,fip,641627,Trevor Gott,30.0,186.0,257.0,4.588124517716423,3.081146337910867,,
2023,P,marcel,fip,641835,Tim Mayza,31.0,190.0,212.0,3.965008438511988,2.463042889635005,,
2023,P,marcel,fip,458681,Lance Lynn,36.0,512.0,806.0,4.0457959240852945,5.547571020306512,,
2023,P,marcel,fip,642545,Jaime Barria,26.0,313.0,356.0,4.408271898040935,5.887233173035815,,
2023,P,marcel,fip,666974,Yennier Cano,29.0,97.0,280.0,4.256639313932126,2.7926300455983073,,
2023,P,tier2,fip,641778,Eric Lauer,28.0,657.0,211.0,4.414930627311725,7.445185746777862,3.977019473151033,4.858972643067223
2023,P,tier2,fip,607074,Carlos Rodón,30.0,707.0,285.0,2.80582849240254,5.821721646111689,2.3313871834773874,3.2454465848082292
2023,P,tier2,fip,446372,Corey Kluber,37.0,687.0,257.0,4.218697578473333,7.142588344180459,3.8038023368735545,4.637223220691311
2023,P,tier2,fip,622663,Luis Severino,29.0,403.0,414.0,3.5869909435601732,6.142520501575303,3.0323930773910734,4.140635435881323
2023,P,tier2,fip,656546,Jeff Hoffman,30.0,196.0,204.0,4.970093249730742,2.5428199596986985,4.45605923014153,5.47534142907761
2023,P,tier2,fip,641656,Ian Hamilton,28.0,11.0,238.0,5.2168278204477465,2.805284268945349,4.268161834221049,6.1037207127403486
2023,P,tier2,fip,456501,Johnny Cueto,37.0,648.0,218.0,4.795118647984175,7.052374099826087,4.4109110057415934,5.174652825425783
2023,P,tier2,fip,666619,Gregory Santos,23.0,17.0,288.0,4.850890383928358,2.639801683604854,3.968424065261837,5.736712882438997
2023,P,tier2,fip,669373,Tarik Skubal,26.0,475.0,310.0,4.184259128121285,2.030781478846623,3.74361124993258,4.601623135869378
2023,P,tier2,fip,608678,Dominic Leone,31.0,216.0,232.0,4.060998639791549,6.158413260005377,3.5412358686120022,4.591574615165729
2023,P,tier2,fip,592789,Noah Syndergaard,30.0,563.0,391.0,4.219247212392029,6.231651912191395,3.8293345324074126,4.61725064826688
2023,P,tier2,fip,666201,Alek Manoah,25.0,784.0,414.0,4.043463956097842,6.013233729329662,3.607352637273002,4.475480145515362
2023,P,tier2,fip,570632,José Ureña,31.0,432.0,202.0,5.368822591378593,7.317893635903662,5.005334263823131,5.777647959828876
2023,P,tier2,fip,666974,Yennier Cano,29.0,97.0,280.0,4.7340497557076855,2.7926300455983073,4.080275545765814,5.388579695450219
2023,P,tier2,fip,656629,Michael Kopech,27.0,494.0,590.0,4.606977997681763,6.496805776232942,4.040251489489384,5.180077825198134
2023,P,tier2,fip,664294,Dauri Moreta,27.0,159.0,238.0,4.793625383054406,2.908732544807419,4.023461530434354,5.565132836561446
2023,P,tier2,fip,656945,Tanner Scott,28.0,288.0,304.0,3.957723451683936,2.0829146845067994,3.4394703253342214,4.482541894525225
2023,P,tier2,fip,666374,Matt Brash,25.0,220.0,308.0,4.154487388558377,2.297476851899156,3.528607485302814,4.7719500290786145
2023,P,tier2,fip,663765,Jake Woodford,26.0,187.0,222.0,4.867678940779712,6.644686246278361,4.351203425981047,5.388528794770967
2023,P,tier2,fip,641627,Trevor Gott,30.0,186.0,257.0,4.840514380008979,3.081146337910867,4.149885557399177,5.529411698014958
2023,P,tier2,fip,453268,Daniel Bard,38.0,244.0,229.0,4.237411956616573,5.98398883558095,3.680178044696005,4.833613151332873
2023,P,tier2,fip,671345,Jason Foley,27.0,255.0,274.0,4.400827939908448,2.6793472374610916,3.9366351284776586,4.869565479482446
2023,P,tier2,fip,623437,Justin Topa,32.0,34.0,274.0,4.733895656661829,3.0126805707944246,4.02496230555971,5.485809113099128
2023,P,tier2,fip,547973,Aroldis Chapman,35.0,159.0,247.0,4.159738117991189,2.448042889635005,3.515107891388746,4.8057814559795515
2023,P,tier2,fip,543056,Danny Coulombe,33.0,53.0,209.0,4.5603372946345795,2.8594714610635763,3.907404209676911,5.192732935564853
2023,P,tier2,fip,666142,Cole Ragans,25.0,174.0,391.0,4.882740074453205,3.1942928896350047,4.317581659065979,5.473862575160608
2023,P,tier2,fip,614179,José Ruiz,28.0,265.0,206.0,4.532835719693519,6.220373716702674,3.943530483603672,5.089769832359266
2023,P,tier2,fip,656353,Tucker Davidson,27.0,243.0,230.0,5.847032274200237,4.184146785738901,5.248797327232831,6.4764276878325155
2023,P,tier2,fip,657514,Brennan Bernardino,31.0,12.0,215.0,5.005579864244431,3.38672710016132,4.164495871652983,5.828551270586052
2023,P,tier2,fip,592866,Trevor Williams,31.0,370.0,657.0,4.389836218197736,5.9970498180414715,3.941937792355763,4.842620717491719
2023,P,tier2,fip,458681,Lance Lynn,36.0,512.0,806.0,3.9590966286778277,5.547571020306512,3.534185499351295,4.379775300423679
2023,P,tier2,fip,425794,Adam Wainwright,41.0,802.0,482.0,4.433786540326066,6.020716156961738,4.046468925170239,4.817125431719947
2023,P,tier2,fip,666205,Kyle Muller,25.0,58.0,369.0,4.545685510019189,6.132198733790849,3.7893462022672812,5.290532425111885
2023,P,tier2,fip,664062,Tony Gonsolin,29.0,497.0,432.0,3.861766369538412,5.433673957596169,3.4352348150460617,4.281775281271526
2023,P,tier2,fip,641835,Tim Mayza,31.0,190.0,212.0,4.000861061732355,2.463042889635005,3.4507684197652484,4.51854826658303
2023,P,tier2,fip,542888,Shawn Armstrong,32.0,266.0,207.0,4.084447814829002,2.576504428096543,3.5933875080097506,4.568076319896923
2023,P,tier2,fip,594580,Sam Moll,31.0,181.0,259.0,4.415456232024527,2.919058932415754,3.7641240416638295,5.076751327269022
2023,P,tier2,fip,471911,Carlos Carrasco,36.0,642.0,417.0,4.393326356343515,5.888042889635004,3.937150914328123,4.882617625020966
2023,P,tier2,fip,596133,Luke Weaver,29.0,174.0,563.0,4.173701205009558,5.641142620093225,3.632002095212471,4.705942914082354
2023,P,tier2,fip,669713,Hayden Wesneski,25.0,132.0,375.0,4.018405792890659,5.482072740381273,3.3616676334729174,4.677969628012642
2023,P,tier3,fip,607074,Carlos Rodón,30.0,707.0,285.0,2.7277354825706954,5.821721646111689,2.3766259818957547,3.08759222856556
2023,P,tier3,fip,446372,Corey Kluber,37.0,687.0,257.0,4.2334145562571335,7.142588344180459,3.808313588219365,4.696362863783877
2023,P,tier3,fip,641778,Eric Lauer,28.0,657.0,211.0,4.654629143191271,7.445185746777862,4.198737446472247,5.128299749550972
2023,P,tier3,fip,664294,Dauri Moreta,27.0,159.0,238.0,5.418094596502426,2.908732544807419,4.532562985517838,6.361727984481645
2023,P,tier3,fip,666619,Gregory Santos,23.0,17.0,288.0,5.1325881844991565,2.639801683604854,4.036456919768284,6.3006632406607554
2023,P,tier3,fip,622663,Luis Severino,29.0,403.0,414.0,3.7084009947392658,6.142520501575303,3.1379588634010296,4.2819708609861795
2023,P,tier3,fip,456501,Johnny Cueto,37.0,648.0,218.0,4.636141236778894,7.052374099826087,4.220827312119515,5.097049262831467
2023,P,tier3,fip,656546,Jeff Hoffman,30.0,196.0,204.0,4.95827344840921,2.5428199596986985,4.359505486555074,5.574133266109097
2023,P,tier3,fip,641656,Ian Hamilton,28.0,11.0,238.0,5.077732406851637,2.805284268945349,4.001937379154741,6.287895210453655
2023,P,tier3,fip,666201,Alek Manoah,25.0,784.0,414.0,3.746000455618773,6.013233729329662,3.3770258831910738,4.146162859837936
2023,P,tier3,fip,608678,Dominic Leone,31.0,216.0,232.0,3.9544069755362754,6.158413260005377,3.4103090995921637,4.481669559942559
2023,P,tier3,fip,641627,Trevor Gott,30.0,186.0,257.0,5.196721821874347,3.081146337910867,4.3693215018974465,6.04959848530605
2023,P,tier3,fip,547973,Aroldis Chapman,35.0,159.0,247.0,4.558529835264425,2.448042889635005,3.8693624821330306,5.30481127336221
2023,P,tier3,fip,663765,Jake Woodford,26.0,187.0,222.0,4.554691043782722,6.644686246278361,4.023152227202742,5.137535566376418
2023,P,tier3,fip,453268,Daniel Bard,38.0,244.0,229.0,3.927143132136737,5.98398883558095,3.3949786931165624,4.464236908493858
2023,P,tier3,fip,570632,José Ureña,31.0,432.0,202.0,5.441195957128469,7.317893635903662,4.893086245670976,6.04730794772446
2023,P,tier3,fip,666974,Yennier Cano,29.0,97.0,280.0,4.6539524504281005,2.7926300455983073,3.9557821240507067,5.345613318208387
2023,P,tier3,fip,669373,Tarik Skubal,26.0,475.0,310.0,3.8915444143683953,2.030781478846623,3.5166683739175726,4.2561580370767365
2023,P,tier3,fip,542888,Shawn Armstrong,32.0,266.0,207.0,4.342535448760453,2.576504428096543,3.796332005932779,4.91286696133589
2023,P,tier3,fip,592789,Noah Syndergaard,30.0,563.0,391.0,4.4797950134233195,6.231651912191395,4.044331147366943,4.981804023573678
2023,P,tier3,fip,656629,Michael Kopech,27.0,494.0,590.0,4.762172470512991,6.496805776232942,4.250852252588384,5.298578634050235
2023,P,tier3,fip,623437,Justin Topa,32.0,34.0,274.0,4.7030446355265285,3.0126805707944246,3.867843182136764,5.571312251043485
2023,P,tier3,fip,664062,Tony Gonsolin,29.0,497.0,432.0,3.7463339360620678,5.433673957596169,3.379192596700248,4.141583458205211
2023,P,tier3,fip,656945,Tanner Scott,28.0,288.0,304.0,3.7563853724397767,2.0829146845067994,3.2573576362787913,4.240841424837462
2023,P,tier3,fip,642048,Tayler Saucedo,30.0,15.0,203.0,5.458481495833814,3.791539393131508,4.520674658772404,6.485922256144088
2023,P,tier3,fip,666142,Cole Ragans,25.0,174.0,391.0,4.850932419718178,3.1942928896350047,4.261755207804544,5.472761929311579
2023,P,tier3,fip,666374,Matt Brash,25.0,220.0,308.0,3.9449696997372334,2.297476851899156,3.361190854611312,4.558317599084071
2023,P,tier3,fip,669713,Hayden Wesneski,25.0,132.0,375.0,3.853570283854436,5.482072740381273,3.229626868086886,4.520923442111104
2023,P,tier3,fip,425794,Adam Wainwright,41.0,802.0,482.0,4.401229621669189,6.020716156961738,4.037979986040106,4.814045835985109
2023,P,tier3,fip,458681,Lance Lynn,36.0,512.0,806.0,3.943724043882779,5.547571020306512,3.5279977100292546,4.383489244852513
2023,P,tier3,fip,614179,José Ruiz,28.0,265.0,206.0,4.677536851136403,6.220373716702674,4.088755836475053,5.332153835559321
2023,P,tier3,fip,657514,Brennan Bernardino,31.0,12.0,215.0,4.927237354713515,3.38672710016132,3.9916465118964486,5.853010837570222
2023,P,tier3,fip,471911,Carlos Carrasco,36.0,642.0,417.0,4.347989591139882,5.888042889635004,3.9009431140790927,4.8242013263762225
2023,P,tier3,fip,666205,Kyle Muller,25.0,58.0,369.0,4.6030584084147845,6.132198733790849,3.8167450056221033,5.480193293864488
2023,P,tier3,fip,592866,Trevor Williams,31.0,370.0,657.0,4.469048348872455,5.9970498180414715,3.943220728609608,5.0485696894907885
2023,P,tier3,fip,656353,Tucker Davidson,27.0,243.0,230.0,5.6817976012924705,4.184146785738901,5.068739616285801,6.374442370059536
2023,P,tier3,fip,579328,Yusei Kikuchi,32.0,453.0,698.0,5.619706505327548,4.1528540228358,4.993402710382106,6.307472803267595
2023,P,tier3,fip,642585,Félix Bautista,28.0,252.0,237.0,3.3601630553114985,1.9109937093071363,2.7965892460660315,3.9094502309802217
2023,P,tier3,fip,670174,Josh Winckowski,25.0,315.0,365.0,5.298291053315208,3.8690705576191946,4.689950293838976,5.964454015323044
2023,P,tier3,fip,665625,Elvis Peguero,26.0,77.0,251.0,5.20630247857451,3.7934776722437,4.366517215073239,6.036747874668229
2024,H,marcel,woba,592273,Brandon Drury,31.0,523.0,360.0,0.3365200201176856,0.21663611111111108,,
2024,H,marcel,woba,666150,Dominic Fletcher,26.0,99.0,237.0,0.3317164747545534,0.22686075949367088,,
2024,H,marcel,woba,682622,Noelvi Marte,22.0,123.0,242.0,0.3468210631696918,0.24263223140495868,,
2024,H,marcel,woba,641313,Tim Anderson,31.0,524.0,241.0,0.3016347315498694,0.20763070539419087,,
2024,H,marcel,woba,676914,Davis Schneider,25.0,141.0,454.0,0.3677222734619283,0.27747797356828185,,
2024,H,marcel,woba,666182,Bo Bichette,26.0,601.0,335.0,0.3524025201282013,0.26365074626865675,,
2024,H,marcel,woba,676801,Chas McCormick,29.0,456.0,266.0,0.33853367386133776,0.25697368421052635,,
2024,H,marcel,woba,666134,Nolan Jones,26.0,421.0,294.0,0.3675091524017469,0.2869047619047619,,
2024,H,marcel,woba,666397,Edouard Julien,25.0,407.0,301.0,0.35786432486707065,0.27779069767441855,,
2024,H,marcel,woba,592696,Eddie Rosario,32.0,514.0,317.0,0.3070973009345724,0.23038485804416403,,
2024,H,marcel,woba,669261,Jack Suwinski,25.0,532.0,274.0,0.33546366540739303,0.25957299270073,,
2024,H,marcel,woba,680869,Zack Gelof,24.0,299.0,544.0,0.3518406260411797,0.27644117647058825,,
2024,H,marcel,woba,518934,DJ LeMahieu,35.0,560.0,227.0,0.3135765456721732,0.2386299559471365,,
2024,H,marcel,woba,678246,Miguel Vargas,24.0,301.0,237.0,0.3075076261094624,0.23278902953586497,,
2024,H,marcel,woba,679032,Johan Rojas,23.0,158.0,355.0,0.3379872981994899,0.2655014084507043,,
2024,H,marcel,woba,677951,Bobby Witt Jr.,24.0,692.0,700.0,0.33766275115309174,0.4097685714285715,,
2024,H,marcel,woba,607732,Jacob Stallings,34.0,273.0,279.0,0.28141521808970016,0.3526379928315412,,
2024,H,marcel,woba,660670,Ronald Acuña Jr.,26.0,732.0,222.0,0.39285405322268907,0.3218693693693694,,
2024,H,marcel,woba,666310,Bo Naylor,24.0,229.0,386.0,0.3390644089097882,0.26858549222797923,,
2024,H,marcel,woba,527038,Wilmer Flores,32.0,453.0,241.0,0.3326659358050295,0.2622199170124481,,
2024,H,marcel,woba,673357,Luis Robert Jr.,26.0,585.0,422.0,0.35566771044737616,0.2852843601895734,,
2024,H,marcel,woba,608671,Travis Jankowski,33.0,286.0,207.0,0.30397733485252953,0.23387439613526567,,
2024,H,marcel,woba,595879,Javier Báez,31.0,546.0,288.0,0.2940769107307447,0.22427430555555553,,
2024,H,marcel,woba,681146,Jonah Bride,28.0,105.0,271.0,0.2814757654909013,0.35113284132841327,,
2024,H,marcel,woba,592450,Aaron Judge,32.0,449.0,683.0,0.40659373187203274,0.47575549048316257,,
2024,H,marcel,woba,594807,Adam Duvall,35.0,352.0,330.0,0.3192901045633733,0.25196060606060605,,
2024,H,marcel,woba,595281,Kevin Kiermaier,34.0,407.0,274.0,0.30760056946114384,0.24088321167883212,,
2024,H,marcel,woba,669707,Jared Triolo,26.0,209.0,446.0,0.3398749241465336,0.27454708520179366,,
2024,H,marcel,woba,645302,Victor Robles,27.0,122.0,289.0,0.2921317248838141,0.3574290657439447,,
2024,H,marcel,woba,666185,Dylan Carlson,25.0,255.0,265.0,0.32210052749419893,0.25692075471698117,,
2024,H,marcel,woba,642731,Thairo Estrada,28.0,529.0,381.0,0.3205509243936033,0.2563674540682415,,
2024,H,marcel,woba,623912,Harold Ramírez,29.0,434.0,246.0,0.32901258912576703,0.265109756097561,,
2024,H,marcel,woba,660707,Elehuris Montero,25.0,307.0,247.0,0.316857434936132,0.2540242914979757,,
2024,H,marcel,woba,608841,Joey Meneses,32.0,657.0,312.0,0.32647514249472864,0.26380128205128206,,
2024,H,marcel,woba,542303,Marcell Ozuna,33.0,591.0,685.0,0.3327718782546252,0.39453722627737225,,
2024,H,marcel,woba,667670,Brent Rooker,29.0,525.0,610.0,0.3307101534645196,0.39222131147540984,,
2024,H,marcel,woba,641598,Mitch Garver,33.0,342.0,430.0,0.34273978618983936,0.28131860465116276,,
2024,H,marcel,woba,650391,Eloy Jiménez,27.0,487.0,348.0,0.3372704688611341,0.2759741379310345,,
2024,H,marcel,woba,666624,Christopher Morel,25.0,428.0,608.0,0.3397373977318381,0.280453947368421,,
2024,H,marcel,woba,666181,Will Benson,26.0,329.0,387.0,0.3441740440980473,0.28497157622739017,,
2024,H,tier2,woba,592273,Brandon Drury,31.0,523.0,360.0,0.30611330855107394,0.21663611111111108,0.2838528907851863,0.32748358406363737
2024,H,tier2,woba,607732,Jacob Stallings,34.0,273.0,279.0,0.26552578379089337,0.3526379928315412,0.24918746110282064,0.282747323221283
2024,H,tier2,woba,682622,Noelvi Marte,22.0,123.0,242.0,0.3263699030991155,0.24263223140495868,0.29428994094440475,0.36068580253822885
2024,H,tier2,woba,660670,Ronald Acuña Jr.,26.0,732.0,222.0,0.4037817771450067,0.3218693693693694,0.3801720908650231,0.4284939190281673
2024,H,tier2,woba,641313,Tim Anderson,31.0,524.0,241.0,0.28951756651940563,0.20763070539419087,0.27593043419371693,0.3040937715285137
2024,H,tier2,woba,666182,Bo Bichette,26.0,601.0,335.0,0.34433043375907374,0.26365074626865675,0.32490078576896453,0.36429102525302626
2024,H,tier2,woba,666150,Dominic Fletcher,26.0,99.0,237.0,0.30748733821114416,0.22686075949367088,0.27241884779677666,0.3438281369502774
2024,H,tier2,woba,667670,Brent Rooker,29.0,525.0,610.0,0.3131982452710541,0.39222131147540984,0.2883790308603979,0.3372493524962968
2024,H,tier2,woba,676801,Chas McCormick,29.0,456.0,266.0,0.3343251829035622,0.25697368421052635,0.31214119304393917,0.35730892669939524
2024,H,tier2,woba,668901,Mark Vientos,24.0,233.0,454.0,0.2806227896767901,0.35602863436123344,0.2527906762662548,0.3094697547020997
2024,H,tier2,woba,677951,Bobby Witt Jr.,24.0,692.0,700.0,0.3348245105671514,0.4097685714285715,0.31489889058477044,0.35666292959591034
2024,H,tier2,woba,678246,Miguel Vargas,24.0,301.0,237.0,0.3067512271768663,0.23278902953586497,0.27937450308310463,0.33615607563666966
2024,H,tier2,woba,527038,Wilmer Flores,32.0,453.0,241.0,0.3361439644919578,0.2622199170124481,0.3122738122505495,0.36011815493988975
2024,H,tier2,woba,545341,Randal Grichuk,32.0,469.0,279.0,0.2991474933626866,0.37304659498207887,0.280982152743919,0.31745694547640174
2024,H,tier2,woba,669261,Jack Suwinski,25.0,532.0,274.0,0.33149962882381373,0.25957299270073,0.30675042590989415,0.3573679458460263
2024,H,tier2,woba,592626,Joc Pederson,32.0,419.0,441.0,0.32062762133645334,0.3910544217687074,0.2995223591864407,0.3436473939494263
2024,H,tier2,woba,663698,Joey Bart,27.0,95.0,282.0,0.27700186118172393,0.3469787234042553,0.25105553034998757,0.30252597045776775
2024,H,tier2,woba,676914,Davis Schneider,25.0,141.0,454.0,0.34635312835759147,0.27747797356828185,0.30914990942095616,0.387359266143524
2024,H,tier2,woba,671218,Heliot Ramos,24.0,60.0,516.0,0.2700300600959549,0.33881201550387596,0.2366408678583041,0.30672716115216386
2024,H,tier2,woba,645302,Victor Robles,27.0,122.0,289.0,0.28923879811769926,0.3574290657439447,0.2705403043636982,0.30872410399404293
2024,H,tier2,woba,578428,Jose Iglesias,34.0,0.0,290.0,0.294254072218492,0.3618379310344828,0.27603000809182254,0.3147104561774527
2024,H,tier2,woba,669221,Sean Murphy,29.0,438.0,263.0,0.3480108409376646,0.28141444866920146,0.3255310092704786,0.3723337872711804
2024,H,tier2,woba,518934,DJ LeMahieu,35.0,560.0,227.0,0.30492423556404585,0.2386299559471365,0.28894159133002834,0.32263180739444797
2024,H,tier2,woba,595879,Javier Báez,31.0,546.0,288.0,0.28923678536986686,0.22427430555555553,0.27201317407720976,0.3055954042648684
2024,H,tier2,woba,592696,Eddie Rosario,32.0,514.0,317.0,0.29502943256663905,0.23038485804416403,0.2759421086992126,0.3162774658808066
2024,H,tier2,woba,595777,Jurickson Profar,31.0,520.0,659.0,0.3012120984319498,0.36531714719271613,0.2857120900028639,0.3175552712093426
2024,H,tier2,woba,681146,Jonah Bride,28.0,105.0,271.0,0.28725240192352475,0.35113284132841327,0.2632085931554625,0.3125419927808332
2024,H,tier2,woba,592450,Aaron Judge,32.0,449.0,683.0,0.41188403969910065,0.47575549048316257,0.3825382076991278,0.4417037044062898
2024,H,tier2,woba,686668,Brenton Doyle,26.0,428.0,598.0,0.26444737678971286,0.3280117056856187,0.24270093982285615,0.2871700770172065
2024,H,tier2,woba,681481,Kerry Carpenter,26.0,456.0,292.0,0.32778184864461923,0.39046232876712317,0.3018844091801729,0.35181310517722186
2024,H,tier2,woba,669003,Garrett Mitchell,25.0,73.0,222.0,0.2886440510949935,0.3512477477477477,0.25301032437527887,0.3266855561089353
2024,H,tier2,woba,543685,Anthony Rendon,34.0,183.0,238.0,0.3262529084192581,0.2641050420168067,0.30363561211003004,0.34730826515104424
2024,H,tier2,woba,671056,Iván Herrera,24.0,44.0,258.0,0.2889190554771478,0.35091085271317835,0.253661671756009,0.32658443115083613
2024,H,tier2,woba,673357,Luis Robert Jr.,26.0,585.0,422.0,0.3465518051323189,0.2852843601895734,0.323243891927894,0.3714339345242047
2024,H,tier2,woba,666397,Edouard Julien,25.0,407.0,301.0,0.3389578881921116,0.27779069767441855,0.31298879942194185,0.36748903511054726
2024,H,tier2,woba,663853,Romy Gonzalez,27.0,96.0,216.0,0.24995986018985425,0.3109722222222222,0.221965645973784,0.2781579993680171
2024,H,tier2,woba,666185,Dylan Carlson,25.0,255.0,265.0,0.3176929083190468,0.25692075471698117,0.29825569809762204,0.33942506609526346
2024,H,tier2,woba,671732,Lawrence Butler,23.0,129.0,451.0,0.2843076737932903,0.3445920177383591,0.2510685706286419,0.31966258150398696
2024,H,tier2,woba,650391,Eloy Jiménez,27.0,487.0,348.0,0.33623737900511474,0.2759741379310345,0.3145677273057069,0.3580634495980243
2024,H,tier2,woba,657136,Connor Wong,28.0,400.0,485.0,0.2701141875513287,0.3302123711340206,0.24731385918951238,0.29306710225624005
2024,H,tier3,woba,660670,Ronald Acuña Jr.,26.0,732.0,222.0,0.42502766044076873,0.3218693693693694,0.3882887344727941,0.46302576117236044
2024,H,tier3,woba,592273,Brandon Drury,31.0,523.0,360.0,0.31793247007371517,0.21663611111111108,0.29123715708355724,0.34573158765867607
2024,H,tier3,woba,682622,Noelvi Marte,22.0,123.0,242.0,0.3372674840309068,0.24263223140495868,0.3019627459847058,0.37436815578612004
2024,H,tier3,woba,666182,Bo Bichette,26.0,601.0,335.0,0.3504450809759193,0.26365074626865675,0.32363020524783903,0.37831014429627957
2024,H,tier3,woba,607732,Jacob Stallings,34.0,273.0,279.0,0.2659870527862527,0.3526379928315412,0.2456293006733248,0.28726234842502607
2024,H,tier3,woba,641313,Tim Anderson,31.0,524.0,241.0,0.2917746821081262,0.20763070539419087,0.2740048263283188,0.30938394560965937
2024,H,tier3,woba,669221,Sean Murphy,29.0,438.0,263.0,0.3641370078917615,0.28141444866920146,0.33274263475103205,0.3965333012889916
2024,H,tier3,woba,676914,Davis Schneider,25.0,141.0,454.0,0.35862278815704735,0.27747797356828185,0.3160330234097154,0.4044061232112209
2024,H,tier3,woba,669364,Xavier Edwards,24.0,82.0,301.0,0.2787304098151865,0.35865116279069764,0.24973751434777633,0.30706133357572724
2024,H,tier3,woba,663698,Joey Bart,27.0,95.0,282.0,0.2694121336786399,0.3469787234042553,0.242045742489072,0.2977793372314007
2024,H,tier3,woba,676369,Nelson Velázquez,25.0,179.0,230.0,0.3567272232742645,0.28017826086956515,0.31774767243729946,0.39876472466810475
2024,H,tier3,woba,678246,Miguel Vargas,24.0,301.0,237.0,0.3080541582131451,0.23278902953586497,0.27863738508799546,0.33752778461513067
2024,H,tier3,woba,669261,Jack Suwinski,25.0,532.0,274.0,0.3342778602591418,0.25957299270073,0.3066235604002182,0.3623404263284214
2024,H,tier3,woba,667670,Brent Rooker,29.0,525.0,610.0,0.3184753819283772,0.39222131147540984,0.2913205995709799,0.34768713557025843
2024,H,tier3,woba,676801,Chas McCormick,29.0,456.0,266.0,0.3303299197523386,0.25697368421052635,0.3049711701729543,0.3569524439281904
2024,H,tier3,woba,578428,Jose Iglesias,34.0,0.0,290.0,0.289264183190435,0.3618379310344828,0.26454147891753615,0.314576248497272
2024,H,tier3,woba,666134,Nolan Jones,26.0,421.0,294.0,0.3594268986065202,0.2869047619047619,0.32970672429396153,0.38977847879746064
2024,H,tier3,woba,666149,Tyler Fitzgerald,26.0,34.0,341.0,0.28458453290533087,0.3567683284457478,0.24347053736834667,0.3288892697003721
2024,H,tier3,woba,645302,Victor Robles,27.0,122.0,289.0,0.28527505130726455,0.3574290657439447,0.2639697475956422,0.3074582323490235
2024,H,tier3,woba,666150,Dominic Fletcher,26.0,99.0,237.0,0.29874118269743294,0.22686075949367088,0.26548024293872474,0.33482478510959923
2024,H,tier3,woba,545341,Randal Grichuk,32.0,469.0,279.0,0.30248700718856353,0.37304659498207887,0.2785422366819013,0.32734328253568973
2024,H,tier3,woba,666624,Christopher Morel,25.0,428.0,608.0,0.3501845463877419,0.280453947368421,0.3184375223833234,0.3820780419346506
2024,H,tier3,woba,681146,Jonah Bride,28.0,105.0,271.0,0.2831314294259777,0.35113284132841327,0.25643438351620523,0.30944633577257474
2024,H,tier3,woba,681481,Kerry Carpenter,26.0,456.0,292.0,0.3233036643620626,0.39046232876712317,0.2961593006897911,0.35071854491987475
2024,H,tier3,woba,527038,Wilmer Flores,32.0,453.0,241.0,0.32778712792339015,0.2622199170124481,0.297392908360983,0.36102422510787485
2024,H,tier3,woba,666397,Edouard Julien,25.0,407.0,301.0,0.34247950269349475,0.27779069767441855,0.3175080133302675,0.3680304552835982
2024,H,tier3,woba,595777,Jurickson Profar,31.0,520.0,659.0,0.30103122320646536,0.36531714719271613,0.280306040022882,0.32383488473817423
2024,H,tier3,woba,673357,Luis Robert Jr.,26.0,585.0,422.0,0.3493699047440704,0.2852843601895734,0.3210678777027264,0.3803437267355159
2024,H,tier3,woba,518934,DJ LeMahieu,35.0,560.0,227.0,0.30140895802663725,0.2386299559471365,0.27913547625438784,0.3259814058565892
2024,H,tier3,woba,677951,Bobby Witt Jr.,24.0,692.0,700.0,0.34743782141399904,0.4097685714285715,0.3183166500697492,0.37946298756393954
2024,H,tier3,woba,592696,Eddie Rosario,32.0,514.0,317.0,0.29245905028146685,0.23038485804416403,0.2668991916587528,0.318655294358131
2024,H,tier3,woba,663647,Ke'Bryan Hayes,27.0,524.0,395.0,0.31646728113361067,0.25576708860759495,0.293107943556368,0.3402306497250696
2024,H,tier3,woba,666185,Dylan Carlson,25.0,255.0,265.0,0.31712754591100784,0.25692075471698117,0.29022420376236113,0.3434660413313215
2024,H,tier3,woba,669003,Garrett Mitchell,25.0,73.0,222.0,0.291353157587546,0.3512477477477477,0.25797577676289773,0.33031998133062507
2024,H,tier3,woba,671056,Iván Herrera,24.0,44.0,258.0,0.2912388108106724,0.35091085271317835,0.25683868440096946,0.32676399791250177
2024,H,tier3,woba,593871,Jorge Polanco,30.0,343.0,466.0,0.3465386640027002,0.28709227467811155,0.3179728641239233,0.37760741633058653
2024,H,tier3,woba,623912,Harold Ramírez,29.0,434.0,246.0,0.32338216799061675,0.265109756097561,0.2990960736343116,0.3491949993933992
2024,H,tier3,woba,521692,Salvador Perez,34.0,572.0,642.0,0.2774108715120632,0.33505763239875397,0.2529467359561226,0.30314499858063326
2024,H,tier3,woba,668901,Mark Vientos,24.0,233.0,454.0,0.2989998952274293,0.35602863436123344,0.26885507618109084,0.33139603719510313
2024,H,tier3,woba,669357,Nolan Gorman,24.0,463.0,401.0,0.34719489061523656,0.29051620947630924,0.3193902149966861,0.378361659385752
2024,P,marcel,fip,676272,Bobby Miller,25.0,505.0,258.0,3.7424732235060474,7.005467075232786,,
2024,P,marcel,fip,592836,Taijuan Walker,31.0,731.0,381.0,4.3499055291453494,6.978788076940242,,
2024,P,marcel,fip,663474,Triston McKenzie,26.0,73.0,338.0,4.001980669817935,6.452996968247261,,
2024,P,marcel,fip,669093,Jeremiah Estrada,25.0,55.0,250.0,4.4308475756743135,2.0543546630548004,,
2024,P,marcel,fip,660853,Enyel De Los Santos,28.0,261.0,277.0,3.699285393389911,5.951895646661357,,
2024,P,marcel,fip,489446,Kirby Yates,37.0,252.0,231.0,4.406626442402255,2.29378753855325,,
2024,P,marcel,fip,519043,Matt Moore,35.0,214.0,205.0,3.9987040221811503,6.077757715626875,,
2024,P,marcel,fip,686539,Declan Cronin,26.0,51.0,302.0,4.5108774603260215,2.4909951727277084,,
2024,P,marcel,fip,676534,Calvin Faucher,28.0,120.0,230.0,4.336684949086646,2.3633863298911715,,
2024,P,marcel,fip,643377,Griffin Jax,29.0,272.0,273.0,3.8743272592293643,1.934290012858541,,
2024,P,marcel,fip,676974,Max Meyer,25.0,0.0,248.0,4.027507797841663,5.938737751924515,,
2024,P,marcel,fip,592866,Trevor Williams,32.0,657.0,260.0,4.733903618800552,2.826895646661358,,
2024,P,marcel,fip,519242,Chris Sale,35.0,424.0,700.0,3.973222654970195,2.1212202245225207,,
2024,P,marcel,fip,679885,Justin Martinez,22.0,56.0,301.0,4.187666254393071,2.3762075732668624,,
2024,P,marcel,fip,671106,Logan Allen,25.0,534.0,431.0,4.098870006309565,5.903950441181905,,
2024,P,marcel,fip,683769,Hunter Gaddis,26.0,182.0,277.0,4.578833341463827,2.8135027895185005,,
2024,P,marcel,fip,621111,Walker Buehler,29.0,0.0,343.0,3.8257734820793603,5.5780018413516235,,
2024,P,marcel,fip,695243,Mason Miller,25.0,139.0,246.0,3.830034278792711,2.0788187235844338,,
2024,P,marcel,fip,664875,Justin Lawrence,29.0,319.0,276.0,3.902857968641469,5.615303467890408,,
2024,P,marcel,fip,663485,Cole Sands,26.0,98.0,291.0,4.279923554594903,2.6691853662875253,,
2024,P,marcel,fip,676395,Robert Garcia,28.0,122.0,249.0,3.974357470619892,2.363906819845715,,
2024,P,marcel,fip,676106,Emerson Hancock,25.0,49.0,266.0,4.133742372829406,5.72387366863938,,
2024,P,marcel,fip,607481,Aaron Bummer,30.0,264.0,241.0,3.7365840957715695,2.1537028755770207,,
2024,P,marcel,fip,573009,Joe Mantiply,33.0,156.0,236.0,3.7161904282788445,2.1963090544825867,,
2024,P,marcel,fip,670280,David Bednar,29.0,270.0,257.0,3.1597317302550847,4.6758840859677155,,
2024,P,marcel,fip,621389,Ty Blach,33.0,352.0,328.0,4.804158854590426,6.300026487782853,,
2024,P,marcel,fip,689147,Orion Kerkering,23.0,14.0,256.0,3.9303194927411655,2.4558639006296117,,
2024,P,marcel,fip,621381,Matt Strahm,32.0,350.0,236.0,3.683450320813369,2.2763637317677405,,
2024,P,marcel,fip,502085,David Robertson,39.0,266.0,291.0,3.9279249706893746,2.521340091105802,,
2024,P,marcel,fip,676254,Ryan Walker,28.0,261.0,306.0,3.887090980421403,2.5143956466613577,,
2024,P,marcel,fip,656546,Jeff Hoffman,31.0,204.0,264.0,3.8573827794555937,2.5084283099779405,,
2024,P,marcel,fip,668674,Lucas Erceg,29.0,250.0,251.0,3.810581139653818,2.472165916931628,,
2024,P,marcel,fip,641729,Joe Jiménez,29.0,236.0,276.0,3.6581295674608474,2.328109238894368,,
2024,P,marcel,fip,663773,Bryan Hoeing,27.0,302.0,209.0,4.607351240392418,3.295063348524712,,
2024,P,marcel,fip,670970,Adrian Morejon,25.0,43.0,269.0,4.026361353871084,2.730691458179682,,
2024,P,marcel,fip,676979,Garrett Crochet,25.0,63.0,595.0,3.9997199675279003,2.7224435918668375,,
2024,P,marcel,fip,647315,Zach Pop,27.0,56.0,204.0,4.040730265784773,5.312240474247565,,
2024,P,marcel,fip,686730,Carson Spiers,26.0,64.0,410.0,4.15610555422258,5.363660352543711,,
2024,P,marcel,fip,596133,Luke Weaver,30.0,563.0,330.0,4.559594969437751,3.3685623133280247,,
2024,P,marcel,fip,669622,Anthony Bender,29.0,0.0,226.0,4.070450042267549,2.900008854208527,,
2024,P,tier2,fip,676272,Bobby Miller,25.0,505.0,258.0,3.733470516347354,7.005467075232786,3.2748151471132454,4.198714860759212
2024,P,tier2,fip,669093,Jeremiah Estrada,25.0,55.0,250.0,4.601847389347715,2.0543546630548004,3.7600045736248604,5.43499077024747
2024,P,tier2,fip,592836,Taijuan Walker,31.0,731.0,381.0,4.622043660082633,6.978788076940242,4.2329128196646435,5.001880369518253
2024,P,tier2,fip,686539,Declan Cronin,26.0,51.0,302.0,4.806461154966518,2.4909951727277084,4.070164999900773,5.561225438130818
2024,P,tier2,fip,663474,Triston McKenzie,26.0,73.0,338.0,4.235401664488938,6.452996968247261,3.6908001461944973,4.82209304323586
2024,P,tier2,fip,683769,Hunter Gaddis,26.0,182.0,277.0,5.024261093803539,2.8135027895185005,4.5463447917028725,5.52735296779287
2024,P,tier2,fip,676534,Calvin Faucher,28.0,120.0,230.0,4.4954246404793174,2.3633863298911715,3.889560647354776,5.095996538672775
2024,P,tier2,fip,592866,Trevor Williams,32.0,657.0,260.0,4.937501798486062,2.826895646661358,4.56218426732565,5.307228230566321
2024,P,tier2,fip,679885,Justin Martinez,22.0,56.0,301.0,4.471719487124895,2.3762075732668624,3.697069506813854,5.23010362769299
2024,P,tier2,fip,660853,Enyel De Los Santos,28.0,261.0,277.0,3.8794108293498226,5.951895646661357,3.3580607646085694,4.372377948066329
2024,P,tier2,fip,519043,Matt Moore,35.0,214.0,205.0,4.08324172718927,6.077757715626875,3.542350105071895,4.624339487922409
2024,P,tier2,fip,657585,Reed Garrett,31.0,87.0,245.0,5.247253121937479,3.289104948986939,4.5739709498832255,5.900309744040973
2024,P,tier2,fip,643377,Griffin Jax,29.0,272.0,273.0,3.876043295486469,1.934290012858541,3.4250476334798567,4.320816905584241
2024,P,tier2,fip,663485,Cole Sands,26.0,98.0,291.0,4.558917790706761,2.6691853662875253,3.9730880219088935,5.130751909198904
2024,P,tier2,fip,657649,Jared Koenig,30.0,0.0,259.0,4.999302108543359,3.121250485371035,4.39314775652422,5.619141874454016
2024,P,tier2,fip,621111,Walker Buehler,29.0,0.0,343.0,3.7423921083700296,5.5780018413516235,3.111277023361815,4.340449604539542
2024,P,tier2,fip,671106,Logan Allen,25.0,534.0,431.0,4.16803499805113,5.903950441181905,3.7174449987182676,4.616196168200007
2024,P,tier2,fip,573009,Joe Mantiply,33.0,156.0,236.0,3.93136450929794,2.1963090544825867,3.4390942655827264,4.429916690248121
2024,P,tier2,fip,670280,David Bednar,29.0,270.0,257.0,2.945296072717665,4.6758840859677155,2.4273186852370485,3.432093031628708
2024,P,tier2,fip,695243,Mason Miller,25.0,139.0,246.0,3.802715631597216,2.0788187235844338,3.2005434098298213,4.3511734764394525
2024,P,tier2,fip,641771,Chad Kuhl,31.0,184.0,236.0,5.764164770543857,4.083145646661357,5.215715526674618,6.3313263852644495
2024,P,tier2,fip,670970,Adrian Morejon,25.0,43.0,269.0,4.383537989925385,2.730691458179682,3.68816225600353,5.026034712864877
2024,P,tier2,fip,489446,Kirby Yates,37.0,252.0,231.0,3.9211624093859263,2.29378753855325,3.4006519281767313,4.4429409561617055
2024,P,tier2,fip,689147,Orion Kerkering,23.0,14.0,256.0,4.057062727759368,2.4558639006296117,3.153039318484917,4.940971593212273
2024,P,tier2,fip,676395,Robert Garcia,28.0,122.0,249.0,3.964045279552898,2.363906819845715,3.32541480942686,4.572706692991039
2024,P,tier2,fip,676974,Max Meyer,25.0,0.0,248.0,4.350137796159657,5.938737751924515,3.477144714112022,5.167719350781626
2024,P,tier2,fip,519242,Chris Sale,35.0,424.0,700.0,3.6832245890458033,2.1212202245225207,3.199890608996703,4.178100779848006
2024,P,tier2,fip,571882,Derek Law,33.0,238.0,364.0,4.887737155303822,3.3574512022169127,4.376505245197826,5.399186047638836
2024,P,tier2,fip,663773,Bryan Hoeing,27.0,302.0,209.0,4.8236262191482036,3.295063348524712,4.350259160958222,5.344691197425788
2024,P,tier2,fip,668674,Lucas Erceg,29.0,250.0,251.0,3.9471775584867226,2.472165916931628,3.418492469258713,4.459950815922803
2024,P,tier2,fip,676979,Garrett Crochet,25.0,63.0,595.0,4.183693071251065,2.7224435918668375,3.449539642543742,4.893212224691999
2024,P,tier2,fip,664875,Justin Lawrence,29.0,319.0,276.0,4.200157919812583,5.615303467890408,3.7152065811925548,4.70430203650842
2024,P,tier2,fip,683232,Nick Mears,27.0,87.0,255.0,4.781141557368259,3.3753060512856345,4.009832127415113,5.558120481179096
2024,P,tier2,fip,502085,David Robertson,39.0,266.0,291.0,3.925916049026178,2.521340091105802,3.4163132599926223,4.487952845580868
2024,P,tier2,fip,607455,Anthony Banda,30.0,35.0,201.0,4.738657471704575,3.3428352439767934,4.115480356638951,5.373331137469796
2024,P,tier2,fip,642701,Dennis Santana,28.0,50.0,286.0,4.414135067717032,3.0484072745683344,3.8796474598098354,4.970812519702961
2024,P,tier2,fip,657612,Tim Hill,34.0,200.0,288.0,4.873235593664168,3.5153284824822535,4.396039059872593,5.3820882588112005
2024,P,tier2,fip,656546,Jeff Hoffman,31.0,204.0,264.0,3.8519603501892505,2.5084283099779405,3.32875735838285,4.366169586672986
2024,P,tier2,fip,519008,T.J. McFarland,35.0,11.0,229.0,4.930911791070009,3.5901309407790043,4.425444156988314,5.4573419988575465
2024,P,tier2,fip,668338,Tyson Miller,28.0,64.0,234.0,5.040841226328044,3.7018956466613573,4.425272423076688,5.614126715544845
2024,P,tier3,fip,676272,Bobby Miller,25.0,505.0,258.0,3.6186090423661796,7.005467075232786,3.2129078525190384,4.055006226890746
2024,P,tier3,fip,669093,Jeremiah Estrada,25.0,55.0,250.0,5.209050327770284,2.0543546630548004,4.182240584621385,6.281374775097947
2024,P,tier3,fip,676534,Calvin Faucher,28.0,120.0,230.0,4.907322652313148,2.3633863298911715,4.194095887231384,5.700902656022498
2024,P,tier3,fip,592836,Taijuan Walker,31.0,731.0,381.0,4.537474081338078,6.978788076940242,4.118477471117656,4.971571032182069
2024,P,tier3,fip,686539,Declan Cronin,26.0,51.0,302.0,4.898978958811462,2.4909951727277084,4.064115445480838,5.753795735225303
2024,P,tier3,fip,592866,Trevor Williams,32.0,657.0,260.0,5.1274083602570375,2.826895646661358,4.666975754190168,5.628138873493761
2024,P,tier3,fip,683769,Hunter Gaddis,26.0,182.0,277.0,5.032169540277655,2.8135027895185005,4.458871985580278,5.685729128033424
2024,P,tier3,fip,519043,Matt Moore,35.0,214.0,205.0,3.9103144433071995,6.077757715626875,3.3683227776446443,4.435831945801325
2024,P,tier3,fip,663485,Cole Sands,26.0,98.0,291.0,4.782068601077039,2.6691853662875253,4.076263509861819,5.548197574107358
2024,P,tier3,fip,657585,Reed Garrett,31.0,87.0,245.0,5.389392394488838,3.289104948986939,4.525049286395968,6.334173542570748
2024,P,tier3,fip,663474,Triston McKenzie,26.0,73.0,338.0,4.359598905643866,6.452996968247261,3.705184769133625,5.062635300961855
2024,P,tier3,fip,660853,Enyel De Los Santos,28.0,261.0,277.0,3.920278262393464,5.951895646661357,3.4106919984139785,4.456501320256908
2024,P,tier3,fip,670280,David Bednar,29.0,270.0,257.0,2.6472593801913797,4.6758840859677155,2.1859126006468426,3.0943623030915015
2024,P,tier3,fip,489446,Kirby Yates,37.0,252.0,231.0,4.322298002003938,2.29378753855325,3.7025653838699824,4.9760004644906
2024,P,tier3,fip,670970,Adrian Morejon,25.0,43.0,269.0,4.746330772206162,2.730691458179682,3.91271665795015,5.665836931890084
2024,P,tier3,fip,679885,Justin Martinez,22.0,56.0,301.0,4.369077265519649,2.3762075732668624,3.5755637145578274,5.140250502082234
2024,P,tier3,fip,641771,Chad Kuhl,31.0,184.0,236.0,6.013827153643116,4.083145646661357,5.265786428404215,6.781234642676157
2024,P,tier3,fip,621111,Walker Buehler,29.0,0.0,343.0,3.6649993710419935,5.5780018413516235,2.9547028059905736,4.382217519627444
2024,P,tier3,fip,671106,Logan Allen,25.0,534.0,431.0,4.09100989694481,5.903950441181905,3.6537150891721204,4.576410038186884
2024,P,tier3,fip,664875,Justin Lawrence,29.0,319.0,276.0,3.8396270001454123,5.615303467890408,3.395943848252176,4.289366385373071
2024,P,tier3,fip,663773,Bryan Hoeing,27.0,302.0,209.0,5.038232717774832,3.295063348524712,4.497119232570762,5.675115953354036
2024,P,tier3,fip,657649,Jared Koenig,30.0,0.0,259.0,4.836826967267716,3.121250485371035,4.129481006429224,5.596743790326575
2024,P,tier3,fip,689147,Orion Kerkering,23.0,14.0,256.0,4.142303372221605,2.4558639006296117,3.1602908197927237,5.088518434454705
2024,P,tier3,fip,573009,Joe Mantiply,33.0,156.0,236.0,3.7668436828530862,2.1963090544825867,3.282960172631488,4.293242788481979
2024,P,tier3,fip,656629,Michael Kopech,28.0,590.0,276.0,5.531067712363894,3.970368553065298,5.04063896535234,6.076372677161715
2024,P,tier3,fip,695243,Mason Miller,25.0,139.0,246.0,3.638233700790169,2.0788187235844338,3.0714619181847786,4.201394508616448
2024,P,tier3,fip,596133,Luke Weaver,30.0,563.0,330.0,4.911769387432861,3.3685623133280247,4.4599412870345505,5.435329299551889
2024,P,tier3,fip,643377,Griffin Jax,29.0,272.0,273.0,3.4608088443352045,1.934290012858541,3.05248387126572,3.878982038556765
2024,P,tier3,fip,519242,Chris Sale,35.0,424.0,700.0,3.6377259132068605,2.1212202245225207,3.185028489012062,4.123487066624857
2024,P,tier3,fip,519008,T.J. McFarland,35.0,11.0,229.0,5.097595948539331,3.5901309407790043,4.351458583654429,5.985215147138386
2024,P,tier3,fip,621242,Edwin Díaz,30.0,0.0,216.0,1.6078921250746594,3.052827323679992,0.885790403404333,2.3279127665614854
2024,P,tier3,fip,669194,Ryne Nelson,26.0,616.0,627.0,5.145859032361931,3.7328690979887913,4.640463908406083,5.739530267199267
2024,P,tier3,fip,676979,Garrett Crochet,25.0,63.0,595.0,4.053237938217309,2.7224435918668375,3.3054190243646753,4.8035732120229975
2024,P,tier3,fip,668674,Lucas Erceg,29.0,250.0,251.0,3.8008118349349176,2.472165916931628,3.2938216612256306,4.307627934242115
2024,P,tier3,fip,676395,Robert Garcia,28.0,122.0,249.0,3.6746732357830565,2.363906819845715,3.024093607743277,4.329441798130051
2024,P,tier3,fip,641729,Joe Jiménez,29.0,236.0,276.0,3.628444326203596,2.328109238894368,3.0900207598412672,4.233932227128179
2024,P,tier3,fip,676974,Max Meyer,25.0,0.0,248.0,4.662451804659499,5.938737751924515,3.5007646563981933,5.8035379390846895
2024,P,tier3,fip,502085,David Robertson,39.0,266.0,291.0,3.7973330005829897,2.521340091105802,3.321921444565019,4.325996035095334
2024,P,tier3,fip,621383,Tanner Banks,32.0,254.0,308.0,4.4755916761894134,3.201895646661358,3.92853269388435,5.064530798509863
2024,P,tier3,fip,668338,Tyson Miller,28.0,64.0,234.0,4.970950295882503,3.7018956466613573,4.262975875919975,5.733032976003343
