tier,role,target,stat,age_bucket,pt_bucket,history_bucket,n,mean_error,rmse,cov80
marcel,H,2021,babip,25-27,150-400,1,1,0.02741897130485732,0.02741897130485732,
marcel,H,2021,babip,25-27,150-400,2,7,-0.00027639755275394966,0.03061325266700397,
marcel,H,2021,babip,25-27,150-400,3+,37,0.016181190542120548,0.03713120823117236,
marcel,H,2021,babip,25-27,<150,1,11,0.000780498478577603,0.04387239948040398,
marcel,H,2021,babip,25-27,<150,2,22,-0.0038130381675145586,0.03039676747050585,
marcel,H,2021,babip,25-27,<150,3+,25,0.0010704986013025629,0.026730038297945943,
marcel,H,2021,babip,28-30,150-400,1,1,-0.010740681524392892,0.010740681524392892,
marcel,H,2021,babip,28-30,150-400,2,2,0.07239234821152875,0.07239811044757954,
marcel,H,2021,babip,28-30,150-400,3+,55,0.006901500091553994,0.03201698739293287,
marcel,H,2021,babip,28-30,<150,1,3,-0.03728350682639447,0.042046890789500024,
marcel,H,2021,babip,28-30,<150,2,12,0.012291760706168128,0.04120971707573972,
marcel,H,2021,babip,28-30,<150,3+,37,0.0011534263657568345,0.03329027514215415,
marcel,H,2021,babip,31-33,150-400,2,3,0.013360901963773568,0.02772567685370466,
marcel,H,2021,babip,31-33,150-400,3+,41,0.013222544160436825,0.030387270539520436,
marcel,H,2021,babip,31-33,<150,1,1,-0.029291823138217543,0.029291823138217543,
marcel,H,2021,babip,31-33,<150,2,1,0.0031275177739854554,0.0031275177739854554,
marcel,H,2021,babip,31-33,<150,3+,21,0.005860857226189288,0.030785428397061096,
marcel,H,2021,babip,<=24,150-400,1,2,-0.02171948567352632,0.06156825595243033,
marcel,H,2021,babip,<=24,150-400,2,5,-0.007684442061480954,0.039092091576317586,
marcel,H,2021,babip,<=24,150-400,3+,6,0.01077982750491183,0.01935916076406982,
marcel,H,2021,babip,<=24,<150,1,12,0.002102296526704156,0.034721782396598636,
marcel,H,2021,babip,<=24,<150,2,9,0.016221341089460273,0.03230509788264236,
marcel,H,2021,babip,<=24,<150,3+,2,0.03112128617919928,0.03178677911013408,
marcel,H,2021,babip,>=34,150-400,3+,19,0.006466444951766148,0.029893094564865944,
marcel,H,2021,babip,>=34,<150,1,2,-0.05631419462146889,0.056995029791055744,
marcel,H,2021,babip,>=34,<150,2,4,-0.005692055439119896,0.03545637507912212,
marcel,H,2021,babip,>=34,<150,3+,4,0.037305709927184544,0.053316673177734294,
tier2,H,2021,babip,25-27,150-400,1,1,0.018455678940607845,0.018455678940607845,1.0
tier2,H,2021,babip,25-27,150-400,2,7,-0.010797876333457234,0.029534764783564878,0.5714285714285714
tier2,H,2021,babip,25-27,150-400,3+,37,0.004965649470224902,0.03288945240001382,0.4864864864864865
tier2,H,2021,babip,25-27,<150,1,11,-0.006873758460081423,0.045692766667040016,0.18181818181818182
tier2,H,2021,babip,25-27,<150,2,22,-0.011485321181320824,0.03258395421404032,0.6363636363636364
tier2,H,2021,babip,25-27,<150,3+,25,-0.008742392118982364,0.02892205785198691,0.56
tier2,H,2021,babip,28-30,150-400,1,1,0.007687911931372637,0.007687911931372637,1.0
tier2,H,2021,babip,28-30,150-400,2,2,0.06083438802911996,0.06085794150806555,0.0
tier2,H,2021,babip,28-30,150-400,3+,55,-0.001103321793995333,0.0317101698511302,0.38181818181818183
tier2,H,2021,babip,28-30,<150,1,3,-0.044706213753879516,0.047942890881664785,0.3333333333333333
tier2,H,2021,babip,28-30,<150,2,12,0.005425919936832884,0.03735891172455622,0.25
tier2,H,2021,babip,28-30,<150,3+,37,-0.005268772273527988,0.03374940366611836,0.4864864864864865
tier2,H,2021,babip,31-33,150-400,2,3,-0.013051235898020522,0.02217707347771856,0.6666666666666666
tier2,H,2021,babip,31-33,150-400,3+,41,0.0047462456221618815,0.027437750411081572,0.4634146341463415
tier2,H,2021,babip,31-33,<150,1,1,-0.027604821943443936,0.027604821943443936,1.0
tier2,H,2021,babip,31-33,<150,2,1,-0.008987880790875202,0.008987880790875202,1.0
tier2,H,2021,babip,31-33,<150,3+,21,-0.007153814087466523,0.027919363653511567,0.47619047619047616
tier2,H,2021,babip,<=24,150-400,1,2,-0.04468271435058593,0.060982788635032134,0.5
tier2,H,2021,babip,<=24,150-400,2,5,-0.018927897673830674,0.037002694325505917,0.8
tier2,H,2021,babip,<=24,150-400,3+,6,-0.0016115706498164278,0.016255252177938436,0.8333333333333334
tier2,H,2021,babip,<=24,<150,1,12,-0.0076955953829571915,0.02748445326585587,0.5
tier2,H,2021,babip,<=24,<150,2,9,-0.0002867077631568519,0.02418593523705153,0.7777777777777778
tier2,H,2021,babip,<=24,<150,3+,2,0.01807998673755945,0.019421151143801465,0.5
tier2,H,2021,babip,>=34,150-400,3+,19,-0.004199214585333608,0.02894615115250111,0.5789473684210527
tier2,H,2021,babip,>=34,<150,1,2,-0.0736062540909765,0.07360642553437245,0.0
tier2,H,2021,babip,>=34,<150,2,4,-0.02228902292483911,0.037443449089326945,0.25
tier2,H,2021,babip,>=34,<150,3+,4,0.025934867882928255,0.04849920443176388,0.75
tier3,H,2021,babip,25-27,150-400,1,1,0.020843029859068773,0.020843029859068773,1.0
tier3,H,2021,babip,25-27,150-400,2,7,-0.012967972175716573,0.03123707105229202,0.5714285714285714
tier3,H,2021,babip,25-27,150-400,3+,37,0.007987864329543064,0.032691138168093686,0.5945945945945946
tier3,H,2021,babip,25-27,<150,1,11,-0.01113339904384373,0.04799223929875743,0.36363636363636365
tier3,H,2021,babip,25-27,<150,2,22,-0.009964644327710447,0.033628909523773946,0.6363636363636364
tier3,H,2021,babip,25-27,<150,3+,25,-0.010202261052624726,0.032633730599748556,0.56
tier3,H,2021,babip,28-30,150-400,1,1,0.01666199464168111,0.01666199464168111,1.0
tier3,H,2021,babip,28-30,150-400,2,2,0.06676640864226692,0.0667885264675148,0.0
tier3,H,2021,babip,28-30,150-400,3+,55,0.0013792382147670519,0.032182376068224654,0.5272727272727272
tier3,H,2021,babip,28-30,<150,1,3,-0.05507180849053049,0.05713140427321844,0.0
tier3,H,2021,babip,28-30,<150,2,12,0.001016943976517506,0.0383126112210636,0.3333333333333333
tier3,H,2021,babip,28-30,<150,3+,37,-0.009634775334110671,0.03629128740375569,0.5405405405405406
tier3,H,2021,babip,31-33,150-400,2,3,0.0040439742057821046,0.010659383361425738,1.0
tier3,H,2021,babip,31-33,150-400,3+,41,0.0054201547417428025,0.029996137634883884,0.5121951219512195
tier3,H,2021,babip,31-33,<150,1,1,-0.03361902236475972,0.03361902236475972,0.0
tier3,H,2021,babip,31-33,<150,2,1,-0.019032642562105517,0.019032642562105517,1.0
tier3,H,2021,babip,31-33,<150,3+,21,-0.006886260059515088,0.02704321723949931,0.47619047619047616
tier3,H,2021,babip,<=24,150-400,1,2,-0.042568414408071936,0.05752971755118181,0.5
tier3,H,2021,babip,<=24,150-400,2,5,-0.004076137016034666,0.03510611628016623,0.6
tier3,H,2021,babip,<=24,150-400,3+,6,0.006388385138781918,0.01566067194069934,0.8333333333333334
tier3,H,2021,babip,<=24,<150,1,12,-0.008105003708601483,0.025395004424220616,0.5
tier3,H,2021,babip,<=24,<150,2,9,-0.001476586059301556,0.022187623804230963,0.8888888888888888
tier3,H,2021,babip,<=24,<150,3+,2,0.018979366030988497,0.021976753327526615,0.5
tier3,H,2021,babip,>=34,150-400,3+,19,-0.004479926376411419,0.030350322444742308,0.6842105263157895
tier3,H,2021,babip,>=34,<150,1,2,-0.06457554934462564,0.06469697294020278,0.0
tier3,H,2021,babip,>=34,<150,2,4,-0.01725449709752689,0.042504852466411655,0.5
tier3,H,2021,babip,>=34,<150,3+,4,0.02832789350608938,0.048358713542573165,0.75
marcel,H,2022,babip,25-27,150-400,1,7,0.009783684982183936,0.03842699956542171,
marcel,H,2022,babip,25-27,150-400,2,8,0.022513842957462026,0.025304821327443803,
marcel,H,2022,babip,25-27,150-400,3+,23,0.01152432960608468,0.03373461900065824,
marcel,H,2022,babip,25-27,<150,1,9,0.031233828420900757,0.039450966663871254,
marcel,H,2022,babip,25-27,<150,2,3,-0.0038148975586294633,0.008511490877858695,
marcel,H,2022,babip,25-27,<150,3+,6,0.009460470910196245,0.0175918421252683,
marcel,H,2022,babip,25-27,>400,1,1,0.018470511799179523,0.018470511799179523,
marcel,H,2022,babip,25-27,>400,2,4,0.022664867757707607,0.026574820727111897,
marcel,H,2022,babip,25-27,>400,3+,40,0.014233283468681353,0.03231563717956318,
marcel,H,2022,babip,28-30,150-400,2,4,0.020074936717921252,0.03923041942865435,
marcel,H,2022,babip,28-30,150-400,3+,29,0.012282386901895839,0.034919514140397324,
marcel,H,2022,babip,28-30,<150,1,1,-0.01690883668942017,0.01690883668942017,
marcel,H,2022,babip,28-30,<150,2,2,-0.049997915684698614,0.07821668474997628,
marcel,H,2022,babip,28-30,<150,3+,5,-0.008707054906242812,0.011044607885229703,
marcel,H,2022,babip,28-30,>400,2,3,0.01109346879960011,0.018095883916557587,
marcel,H,2022,babip,28-30,>400,3+,52,0.0028832919268911503,0.03302845733835785,
marcel,H,2022,babip,31-33,150-400,2,2,0.02323128807493632,0.02557185267464526,
marcel,H,2022,babip,31-33,150-400,3+,22,0.012027991208671297,0.025503701794974475,
marcel,H,2022,babip,31-33,<150,1,2,-0.07462559445211642,0.0756173371080864,
marcel,H,2022,babip,31-33,<150,2,1,-0.009506697112525053,0.009506697112525053,
marcel,H,2022,babip,31-33,<150,3+,1,-0.010469309790251458,0.010469309790251458,
marcel,H,2022,babip,31-33,>400,2,2,0.00814416836153004,0.017979203049029793,
marcel,H,2022,babip,31-33,>400,3+,38,0.009346536303801544,0.03041202894696728,
marcel,H,2022,babip,<=24,150-400,1,2,0.007606235143749182,0.018639103920416882,
marcel,H,2022,babip,<=24,150-400,2,7,-0.023282723976505923,0.04219494531745773,
marcel,H,2022,babip,<=24,150-400,3+,2,-0.023100509491067754,0.028761890061172534,
marcel,H,2022,babip,<=24,<150,1,6,0.0062607766594621715,0.043382642989694624,
marcel,H,2022,babip,<=24,<150,2,4,0.034836557451216194,0.05807342932507849,
marcel,H,2022,babip,<=24,>400,1,2,0.0007965794673317622,0.02509986229564797,
marcel,H,2022,babip,<=24,>400,2,2,0.03390942432146467,0.035989349709761254,
marcel,H,2022,babip,<=24,>400,3+,3,0.03483700300452215,0.05121540557945446,
marcel,H,2022,babip,>=34,150-400,2,2,0.019989571543822967,0.04444071807683055,
marcel,H,2022,babip,>=34,150-400,3+,6,0.0017510231510935545,0.016507989529101326,
marcel,H,2022,babip,>=34,<150,3+,1,0.03691647007164378,0.03691647007164378,
marcel,H,2022,babip,>=34,>400,3+,20,-0.0022845974641531614,0.02673095224793601,
tier2,H,2022,babip,25-27,150-400,1,7,0.0062357984683866574,0.03601095662417006,0.7142857142857143
tier2,H,2022,babip,25-27,150-400,2,8,0.014581298995873595,0.015894673037076416,0.75
tier2,H,2022,babip,25-27,150-400,3+,23,0.005612033871227003,0.03399854572960175,0.5652173913043478
tier2,H,2022,babip,25-27,<150,1,9,0.020783399457340795,0.03496397020043803,0.4444444444444444
tier2,H,2022,babip,25-27,<150,2,3,-0.013889654903582878,0.017577570042743622,1.0
tier2,H,2022,babip,25-27,<150,3+,6,0.009660753166618997,0.012821127898314362,1.0
tier2,H,2022,babip,25-27,>400,1,1,0.006023377567328236,0.006023377567328236,1.0
tier2,H,2022,babip,25-27,>400,2,4,0.010901176035848979,0.018963291941089665,0.75
tier2,H,2022,babip,25-27,>400,3+,40,0.005963866829435181,0.028397896402206788,0.6
tier2,H,2022,babip,28-30,150-400,2,4,0.007555483559450231,0.02958574951939273,0.25
tier2,H,2022,babip,28-30,150-400,3+,29,0.006004051539000469,0.03299042655533773,0.41379310344827586
tier2,H,2022,babip,28-30,<150,1,1,-0.001493636921802044,0.001493636921802044,1.0
tier2,H,2022,babip,28-30,<150,2,2,-0.04804656307231494,0.07907435764020855,0.5
tier2,H,2022,babip,28-30,<150,3+,5,-0.008202350860122465,0.015582876683675823,0.8
tier2,H,2022,babip,28-30,>400,2,3,0.0039521398467482665,0.01674161339613727,1.0
tier2,H,2022,babip,28-30,>400,3+,52,-0.0013027723804149116,0.032176565427860876,0.46153846153846156
tier2,H,2022,babip,31-33,150-400,2,2,0.006289050482383976,0.007395536352655301,1.0
tier2,H,2022,babip,31-33,150-400,3+,22,0.0017059897188941768,0.025596292066707233,0.5909090909090909
tier2,H,2022,babip,31-33,<150,1,2,-0.09241088116481319,0.09660535045563812,0.0
tier2,H,2022,babip,31-33,<150,2,1,-0.025678478833390583,0.025678478833390583,1.0
tier2,H,2022,babip,31-33,<150,3+,1,-0.02431049297929999,0.02431049297929999,0.0
tier2,H,2022,babip,31-33,>400,2,2,-0.007464645170713761,0.007483412368874358,1.0
tier2,H,2022,babip,31-33,>400,3+,38,0.0027386446440800694,0.02707827981849553,0.5263157894736842
tier2,H,2022,babip,<=24,150-400,1,2,-0.02000994498505236,0.03449355279698927,0.5
tier2,H,2022,babip,<=24,150-400,2,7,-0.027455439775346018,0.04117545002169809,0.2857142857142857
tier2,H,2022,babip,<=24,150-400,3+,2,-0.028658295452884983,0.03470515714524479,0.5
tier2,H,2022,babip,<=24,<150,1,6,0.0046514245458181905,0.03998184448050384,0.3333333333333333
tier2,H,2022,babip,<=24,<150,2,4,0.033935520179832895,0.062132409960649365,0.25
tier2,H,2022,babip,<=24,>400,1,2,-0.0007965376826782611,0.013962950804997664,1.0
tier2,H,2022,babip,<=24,>400,2,2,0.022290369564772622,0.024676571180446596,0.5
tier2,H,2022,babip,<=24,>400,3+,3,0.022569974372480903,0.04514720682019689,0.3333333333333333
tier2,H,2022,babip,>=34,150-400,2,2,0.00800604882246647,0.03374654835577035,0.0
tier2,H,2022,babip,>=34,150-400,3+,6,-0.010052875612808017,0.020760175289303278,0.5
tier2,H,2022,babip,>=34,<150,3+,1,0.02174825299961891,0.02174825299961891,1.0
tier2,H,2022,babip,>=34,>400,3+,20,-0.009422692062448695,0.026684223671671073,0.6
tier3,H,2022,babip,25-27,150-400,1,7,0.007473108129530505,0.03381237905975974,0.7142857142857143
tier3,H,2022,babip,25-27,150-400,2,8,0.008959101886990273,0.01522031237349709,0.875
tier3,H,2022,babip,25-27,150-400,3+,23,0.003597635982748339,0.035245076515561066,0.5217391304347826
tier3,H,2022,babip,25-27,<150,1,9,0.016743844658965393,0.03425222752477602,0.5555555555555556
tier3,H,2022,babip,25-27,<150,2,3,-0.01841398388488609,0.022095944450522275,1.0
tier3,H,2022,babip,25-27,<150,3+,6,0.006697620685689019,0.012689008858704947,1.0
tier3,H,2022,babip,25-27,>400,1,1,0.005864125970633571,0.005864125970633571,1.0
tier3,H,2022,babip,25-27,>400,2,4,0.011210129774478682,0.01975227351484365,0.75
tier3,H,2022,babip,25-27,>400,3+,40,0.00841276424382667,0.028715852974278554,0.625
tier3,H,2022,babip,28-30,150-400,2,4,0.0041850281347520345,0.03000201771890582,0.5
tier3,H,2022,babip,28-30,150-400,3+,29,0.009127285805412978,0.03641942530777371,0.5172413793103449
tier3,H,2022,babip,28-30,<150,1,1,-0.014948800339805335,0.014948800339805335,1.0
tier3,H,2022,babip,28-30,<150,2,2,-0.056413496273149205,0.08519795331300949,0.5
tier3,H,2022,babip,28-30,<150,3+,5,-0.00312233165867922,0.016579014286860358,1.0
tier3,H,2022,babip,28-30,>400,2,3,0.0019724994242757664,0.009121708710464681,1.0
tier3,H,2022,babip,28-30,>400,3+,52,0.00029328509975070586,0.0333614195203752,0.4807692307692308
tier3,H,2022,babip,31-33,150-400,2,2,0.011868712930004395,0.014285908704713446,1.0
tier3,H,2022,babip,31-33,150-400,3+,22,0.005274726902332053,0.026648287597023635,0.5454545454545454
tier3,H,2022,babip,31-33,<150,1,2,-0.08627938411119905,0.08829346797272111,0.0
tier3,H,2022,babip,31-33,<150,2,1,-0.030695977386095308,0.030695977386095308,1.0
tier3,H,2022,babip,31-33,<150,3+,1,-0.022490775618184744,0.022490775618184744,1.0
tier3,H,2022,babip,31-33,>400,2,2,0.013031143075405555,0.0187852236645681,0.5
tier3,H,2022,babip,31-33,>400,3+,38,0.002231101976312922,0.028212278448607964,0.6842105263157895
tier3,H,2022,babip,<=24,150-400,1,2,-0.017484431506017133,0.03394167085011665,0.5
tier3,H,2022,babip,<=24,150-400,2,7,-0.027829596515089608,0.04409932846613011,0.2857142857142857
tier3,H,2022,babip,<=24,150-400,3+,2,-0.020303776883988697,0.03264940395154566,0.5
tier3,H,2022,babip,<=24,<150,1,6,-0.0026055381218563264,0.042199584035361955,0.3333333333333333
tier3,H,2022,babip,<=24,<150,2,4,0.027876605222016775,0.05787917567390893,0.25
tier3,H,2022,babip,<=24,>400,1,2,0.0035076181475713957,0.01236164267891975,1.0
tier3,H,2022,babip,<=24,>400,2,2,0.01964982495518062,0.020099768609587336,1.0
tier3,H,2022,babip,<=24,>400,3+,3,0.03691662244789809,0.057493656076779524,0.3333333333333333
tier3,H,2022,babip,>=34,150-400,2,2,0.014531599932535277,0.04761811148090322,0.0
tier3,H,2022,babip,>=34,150-400,3+,6,-0.004687023851557184,0.025594748592983437,0.3333333333333333
tier3,H,2022,babip,>=34,<150,3+,1,0.020775496287098183,0.020775496287098183,1.0
tier3,H,2022,babip,>=34,>400,3+,20,-0.005716665343379394,0.027006442155366035,0.55
marcel,H,2023,babip,25-27,150-400,1,5,0.046467361448964246,0.04700871864559673,
marcel,H,2023,babip,25-27,150-400,2,16,-0.003836193682645694,0.034290306228270354,
marcel,H,2023,babip,25-27,150-400,3+,12,-0.00048759913205578386,0.03522887123676502,
marcel,H,2023,babip,25-27,<150,1,10,-0.035846920027021764,0.04925886499903722,
marcel,H,2023,babip,25-27,<150,2,5,0.017634055001925133,0.0579931553492175,
marcel,H,2023,babip,25-27,<150,3+,1,-0.11783616923745643,0.11783616923745643,
marcel,H,2023,babip,25-27,>400,1,5,-0.0032191964423728225,0.02167240572753276,
marcel,H,2023,babip,25-27,>400,2,8,-0.0034666732602169235,0.02909211470015495,
marcel,H,2023,babip,25-27,>400,3+,24,-0.0023223767520591776,0.028681064805854153,
marcel,H,2023,babip,28-30,150-400,3+,28,-0.0027927374628987723,0.02620758552004359,
marcel,H,2023,babip,28-30,<150,1,3,0.029273139503612357,0.047569707295649105,
marcel,H,2023,babip,28-30,<150,2,4,-0.010012215640734921,0.025659932072969748,
marcel,H,2023,babip,28-30,<150,3+,4,-0.026940270121396964,0.03570958574915685,
marcel,H,2023,babip,28-30,>400,1,1,-0.026707412882227832,0.026707412882227832,
marcel,H,2023,babip,28-30,>400,2,2,-0.014583558797567404,0.014863429641361182,
marcel,H,2023,babip,28-30,>400,3+,60,0.0035210101568344497,0.02915288089773813,
marcel,H,2023,babip,31-33,150-400,1,2,0.006591174596854645,0.011137765420729556,
marcel,H,2023,babip,31-33,150-400,2,2,0.01478903400106946,0.014789997030939028,
marcel,H,2023,babip,31-33,150-400,3+,16,-0.0018781127214315936,0.0329031144462932,
marcel,H,2023,babip,31-33,<150,2,1,-0.029665578194494502,0.029665578194494502,
marcel,H,2023,babip,31-33,<150,3+,2,-0.014155539619783539,0.02433182247195638,
marcel,H,2023,babip,31-33,>400,2,1,-0.03331781779334714,0.03331781779334714,
marcel,H,2023,babip,31-33,>400,3+,40,-0.006418308046549891,0.03240069962654572,
marcel,H,2023,babip,<=24,150-400,1,8,-0.014375185220299421,0.04629534574278636,
marcel,H,2023,babip,<=24,150-400,2,5,-0.01245126399973754,0.06366425814129102,
marcel,H,2023,babip,<=24,150-400,3+,3,0.0032586199171019212,0.021010771151484763,
marcel,H,2023,babip,<=24,<150,1,20,-0.0008555352221899816,0.031432125845327126,
marcel,H,2023,babip,<=24,<150,2,1,0.01992664525721699,0.01992664525721699,
marcel,H,2023,babip,<=24,>400,1,8,-0.0015862545769044123,0.020371736762106765,
marcel,H,2023,babip,<=24,>400,2,1,-0.025503589530129933,0.025503589530129933,
marcel,H,2023,babip,<=24,>400,3+,6,0.027698869831896823,0.03116708623975928,
marcel,H,2023,babip,>=34,150-400,3+,10,-0.021484280039175303,0.03982353050314196,
marcel,H,2023,babip,>=34,<150,3+,1,0.02687275659991467,0.02687275659991467,
marcel,H,2023,babip,>=34,>400,3+,20,-0.0002687462048664086,0.02482113510298021,
tier2,H,2023,babip,25-27,150-400,1,5,0.04308137727177347,0.04366422655601061,0.0
tier2,H,2023,babip,25-27,150-400,2,16,-0.012962483430558428,0.03501826926470127,0.4375
tier2,H,2023,babip,25-27,150-400,3+,12,-0.009539766382392172,0.03425798159845357,0.4166666666666667
tier2,H,2023,babip,25-27,<150,1,10,-0.04812620245386422,0.05841690441678165,0.2
tier2,H,2023,babip,25-27,<150,2,5,0.009289927168413615,0.05232485187906511,0.6
tier2,H,2023,babip,25-27,<150,3+,1,-0.12217515409295115,0.12217515409295115,0.0
tier2,H,2023,babip,25-27,>400,1,5,-0.01038286554250872,0.019897621027930686,0.6
tier2,H,2023,babip,25-27,>400,2,8,-0.007313002506337094,0.03382023253110972,0.375
tier2,H,2023,babip,25-27,>400,3+,24,-0.00805033855013966,0.027549641724839802,0.5
tier2,H,2023,babip,28-30,150-400,3+,28,-0.005691162792296474,0.024726292917485005,0.6785714285714286
tier2,H,2023,babip,28-30,<150,1,3,0.02186213990509981,0.046198769652004194,0.3333333333333333
tier2,H,2023,babip,28-30,<150,2,4,-0.011791873668217758,0.025117633772084185,0.75
tier2,H,2023,babip,28-30,<150,3+,4,-0.03668377322304972,0.04400220162250554,0.25
tier2,H,2023,babip,28-30,>400,1,1,-0.032418804795699085,0.032418804795699085,0.0
tier2,H,2023,babip,28-30,>400,2,2,-0.022356057464426066,0.022773815307640236,0.5
tier2,H,2023,babip,28-30,>400,3+,60,-0.0026014075557856823,0.027079785204639172,0.5166666666666667
tier2,H,2023,babip,31-33,150-400,1,2,-0.008605682648983367,0.012230276672054015,1.0
tier2,H,2023,babip,31-33,150-400,2,2,0.00722246793704603,0.009723640220209733,1.0
tier2,H,2023,babip,31-33,150-400,3+,16,-0.008775337004566373,0.0330667313611445,0.375
tier2,H,2023,babip,31-33,<150,2,1,-0.03491533722500251,0.03491533722500251,0.0
tier2,H,2023,babip,31-33,<150,3+,2,-0.026119740931351536,0.028782626836708704,0.5
tier2,H,2023,babip,31-33,>400,2,1,-0.0343490818444811,0.0343490818444811,0.0
tier2,H,2023,babip,31-33,>400,3+,40,-0.011692728348974661,0.032825274483279494,0.35
tier2,H,2023,babip,<=24,150-400,1,8,-0.017210101216693717,0.04620057508495187,0.375
tier2,H,2023,babip,<=24,150-400,2,5,-0.01579219619704583,0.05538876743353643,0.6
tier2,H,2023,babip,<=24,150-400,3+,3,0.0007102286366586141,0.017382139235787016,0.6666666666666666
tier2,H,2023,babip,<=24,<150,1,20,-0.01116428306223075,0.03367986619723489,0.5
tier2,H,2023,babip,<=24,<150,2,1,0.02953515110810956,0.02953515110810956,0.0
tier2,H,2023,babip,<=24,>400,1,8,-0.010500510362914307,0.025109613233336752,0.75
tier2,H,2023,babip,<=24,>400,2,1,-0.024776856584632467,0.024776856584632467,0.0
tier2,H,2023,babip,<=24,>400,3+,6,0.019893649565307567,0.022454591146064344,0.3333333333333333
tier2,H,2023,babip,>=34,150-400,3+,10,-0.030005390939302594,0.04756986866151092,0.1
tier2,H,2023,babip,>=34,<150,3+,1,0.0073223817298344596,0.0073223817298344596,1.0
tier2,H,2023,babip,>=34,>400,3+,20,-0.006046996120711183,0.02073857725443152,0.5
tier3,H,2023,babip,25-27,150-400,1,5,0.0436659331186011,0.04455923232666464,0.0
tier3,H,2023,babip,25-27,150-400,2,16,-0.012770523107905073,0.035695898161009994,0.625
tier3,H,2023,babip,25-27,150-400,3+,12,-0.008381708318763845,0.03228488689215602,0.5833333333333334
tier3,H,2023,babip,25-27,<150,1,10,-0.04892874617290569,0.059838045264615544,0.2
tier3,H,2023,babip,25-27,<150,2,5,0.0036559146598605253,0.05168380269199538,0.6
tier3,H,2023,babip,25-27,<150,3+,1,-0.1286165638464007,0.1286165638464007,0.0
tier3,H,2023,babip,25-27,>400,1,5,-0.012591957182126105,0.01779269010516664,0.6
tier3,H,2023,babip,25-27,>400,2,8,-0.0077063901484837345,0.03498847586578893,0.5
tier3,H,2023,babip,25-27,>400,3+,24,-0.00562321218205184,0.03023870221708045,0.625
tier3,H,2023,babip,28-30,150-400,3+,28,-0.003945105838131827,0.029273471342904023,0.6785714285714286
tier3,H,2023,babip,28-30,<150,1,3,0.020056650295480455,0.0460322567039079,0.3333333333333333
tier3,H,2023,babip,28-30,<150,2,4,-0.012203341573106765,0.024111445514199956,0.75
tier3,H,2023,babip,28-30,<150,3+,4,-0.03355316814066708,0.03902783555864049,0.25
tier3,H,2023,babip,28-30,>400,1,1,-0.03075963959493805,0.03075963959493805,0.0
tier3,H,2023,babip,28-30,>400,2,2,-0.02689691678472531,0.02764377950114429,0.5
tier3,H,2023,babip,28-30,>400,3+,60,-0.00018600344654046873,0.027643060250534233,0.6
tier3,H,2023,babip,31-33,150-400,1,2,-0.006196976321834657,0.012398790824356552,1.0
tier3,H,2023,babip,31-33,150-400,2,2,0.00868641371861339,0.018475240199414152,0.5
tier3,H,2023,babip,31-33,150-400,3+,16,-0.0060116845481546855,0.02994317096992286,0.4375
tier3,H,2023,babip,31-33,<150,2,1,-0.038413139797429274,0.038413139797429274,0.0
tier3,H,2023,babip,31-33,<150,3+,2,-0.03835291505156724,0.041901309608965945,0.5
tier3,H,2023,babip,31-33,>400,2,1,-0.04251574079076603,0.04251574079076603,0.0
tier3,H,2023,babip,31-33,>400,3+,40,-0.00984478471451903,0.032940801121034924,0.55
tier3,H,2023,babip,<=24,150-400,1,8,-0.017246913011097,0.04578608184941805,0.5
tier3,H,2023,babip,<=24,150-400,2,5,-0.017199820939212677,0.051616548593341104,0.6
tier3,H,2023,babip,<=24,150-400,3+,3,0.005719931396580788,0.021644137416728035,0.6666666666666666
tier3,H,2023,babip,<=24,<150,1,20,-0.014091036203869827,0.03682197149062784,0.45
tier3,H,2023,babip,<=24,<150,2,1,0.04700785641516919,0.04700785641516919,0.0
tier3,H,2023,babip,<=24,>400,1,8,-0.0057929100004235606,0.023300036112551655,0.875
tier3,H,2023,babip,<=24,>400,2,1,-0.030891355144579358,0.030891355144579358,0.0
tier3,H,2023,babip,<=24,>400,3+,6,0.02347514463927091,0.025703648439959596,0.5
tier3,H,2023,babip,>=34,150-400,3+,10,-0.02470245129145712,0.0487571065199401,0.3
tier3,H,2023,babip,>=34,<150,3+,1,0.001558438594033984,0.001558438594033984,1.0
tier3,H,2023,babip,>=34,>400,3+,20,-0.007494742046567126,0.023682199402767907,0.7
marcel,H,2024,babip,25-27,150-400,1,6,0.021750700372813868,0.03916460310767057,
marcel,H,2024,babip,25-27,150-400,2,15,0.004319368856200383,0.04248581006517864,
marcel,H,2024,babip,25-27,150-400,3+,13,0.012470644704871425,0.032881998199947464,
marcel,H,2024,babip,25-27,<150,1,12,0.002748437925451763,0.04215829860476673,
marcel,H,2024,babip,25-27,<150,2,8,-0.01712362815926509,0.02816487608337634,
marcel,H,2024,babip,25-27,<150,3+,8,-0.010533412371239066,0.04447670416173404,
marcel,H,2024,babip,25-27,>400,1,2,0.007688407088397853,0.03519775544118217,
marcel,H,2024,babip,25-27,>400,2,15,0.029314655536803857,0.037584186435034576,
marcel,H,2024,babip,25-27,>400,3+,37,0.011187165626508875,0.02591071202141759,
marcel,H,2024,babip,28-30,150-400,2,3,0.00801811157365218,0.02117097890608964,
marcel,H,2024,babip,28-30,150-400,3+,32,0.000972863990065988,0.030152923076064077,
marcel,H,2024,babip,28-30,<150,1,1,-0.008453446153654065,0.008453446153654065,
marcel,H,2024,babip,28-30,<150,2,1,-0.04183924740641737,0.04183924740641737,
marcel,H,2024,babip,28-30,<150,3+,4,2.5636567839151456e-05,0.024836505805031984,
marcel,H,2024,babip,28-30,>400,1,1,0.008238403343057976,0.008238403343057976,
marcel,H,2024,babip,28-30,>400,2,1,-0.04308454037823084,0.04308454037823084,
marcel,H,2024,babip,28-30,>400,3+,47,0.008141530188595765,0.03155353134646829,
marcel,H,2024,babip,31-33,150-400,2,1,-0.006151521544514982,0.006151521544514982,
marcel,H,2024,babip,31-33,150-400,3+,18,0.010318745732218342,0.03541586558634117,
marcel,H,2024,babip,31-33,<150,1,1,-0.03564565500658068,0.03564565500658068,
marcel,H,2024,babip,31-33,<150,2,1,0.03477364170273972,0.03477364170273972,
marcel,H,2024,babip,31-33,>400,2,2,0.021463253179797602,0.029171387701681904,
marcel,H,2024,babip,31-33,>400,3+,40,-0.0010965169239994842,0.03700344685237914,
marcel,H,2024,babip,<=24,150-400,1,4,0.01408666300348112,0.02714361329479243,
marcel,H,2024,babip,<=24,150-400,2,6,-0.005183948277852808,0.04265795090133135,
marcel,H,2024,babip,<=24,<150,1,14,0.004417684666497167,0.041135894282248245,
marcel,H,2024,babip,<=24,<150,2,3,-0.04300880047332305,0.043674184996398954,
marcel,H,2024,babip,<=24,>400,1,3,-0.023478989211275503,0.024160585652692815,
marcel,H,2024,babip,<=24,>400,2,13,0.011247093365660321,0.03966036372417577,
marcel,H,2024,babip,<=24,>400,3+,3,-0.012975591850659995,0.01771137066960214,
marcel,H,2024,babip,>=34,150-400,3+,10,0.007056073077915887,0.02922231362283066,
marcel,H,2024,babip,>=34,<150,2,1,-0.07442930339568526,0.07442930339568526,
marcel,H,2024,babip,>=34,>400,3+,22,0.0025869223873324953,0.0247091302722426,
tier2,H,2024,babip,25-27,150-400,1,6,0.00578297551838004,0.024728766007893473,0.6666666666666666
tier2,H,2024,babip,25-27,150-400,2,15,-0.0014193971234617063,0.03923709156957114,0.26666666666666666
tier2,H,2024,babip,25-27,150-400,3+,13,0.000668103201792075,0.028322250387508345,0.46153846153846156
tier2,H,2024,babip,25-27,<150,1,12,-0.008229131486680693,0.03771351551655437,0.5833333333333334
tier2,H,2024,babip,25-27,<150,2,8,-0.022594412869822302,0.030084398737437804,0.5
tier2,H,2024,babip,25-27,<150,3+,8,-0.017247483066365144,0.044807515706609104,0.25
tier2,H,2024,babip,25-27,>400,1,2,-0.0011570755619318314,0.022406482119888275,0.5
tier2,H,2024,babip,25-27,>400,2,15,0.019935264766024613,0.03135825931434804,0.6
tier2,H,2024,babip,25-27,>400,3+,37,0.0034746583288384142,0.022838369347970636,0.6216216216216216
tier2,H,2024,babip,28-30,150-400,2,3,-0.00693889940977564,0.021067433895180527,0.6666666666666666
tier2,H,2024,babip,28-30,150-400,3+,32,-0.004313659789218148,0.028385428343501325,0.3125
tier2,H,2024,babip,28-30,<150,1,1,-0.018506099709293067,0.018506099709293067,1.0
tier2,H,2024,babip,28-30,<150,2,1,-0.040185846720941776,0.040185846720941776,0.0
tier2,H,2024,babip,28-30,<150,3+,4,-0.0019804713719400522,0.022307165714450766,0.5
tier2,H,2024,babip,28-30,>400,1,1,0.004341230494463277,0.004341230494463277,1.0
tier2,H,2024,babip,28-30,>400,2,1,-0.052594515176811796,0.052594515176811796,0.0
tier2,H,2024,babip,28-30,>400,3+,47,0.003487168017078716,0.030227939028789397,0.44680851063829785
tier2,H,2024,babip,31-33,150-400,2,1,-0.010080279367421174,0.010080279367421174,1.0
tier2,H,2024,babip,31-33,150-400,3+,18,0.005807717704098672,0.031439948469984914,0.2777777777777778
tier2,H,2024,babip,31-33,<150,1,1,-0.023505812131986048,0.023505812131986048,1.0
tier2,H,2024,babip,31-33,<150,2,1,0.02080250966371555,0.02080250966371555,0.0
tier2,H,2024,babip,31-33,>400,2,2,0.019802743169362372,0.023661575501908727,0.5
tier2,H,2024,babip,31-33,>400,3+,40,-0.009233687966032623,0.03702442431743684,0.3
tier2,H,2024,babip,<=24,150-400,1,4,-0.003241499434084433,0.012958024850007528,1.0
tier2,H,2024,babip,<=24,150-400,2,6,-0.010308551098705508,0.04286766874084074,0.5
tier2,H,2024,babip,<=24,<150,1,14,-0.005828618961470869,0.03807692184706512,0.6428571428571429
tier2,H,2024,babip,<=24,<150,2,3,-0.0509460222357509,0.05315488517652076,0.0
tier2,H,2024,babip,<=24,>400,1,3,-0.03254803086228615,0.034930295024773024,0.3333333333333333
tier2,H,2024,babip,<=24,>400,2,13,-0.0031777666963451047,0.03402506099824691,0.38461538461538464
tier2,H,2024,babip,<=24,>400,3+,3,-0.022483330171352005,0.02560439483090483,0.3333333333333333
tier2,H,2024,babip,>=34,150-400,3+,10,0.0012753852029019994,0.027045943257782163,0.4
tier2,H,2024,babip,>=34,<150,2,1,-0.08354869118824959,0.08354869118824959,0.0
tier2,H,2024,babip,>=34,>400,3+,22,-0.004022760029874798,0.023642544735558144,0.5
tier3,H,2024,babip,25-27,150-400,1,6,0.0006600964462105093,0.02551391575190334,0.3333333333333333
tier3,H,2024,babip,25-27,150-400,2,15,0.0005834430998670956,0.03972389534295142,0.3333333333333333
tier3,H,2024,babip,25-27,150-400,3+,13,0.0035346539858739237,0.028393663584502963,0.6153846153846154
tier3,H,2024,babip,25-27,<150,1,12,-0.01248156485482655,0.038273573086636516,0.5
tier3,H,2024,babip,25-27,<150,2,8,-0.02442261725660965,0.03371196428142016,0.5
tier3,H,2024,babip,25-27,<150,3+,8,-0.017697015544736683,0.04644459354113413,0.125
tier3,H,2024,babip,25-27,>400,1,2,-0.00068523715161194,0.020978457335365873,0.5
tier3,H,2024,babip,25-27,>400,2,15,0.02187402080766558,0.037113730842015406,0.6
tier3,H,2024,babip,25-27,>400,3+,37,0.005705929815269529,0.02280490313266801,0.7837837837837838
tier3,H,2024,babip,28-30,150-400,2,3,0.007075823204702527,0.030006662579304986,0.3333333333333333
tier3,H,2024,babip,28-30,150-400,3+,32,-0.006396226389695333,0.028239392924800905,0.46875
tier3,H,2024,babip,28-30,<150,1,1,-0.018608016614503342,0.018608016614503342,1.0
tier3,H,2024,babip,28-30,<150,2,1,-0.03963705103026666,0.03963705103026666,0.0
tier3,H,2024,babip,28-30,<150,3+,4,-0.007553495333548483,0.020193153133774594,0.75
tier3,H,2024,babip,28-30,>400,1,1,0.006542767229571478,0.006542767229571478,1.0
tier3,H,2024,babip,28-30,>400,2,1,-0.04457310158230354,0.04457310158230354,0.0
tier3,H,2024,babip,28-30,>400,3+,47,0.0048102935421343515,0.030370825530728406,0.574468085106383
tier3,H,2024,babip,31-33,150-400,2,1,-0.004778154212213448,0.004778154212213448,1.0
tier3,H,2024,babip,31-33,150-400,3+,18,0.004650519171036429,0.029762554118879566,0.5555555555555556
tier3,H,2024,babip,31-33,<150,1,1,-0.020939695996104957,0.020939695996104957,1.0
tier3,H,2024,babip,31-33,<150,2,1,0.03541457853083718,0.03541457853083718,0.0
tier3,H,2024,babip,31-33,>400,2,2,0.018473684957271117,0.021702611110441188,0.5
tier3,H,2024,babip,31-33,>400,3+,40,-0.006021620054925699,0.03467488143718844,0.35
tier3,H,2024,babip,<=24,150-400,1,4,-0.005774668094000924,0.014374113541527636,0.75
tier3,H,2024,babip,<=24,150-400,2,6,-0.004468928516405196,0.03669112547682988,0.5
tier3,H,2024,babip,<=24,<150,1,14,-0.007720056266011412,0.039310241035272406,0.7142857142857143
tier3,H,2024,babip,<=24,<150,2,3,-0.04769328297179057,0.04907473667988602,0.0
tier3,H,2024,babip,<=24,>400,1,3,-0.02733608507907504,0.028994168501361096,0.6666666666666666
tier3,H,2024,babip,<=24,>400,2,13,0.006041475586630628,0.033184685370536454,0.5384615384615384
tier3,H,2024,babip,<=24,>400,3+,3,-0.014675973048265028,0.026328474119237524,0.6666666666666666
tier3,H,2024,babip,>=34,150-400,3+,10,0.00010592652312959704,0.029343288988548547,0.4
tier3,H,2024,babip,>=34,<150,2,1,-0.08108295213851463,0.08108295213851463,0.0
tier3,H,2024,babip,>=34,>400,3+,22,-0.005904415852272925,0.02449942693706991,0.5454545454545454
marcel,H,2021,bb_pct,25-27,150-400,1,1,0.01439121654133095,0.01439121654133095,
marcel,H,2021,bb_pct,25-27,150-400,2,7,0.003594880822584486,0.01414668150851115,
marcel,H,2021,bb_pct,25-27,150-400,3+,37,-0.0010605929906794458,0.02106947775248553,
marcel,H,2021,bb_pct,25-27,<150,1,11,0.012803789298452694,0.02425863474806451,
marcel,H,2021,bb_pct,25-27,<150,2,22,0.0004192175270166837,0.029866542501257563,
marcel,H,2021,bb_pct,25-27,<150,3+,25,0.004593468805644126,0.022169240275803623,
marcel,H,2021,bb_pct,28-30,150-400,1,1,-0.0016826869420331209,0.0016826869420331209,
marcel,H,2021,bb_pct,28-30,150-400,2,2,-0.005613347349410879,0.011984432890317798,
marcel,H,2021,bb_pct,28-30,150-400,3+,55,-0.0010011541667838528,0.01495999380247182,
marcel,H,2021,bb_pct,28-30,<150,1,3,0.0028448219091107754,0.028125443555354443,
marcel,H,2021,bb_pct,28-30,<150,2,12,0.005948086376079251,0.02235665237893349,
marcel,H,2021,bb_pct,28-30,<150,3+,37,0.0004681939005592924,0.020796618036412938,
marcel,H,2021,bb_pct,31-33,150-400,2,3,0.0051318740725133484,0.00851886645338063,
marcel,H,2021,bb_pct,31-33,150-400,3+,41,-0.0018864734371041238,0.01945934039937508,
marcel,H,2021,bb_pct,31-33,<150,1,1,0.00965378118973928,0.00965378118973928,
marcel,H,2021,bb_pct,31-33,<150,2,1,0.03307400926559258,0.03307400926559258,
marcel,H,2021,bb_pct,31-33,<150,3+,21,-0.006845515250773204,0.01858864658055562,
marcel,H,2021,bb_pct,<=24,150-400,1,2,0.030130529394435248,0.033733079086805715,
marcel,H,2021,bb_pct,<=24,150-400,2,5,-0.008673267936724276,0.01511997717252932,
marcel,H,2021,bb_pct,<=24,150-400,3+,6,-0.020507392804591157,0.02501663861664164,
marcel,H,2021,bb_pct,<=24,<150,1,12,0.011948022901753789,0.018929361396690787,
marcel,H,2021,bb_pct,<=24,<150,2,9,0.014108156662020633,0.02018020445916226,
marcel,H,2021,bb_pct,<=24,<150,3+,2,-0.007026369047487592,0.010462494557573296,
marcel,H,2021,bb_pct,>=34,150-400,3+,19,-0.008559995740047763,0.021678042631647163,
marcel,H,2021,bb_pct,>=34,<150,1,2,-0.0115520105702522,0.03125970321809767,
marcel,H,2021,bb_pct,>=34,<150,2,4,-0.006740486268112058,0.02328604312193771,
marcel,H,2021,bb_pct,>=34,<150,3+,4,-0.002818265793621563,0.01618251594722755,
tier2,H,2021,bb_pct,25-27,150-400,1,1,0.01096581765206478,0.01096581765206478,1.0
tier2,H,2021,bb_pct,25-27,150-400,2,7,0.00060012739250109,0.014719764488527751,0.7142857142857143
tier2,H,2021,bb_pct,25-27,150-400,3+,37,-0.0017221194684893335,0.01978061091683744,0.6756756756756757
tier2,H,2021,bb_pct,25-27,<150,1,11,0.006733124303894127,0.022144633321099966,0.6363636363636364
tier2,H,2021,bb_pct,25-27,<150,2,22,-0.0010204096627885718,0.0332673055304746,0.5909090909090909
tier2,H,2021,bb_pct,25-27,<150,3+,25,0.0012984392966624045,0.02487235593671423,0.6
tier2,H,2021,bb_pct,28-30,150-400,1,1,0.004123838942264785,0.004123838942264785,1.0
tier2,H,2021,bb_pct,28-30,150-400,2,2,-0.0035172583237845084,0.014110372545425433,1.0
tier2,H,2021,bb_pct,28-30,150-400,3+,55,-0.0010571814793720608,0.015971799210665324,0.7272727272727273
tier2,H,2021,bb_pct,28-30,<150,1,3,-0.0030172030026312836,0.02626756124924916,0.6666666666666666
tier2,H,2021,bb_pct,28-30,<150,2,12,0.002237922507279655,0.021421905157673067,0.8333333333333334
tier2,H,2021,bb_pct,28-30,<150,3+,37,-0.0009256817841832731,0.019900033465765625,0.5675675675675675
tier2,H,2021,bb_pct,31-33,150-400,2,3,-0.008093726543222293,0.012137164915880398,0.6666666666666666
tier2,H,2021,bb_pct,31-33,150-400,3+,41,-0.0004575411879069113,0.020498572716404876,0.7073170731707317
tier2,H,2021,bb_pct,31-33,<150,1,1,-0.004499501585231699,0.004499501585231699,1.0
tier2,H,2021,bb_pct,31-33,<150,2,1,0.019530090878310508,0.019530090878310508,0.0
tier2,H,2021,bb_pct,31-33,<150,3+,21,-0.005950705254003315,0.0194841051556827,0.6666666666666666
tier2,H,2021,bb_pct,<=24,150-400,1,2,0.02253083253290967,0.026483110296061884,0.5
tier2,H,2021,bb_pct,<=24,150-400,2,5,-0.01367331884735601,0.02043430982279254,0.8
tier2,H,2021,bb_pct,<=24,150-400,3+,6,-0.022285851124615952,0.026631285445097474,0.3333333333333333
tier2,H,2021,bb_pct,<=24,<150,1,12,0.0022670897940944546,0.015040841140071714,1.0
tier2,H,2021,bb_pct,<=24,<150,2,9,0.007391856160367926,0.019554498615276285,0.7777777777777778
tier2,H,2021,bb_pct,<=24,<150,3+,2,-0.01224541397424624,0.014142579554027684,1.0
tier2,H,2021,bb_pct,>=34,150-400,3+,19,-0.008257140563137633,0.023820398165517124,0.5789473684210527
tier2,H,2021,bb_pct,>=34,<150,1,2,-0.025834261385655293,0.03285223441524905,0.5
tier2,H,2021,bb_pct,>=34,<150,2,4,-0.006404424190134933,0.02388812038805537,0.25
tier2,H,2021,bb_pct,>=34,<150,3+,4,0.0010585016111895633,0.019216854746679963,0.75
tier3,H,2021,bb_pct,25-27,150-400,1,1,0.01096581765206478,0.01096581765206478,1.0
tier3,H,2021,bb_pct,25-27,150-400,2,7,0.00060012739250109,0.014719764488527751,0.7142857142857143
tier3,H,2021,bb_pct,25-27,150-400,3+,37,-0.0017221194684893335,0.01978061091683744,0.6756756756756757
tier3,H,2021,bb_pct,25-27,<150,1,11,0.006733124303894127,0.022144633321099966,0.6363636363636364
tier3,H,2021,bb_pct,25-27,<150,2,22,-0.0010204096627885718,0.0332673055304746,0.5909090909090909
tier3,H,2021,bb_pct,25-27,<150,3+,25,0.0012984392966624045,0.02487235593671423,0.6
tier3,H,2021,bb_pct,28-30,150-400,1,1,0.004123838942264785,0.004123838942264785,1.0
tier3,H,2021,bb_pct,28-30,150-400,2,2,-0.0035172583237845084,0.014110372545425433,1.0
tier3,H,2021,bb_pct,28-30,150-400,3+,55,-0.0010571814793720608,0.015971799210665324,0.7272727272727273
tier3,H,2021,bb_pct,28-30,<150,1,3,-0.0030172030026312836,0.02626756124924916,0.6666666666666666
tier3,H,2021,bb_pct,28-30,<150,2,12,0.002237922507279655,0.021421905157673067,0.8333333333333334
tier3,H,2021,bb_pct,28-30,<150,3+,37,-0.0009256817841832731,0.019900033465765625,0.5675675675675675
tier3,H,2021,bb_pct,31-33,150-400,2,3,-0.008093726543222293,0.012137164915880398,0.6666666666666666
tier3,H,2021,bb_pct,31-33,150-400,3+,41,-0.0004575411879069113,0.020498572716404876,0.7073170731707317
tier3,H,2021,bb_pct,31-33,<150,1,1,-0.004499501585231699,0.004499501585231699,1.0
tier3,H,2021,bb_pct,31-33,<150,2,1,0.019530090878310508,0.019530090878310508,0.0
tier3,H,2021,bb_pct,31-33,<150,3+,21,-0.005950705254003315,0.0194841051556827,0.6666666666666666
tier3,H,2021,bb_pct,<=24,150-400,1,2,0.02253083253290967,0.026483110296061884,0.5
tier3,H,2021,bb_pct,<=24,150-400,2,5,-0.01367331884735601,0.02043430982279254,0.8
tier3,H,2021,bb_pct,<=24,150-400,3+,6,-0.022285851124615952,0.026631285445097474,0.3333333333333333
tier3,H,2021,bb_pct,<=24,<150,1,12,0.0022670897940944546,0.015040841140071714,1.0
tier3,H,2021,bb_pct,<=24,<150,2,9,0.007391856160367926,0.019554498615276285,0.7777777777777778
tier3,H,2021,bb_pct,<=24,<150,3+,2,-0.01224541397424624,0.014142579554027684,1.0
tier3,H,2021,bb_pct,>=34,150-400,3+,19,-0.008257140563137633,0.023820398165517124,0.5789473684210527
tier3,H,2021,bb_pct,>=34,<150,1,2,-0.025834261385655293,0.03285223441524905,0.5
tier3,H,2021,bb_pct,>=34,<150,2,4,-0.006404424190134933,0.02388812038805537,0.25
tier3,H,2021,bb_pct,>=34,<150,3+,4,0.0010585016111895633,0.019216854746679963,0.75
marcel,H,2022,bb_pct,25-27,150-400,1,7,0.004479393852638919,0.02124742931812258,
marcel,H,2022,bb_pct,25-27,150-400,2,8,0.0053576645774193864,0.01808575365866703,
marcel,H,2022,bb_pct,25-27,150-400,3+,23,0.01753158409757815,0.02658248165547403,
marcel,H,2022,bb_pct,25-27,<150,1,9,0.007538487377884896,0.016966370289371605,
marcel,H,2022,bb_pct,25-27,<150,2,3,-0.0004341005036356113,0.011764505836337208,
marcel,H,2022,bb_pct,25-27,<150,3+,6,0.010218166548123027,0.019793789390308174,
marcel,H,2022,bb_pct,25-27,>400,1,1,0.03670670578542379,0.03670670578542379,
marcel,H,2022,bb_pct,25-27,>400,2,4,0.009464535986384973,0.02174240461827144,
marcel,H,2022,bb_pct,25-27,>400,3+,40,0.006307606055071625,0.018327993405309797,
marcel,H,2022,bb_pct,28-30,150-400,2,4,0.0054461524819320066,0.016266420129321647,
marcel,H,2022,bb_pct,28-30,150-400,3+,29,0.0006804941889067374,0.0194339147968277,
marcel,H,2022,bb_pct,28-30,<150,1,1,-0.01297737661026492,0.01297737661026492,
marcel,H,2022,bb_pct,28-30,<150,2,2,-0.011580975157161175,0.01283347937489002,
marcel,H,2022,bb_pct,28-30,<150,3+,5,0.0165850340978244,0.02736499598633886,
marcel,H,2022,bb_pct,28-30,>400,2,3,-0.006256971615250403,0.010268941733068748,
marcel,H,2022,bb_pct,28-30,>400,3+,52,0.0036692008929039635,0.01957801691870078,
marcel,H,2022,bb_pct,31-33,150-400,2,2,-0.010482675801231536,0.024173259605815824,
marcel,H,2022,bb_pct,31-33,150-400,3+,22,0.011816647658233093,0.022353843438051576,
marcel,H,2022,bb_pct,31-33,<150,1,2,-0.018086927862853534,0.01987879611340975,
marcel,H,2022,bb_pct,31-33,<150,2,1,-0.01311893634920859,0.01311893634920859,
marcel,H,2022,bb_pct,31-33,<150,3+,1,-0.008490862519187542,0.008490862519187542,
marcel,H,2022,bb_pct,31-33,>400,2,2,0.008811788050874807,0.009491331080460092,
marcel,H,2022,bb_pct,31-33,>400,3+,38,0.004334663271933647,0.01869559229848421,
marcel,H,2022,bb_pct,<=24,150-400,1,2,0.01895750326547886,0.01990761782693619,
marcel,H,2022,bb_pct,<=24,150-400,2,7,0.009345363384697394,0.021402481653767142,
marcel,H,2022,bb_pct,<=24,150-400,3+,2,0.013478362174273756,0.021037007669823055,
marcel,H,2022,bb_pct,<=24,<150,1,6,-0.005994366571063638,0.025305278224896186,
marcel,H,2022,bb_pct,<=24,<150,2,4,0.0071036666062812715,0.022430035730437285,
marcel,H,2022,bb_pct,<=24,>400,1,2,0.020387312406439168,0.02873555607743579,
marcel,H,2022,bb_pct,<=24,>400,2,2,-0.004644726154185747,0.006807219767859005,
marcel,H,2022,bb_pct,<=24,>400,3+,3,0.002325596087820998,0.023427479852057224,
marcel,H,2022,bb_pct,>=34,150-400,2,2,0.00846985638465291,0.011836048872509665,
marcel,H,2022,bb_pct,>=34,150-400,3+,6,0.01055811446461151,0.022049362757481268,
marcel,H,2022,bb_pct,>=34,<150,3+,1,0.005322676133017651,0.005322676133017651,
marcel,H,2022,bb_pct,>=34,>400,3+,20,0.008313757922233694,0.020710045972039865,
tier2,H,2022,bb_pct,25-27,150-400,1,7,0.002981115887245479,0.02070780677529178,0.42857142857142855
tier2,H,2022,bb_pct,25-27,150-400,2,8,0.001646997847243248,0.019297122447966997,0.625
tier2,H,2022,bb_pct,25-27,150-400,3+,23,0.015658686962508262,0.02685301159963999,0.391304347826087
tier2,H,2022,bb_pct,25-27,<150,1,9,0.00230174769009966,0.017817896096269995,0.7777777777777778
tier2,H,2022,bb_pct,25-27,<150,2,3,-0.007674247468585982,0.02361810070657631,0.6666666666666666
tier2,H,2022,bb_pct,25-27,<150,3+,6,0.0031256975694574185,0.016554472664443914,0.6666666666666666
tier2,H,2022,bb_pct,25-27,>400,1,1,0.04044687272530752,0.04044687272530752,0.0
tier2,H,2022,bb_pct,25-27,>400,2,4,0.005581364771431915,0.020040207990058963,0.5
tier2,H,2022,bb_pct,25-27,>400,3+,40,0.006134119813912361,0.020614908342755794,0.475
tier2,H,2022,bb_pct,28-30,150-400,2,4,0.00685374387136559,0.01362915692856079,0.75
tier2,H,2022,bb_pct,28-30,150-400,3+,29,-0.000119616071010572,0.02150769769145394,0.5517241379310345
tier2,H,2022,bb_pct,28-30,<150,1,1,-0.01339081185403486,0.01339081185403486,1.0
tier2,H,2022,bb_pct,28-30,<150,2,2,-0.016912364789651357,0.021477438707159752,0.5
tier2,H,2022,bb_pct,28-30,<150,3+,5,0.013928694401378741,0.03400701332281326,0.2
tier2,H,2022,bb_pct,28-30,>400,2,3,-0.009876151110285981,0.011469496532599864,0.6666666666666666
tier2,H,2022,bb_pct,28-30,>400,3+,52,0.005512027270206877,0.019902059187395738,0.6346153846153846
tier2,H,2022,bb_pct,31-33,150-400,2,2,-0.011781193375283888,0.02492587225496653,0.5
tier2,H,2022,bb_pct,31-33,150-400,3+,22,0.014585200598109057,0.026291061166219175,0.6818181818181818
tier2,H,2022,bb_pct,31-33,<150,1,2,-0.023608425928690144,0.023624809650081305,1.0
tier2,H,2022,bb_pct,31-33,<150,2,1,-0.016678263262602175,0.016678263262602175,1.0
tier2,H,2022,bb_pct,31-33,<150,3+,1,0.009976319918167303,0.009976319918167303,1.0
tier2,H,2022,bb_pct,31-33,>400,2,2,0.0014132217187179245,0.0027528156640462577,1.0
tier2,H,2022,bb_pct,31-33,>400,3+,38,0.004776993125742493,0.018524761276646446,0.5263157894736842
tier2,H,2022,bb_pct,<=24,150-400,1,2,0.01542184533135535,0.016489109660202374,0.5
tier2,H,2022,bb_pct,<=24,150-400,2,7,0.00378957221837906,0.015946605449788903,0.7142857142857143
tier2,H,2022,bb_pct,<=24,150-400,3+,2,0.018289567549633356,0.027396957139144744,0.5
tier2,H,2022,bb_pct,<=24,<150,1,6,-0.0075776875753274155,0.025261861692423924,0.6666666666666666
tier2,H,2022,bb_pct,<=24,<150,2,4,-1.3891277314981992e-05,0.017759287049736436,0.75
tier2,H,2022,bb_pct,<=24,>400,1,2,0.019521321334107132,0.028078080459482617,0.5
tier2,H,2022,bb_pct,<=24,>400,2,2,-0.007267471484902975,0.009302186031549298,1.0
tier2,H,2022,bb_pct,<=24,>400,3+,3,0.00747297732802474,0.019865919853591357,0.6666666666666666
tier2,H,2022,bb_pct,>=34,150-400,2,2,0.01285485327970822,0.013140654786165624,1.0
tier2,H,2022,bb_pct,>=34,150-400,3+,6,0.007287581864759545,0.02246978259295574,0.5
tier2,H,2022,bb_pct,>=34,<150,3+,1,0.0077729029693481555,0.0077729029693481555,1.0
tier2,H,2022,bb_pct,>=34,>400,3+,20,0.01066872421290961,0.0233110066827328,0.45
tier3,H,2022,bb_pct,25-27,150-400,1,7,0.002981115887245479,0.02070780677529178,0.42857142857142855
tier3,H,2022,bb_pct,25-27,150-400,2,8,0.001646997847243248,0.019297122447966997,0.625
tier3,H,2022,bb_pct,25-27,150-400,3+,23,0.015658686962508262,0.02685301159963999,0.391304347826087
tier3,H,2022,bb_pct,25-27,<150,1,9,0.00230174769009966,0.017817896096269995,0.7777777777777778
tier3,H,2022,bb_pct,25-27,<150,2,3,-0.007674247468585982,0.02361810070657631,0.6666666666666666
tier3,H,2022,bb_pct,25-27,<150,3+,6,0.0031256975694574185,0.016554472664443914,0.6666666666666666
tier3,H,2022,bb_pct,25-27,>400,1,1,0.04044687272530752,0.04044687272530752,0.0
tier3,H,2022,bb_pct,25-27,>400,2,4,0.005581364771431915,0.020040207990058963,0.5
tier3,H,2022,bb_pct,25-27,>400,3+,40,0.006134119813912361,0.020614908342755794,0.475
tier3,H,2022,bb_pct,28-30,150-400,2,4,0.00685374387136559,0.01362915692856079,0.75
tier3,H,2022,bb_pct,28-30,150-400,3+,29,-0.000119616071010572,0.02150769769145394,0.5517241379310345
tier3,H,2022,bb_pct,28-30,<150,1,1,-0.01339081185403486,0.01339081185403486,1.0
tier3,H,2022,bb_pct,28-30,<150,2,2,-0.016912364789651357,0.021477438707159752,0.5
tier3,H,2022,bb_pct,28-30,<150,3+,5,0.013928694401378741,0.03400701332281326,0.2
tier3,H,2022,bb_pct,28-30,>400,2,3,-0.009876151110285981,0.011469496532599864,0.6666666666666666
tier3,H,2022,bb_pct,28-30,>400,3+,52,0.005512027270206877,0.019902059187395738,0.6346153846153846
tier3,H,2022,bb_pct,31-33,150-400,2,2,-0.011781193375283888,0.02492587225496653,0.5
tier3,H,2022,bb_pct,31-33,150-400,3+,22,0.014585200598109057,0.026291061166219175,0.6818181818181818
tier3,H,2022,bb_pct,31-33,<150,1,2,-0.023608425928690144,0.023624809650081305,1.0
tier3,H,2022,bb_pct,31-33,<150,2,1,-0.016678263262602175,0.016678263262602175,1.0
tier3,H,2022,bb_pct,31-33,<150,3+,1,0.009976319918167303,0.009976319918167303,1.0
tier3,H,2022,bb_pct,31-33,>400,2,2,0.0014132217187179245,0.0027528156640462577,1.0
tier3,H,2022,bb_pct,31-33,>400,3+,38,0.004776993125742493,0.018524761276646446,0.5263157894736842
tier3,H,2022,bb_pct,<=24,150-400,1,2,0.01542184533135535,0.016489109660202374,0.5
tier3,H,2022,bb_pct,<=24,150-400,2,7,0.00378957221837906,0.015946605449788903,0.7142857142857143
tier3,H,2022,bb_pct,<=24,150-400,3+,2,0.018289567549633356,0.027396957139144744,0.5
tier3,H,2022,bb_pct,<=24,<150,1,6,-0.0075776875753274155,0.025261861692423924,0.6666666666666666
tier3,H,2022,bb_pct,<=24,<150,2,4,-1.3891277314981992e-05,0.017759287049736436,0.75
tier3,H,2022,bb_pct,<=24,>400,1,2,0.019521321334107132,0.028078080459482617,0.5
tier3,H,2022,bb_pct,<=24,>400,2,2,-0.007267471484902975,0.009302186031549298,1.0
tier3,H,2022,bb_pct,<=24,>400,3+,3,0.00747297732802474,0.019865919853591357,0.6666666666666666
tier3,H,2022,bb_pct,>=34,150-400,2,2,0.01285485327970822,0.013140654786165624,1.0
tier3,H,2022,bb_pct,>=34,150-400,3+,6,0.007287581864759545,0.02246978259295574,0.5
tier3,H,2022,bb_pct,>=34,<150,3+,1,0.0077729029693481555,0.0077729029693481555,1.0
tier3,H,2022,bb_pct,>=34,>400,3+,20,0.01066872421290961,0.0233110066827328,0.45
marcel,H,2023,bb_pct,25-27,150-400,1,5,0.0003754232371884444,0.017341530402438438,
marcel,H,2023,bb_pct,25-27,150-400,2,16,0.0011785961292472493,0.01597150012246213,
marcel,H,2023,bb_pct,25-27,150-400,3+,12,-0.0002369516049269847,0.020497301016134853,
marcel,H,2023,bb_pct,25-27,<150,1,10,-0.011460660578948529,0.028475908567697657,
marcel,H,2023,bb_pct,25-27,<150,2,5,0.00037073676981689055,0.026774690454678556,
marcel,H,2023,bb_pct,25-27,<150,3+,1,0.04733537874154499,0.04733537874154499,
marcel,H,2023,bb_pct,25-27,>400,1,5,0.0031582206593124954,0.015229617788368401,
marcel,H,2023,bb_pct,25-27,>400,2,8,-0.012580928252904659,0.02514638445398545,
marcel,H,2023,bb_pct,25-27,>400,3+,24,-0.00047308661182345535,0.021604962708155737,
marcel,H,2023,bb_pct,28-30,150-400,3+,28,0.001814091865768947,0.020076822361391265,
marcel,H,2023,bb_pct,28-30,<150,1,3,-0.00394096030578143,0.022400798313656316,
marcel,H,2023,bb_pct,28-30,<150,2,4,0.0008585964780913023,0.007193686028572084,
marcel,H,2023,bb_pct,28-30,<150,3+,4,0.0007354080381594763,0.021953885080212104,
marcel,H,2023,bb_pct,28-30,>400,1,1,-0.011023786349162873,0.011023786349162873,
marcel,H,2023,bb_pct,28-30,>400,2,2,0.0049852968310814755,0.005611473755646255,
marcel,H,2023,bb_pct,28-30,>400,3+,60,-0.00606551602749033,0.02064512082851203,
marcel,H,2023,bb_pct,31-33,150-400,1,2,0.010810692851092797,0.011159786905540309,
marcel,H,2023,bb_pct,31-33,150-400,2,2,0.014623963632620423,0.014992272913424807,
marcel,H,2023,bb_pct,31-33,150-400,3+,16,0.0007383270605793848,0.015079665484776938,
marcel,H,2023,bb_pct,31-33,<150,2,1,-0.038769857713772934,0.038769857713772934,
marcel,H,2023,bb_pct,31-33,<150,3+,2,-0.006976358464145388,0.019845833216195333,
marcel,H,2023,bb_pct,31-33,>400,2,1,0.00493110917763126,0.00493110917763126,
marcel,H,2023,bb_pct,31-33,>400,3+,40,0.0017802854114921194,0.01701437512015916,
marcel,H,2023,bb_pct,<=24,150-400,1,8,-0.0020151311912397435,0.02081947680098428,
marcel,H,2023,bb_pct,<=24,150-400,2,5,0.0007276574191605356,0.013658359460806797,
marcel,H,2023,bb_pct,<=24,150-400,3+,3,0.0014013697246900467,0.006317366591477855,
marcel,H,2023,bb_pct,<=24,<150,1,20,0.0085683618228039,0.02574374407107953,
marcel,H,2023,bb_pct,<=24,<150,2,1,0.01749535841542925,0.01749535841542925,
marcel,H,2023,bb_pct,<=24,>400,1,8,0.0073852883837964125,0.011438107303961576,
marcel,H,2023,bb_pct,<=24,>400,2,1,-0.03212125339756937,0.03212125339756937,
marcel,H,2023,bb_pct,<=24,>400,3+,6,0.007703393096933041,0.011811806337499084,
marcel,H,2023,bb_pct,>=34,150-400,3+,10,0.0004609729980603072,0.03146175552414798,
marcel,H,2023,bb_pct,>=34,<150,3+,1,0.02673419181036231,0.02673419181036231,
marcel,H,2023,bb_pct,>=34,>400,3+,20,0.0021296853792053642,0.017694582074011537,
tier2,H,2023,bb_pct,25-27,150-400,1,5,0.004729824619418042,0.01437708382162626,0.8
tier2,H,2023,bb_pct,25-27,150-400,2,16,0.0009169558665725027,0.014738311722969877,0.6875
tier2,H,2023,bb_pct,25-27,150-400,3+,12,-0.0018468530450793583,0.01951913792584809,0.6666666666666666
tier2,H,2023,bb_pct,25-27,<150,1,10,-0.01070292191136656,0.028186949793485502,0.6
tier2,H,2023,bb_pct,25-27,<150,2,5,-0.0014819723996265838,0.02598547453082845,0.6
tier2,H,2023,bb_pct,25-27,<150,3+,1,0.0387904366298131,0.0387904366298131,0.0
tier2,H,2023,bb_pct,25-27,>400,1,5,0.010517764550863383,0.020584903780032447,0.4
tier2,H,2023,bb_pct,25-27,>400,2,8,-0.011593176575422363,0.024210811852116782,0.5
tier2,H,2023,bb_pct,25-27,>400,3+,24,-0.0009027060115894308,0.021774588087752282,0.4583333333333333
tier2,H,2023,bb_pct,28-30,150-400,3+,28,0.0017665054683784576,0.019327951989762105,0.4642857142857143
tier2,H,2023,bb_pct,28-30,<150,1,3,0.0018795241305207553,0.01615679219674958,1.0
tier2,H,2023,bb_pct,28-30,<150,2,4,0.0034456476114095047,0.007253619914300604,1.0
tier2,H,2023,bb_pct,28-30,<150,3+,4,0.004685818954710307,0.024364792492061763,0.75
tier2,H,2023,bb_pct,28-30,>400,1,1,-0.004476462663547523,0.004476462663547523,1.0
tier2,H,2023,bb_pct,28-30,>400,2,2,0.01473702311453072,0.01473714581295368,1.0
tier2,H,2023,bb_pct,28-30,>400,3+,60,-0.002738348447006302,0.020091028524655885,0.6
tier2,H,2023,bb_pct,31-33,150-400,1,2,0.008966143818873324,0.009016875488140022,1.0
tier2,H,2023,bb_pct,31-33,150-400,2,2,0.017661727894591635,0.0179665765058272,0.5
tier2,H,2023,bb_pct,31-33,150-400,3+,16,-0.00046802302833720994,0.012715018693294475,0.8125
tier2,H,2023,bb_pct,31-33,<150,2,1,-0.027111951790249778,0.027111951790249778,1.0
tier2,H,2023,bb_pct,31-33,<150,3+,2,-0.002830706043634025,0.010093960666397358,1.0
tier2,H,2023,bb_pct,31-33,>400,2,1,0.008304247910347493,0.008304247910347493,1.0
tier2,H,2023,bb_pct,31-33,>400,3+,40,0.005481611718654838,0.016801111102774803,0.7
tier2,H,2023,bb_pct,<=24,150-400,1,8,-0.0007966415122140039,0.01866792082323054,0.625
tier2,H,2023,bb_pct,<=24,150-400,2,5,0.0007864809226084152,0.01259647082412944,0.8
tier2,H,2023,bb_pct,<=24,150-400,3+,3,0.0009811769699908535,0.010632580377116348,0.6666666666666666
tier2,H,2023,bb_pct,<=24,<150,1,20,0.013003881283174057,0.028090133520362055,0.7
tier2,H,2023,bb_pct,<=24,<150,2,1,0.015032752859549928,0.015032752859549928,1.0
tier2,H,2023,bb_pct,<=24,>400,1,8,0.009355015815222622,0.013017374534506083,0.625
tier2,H,2023,bb_pct,<=24,>400,2,1,-0.02489000908984494,0.02489000908984494,0.0
tier2,H,2023,bb_pct,<=24,>400,3+,6,0.011580792154486055,0.016512042919050847,0.8333333333333334
tier2,H,2023,bb_pct,>=34,150-400,3+,10,0.0008865153784124687,0.03087014597418793,0.5
tier2,H,2023,bb_pct,>=34,<150,3+,1,0.006705229916665313,0.006705229916665313,1.0
tier2,H,2023,bb_pct,>=34,>400,3+,20,0.0038363098995801586,0.0185357568074572,0.6
tier3,H,2023,bb_pct,25-27,150-400,1,5,0.004729824619418042,0.01437708382162626,0.8
tier3,H,2023,bb_pct,25-27,150-400,2,16,0.0009169558665725027,0.014738311722969877,0.6875
tier3,H,2023,bb_pct,25-27,150-400,3+,12,-0.0018468530450793583,0.01951913792584809,0.6666666666666666
tier3,H,2023,bb_pct,25-27,<150,1,10,-0.01070292191136656,0.028186949793485502,0.6
tier3,H,2023,bb_pct,25-27,<150,2,5,-0.0014819723996265838,0.02598547453082845,0.6
tier3,H,2023,bb_pct,25-27,<150,3+,1,0.0387904366298131,0.0387904366298131,0.0
tier3,H,2023,bb_pct,25-27,>400,1,5,0.010517764550863383,0.020584903780032447,0.4
tier3,H,2023,bb_pct,25-27,>400,2,8,-0.011593176575422363,0.024210811852116782,0.5
tier3,H,2023,bb_pct,25-27,>400,3+,24,-0.0009027060115894308,0.021774588087752282,0.4583333333333333
tier3,H,2023,bb_pct,28-30,150-400,3+,28,0.0017665054683784576,0.019327951989762105,0.4642857142857143
tier3,H,2023,bb_pct,28-30,<150,1,3,0.0018795241305207553,0.01615679219674958,1.0
tier3,H,2023,bb_pct,28-30,<150,2,4,0.0034456476114095047,0.007253619914300604,1.0
tier3,H,2023,bb_pct,28-30,<150,3+,4,0.004685818954710307,0.024364792492061763,0.75
tier3,H,2023,bb_pct,28-30,>400,1,1,-0.004476462663547523,0.004476462663547523,1.0
tier3,H,2023,bb_pct,28-30,>400,2,2,0.01473702311453072,0.01473714581295368,1.0
tier3,H,2023,bb_pct,28-30,>400,3+,60,-0.002738348447006302,0.020091028524655885,0.6
tier3,H,2023,bb_pct,31-33,150-400,1,2,0.008966143818873324,0.009016875488140022,1.0
tier3,H,2023,bb_pct,31-33,150-400,2,2,0.017661727894591635,0.0179665765058272,0.5
tier3,H,2023,bb_pct,31-33,150-400,3+,16,-0.00046802302833720994,0.012715018693294475,0.8125
tier3,H,2023,bb_pct,31-33,<150,2,1,-0.027111951790249778,0.027111951790249778,1.0
tier3,H,2023,bb_pct,31-33,<150,3+,2,-0.002830706043634025,0.010093960666397358,1.0
tier3,H,2023,bb_pct,31-33,>400,2,1,0.008304247910347493,0.008304247910347493,1.0
tier3,H,2023,bb_pct,31-33,>400,3+,40,0.005481611718654838,0.016801111102774803,0.7
tier3,H,2023,bb_pct,<=24,150-400,1,8,-0.0007966415122140039,0.01866792082323054,0.625
tier3,H,2023,bb_pct,<=24,150-400,2,5,0.0007864809226084152,0.01259647082412944,0.8
tier3,H,2023,bb_pct,<=24,150-400,3+,3,0.0009811769699908535,0.010632580377116348,0.6666666666666666
tier3,H,2023,bb_pct,<=24,<150,1,20,0.013003881283174057,0.028090133520362055,0.7
tier3,H,2023,bb_pct,<=24,<150,2,1,0.015032752859549928,0.015032752859549928,1.0
tier3,H,2023,bb_pct,<=24,>400,1,8,0.009355015815222622,0.013017374534506083,0.625
tier3,H,2023,bb_pct,<=24,>400,2,1,-0.02489000908984494,0.02489000908984494,0.0
tier3,H,2023,bb_pct,<=24,>400,3+,6,0.011580792154486055,0.016512042919050847,0.8333333333333334
tier3,H,2023,bb_pct,>=34,150-400,3+,10,0.0008865153784124687,0.03087014597418793,0.5
tier3,H,2023,bb_pct,>=34,<150,3+,1,0.006705229916665313,0.006705229916665313,1.0
tier3,H,2023,bb_pct,>=34,>400,3+,20,0.0038363098995801586,0.0185357568074572,0.6
marcel,H,2024,bb_pct,25-27,150-400,1,6,0.015281721425788002,0.023693466399208635,
marcel,H,2024,bb_pct,25-27,150-400,2,15,0.011345319033368075,0.0209567363291527,
marcel,H,2024,bb_pct,25-27,150-400,3+,13,0.007125196706948127,0.013597515518365596,
marcel,H,2024,bb_pct,25-27,<150,1,12,0.0036677990544051486,0.023053308525624386,
marcel,H,2024,bb_pct,25-27,<150,2,8,0.0005998690816344469,0.029327323829719427,
marcel,H,2024,bb_pct,25-27,<150,3+,8,0.0023340781140814017,0.01119660949466235,
marcel,H,2024,bb_pct,25-27,>400,1,2,0.0004976985962503932,0.016318668886666065,
marcel,H,2024,bb_pct,25-27,>400,2,15,0.007249734013754336,0.019532005248641553,
marcel,H,2024,bb_pct,25-27,>400,3+,37,-0.00013174074857567457,0.017934234757563967,
marcel,H,2024,bb_pct,28-30,150-400,2,3,0.003260179377986146,0.015236883271080795,
marcel,H,2024,bb_pct,28-30,150-400,3+,32,0.0047230988825819505,0.018122040133338374,
marcel,H,2024,bb_pct,28-30,<150,1,1,-0.018330974911642248,0.018330974911642248,
marcel,H,2024,bb_pct,28-30,<150,2,1,-0.01390952574456178,0.01390952574456178,
marcel,H,2024,bb_pct,28-30,<150,3+,4,0.023270936156584952,0.028645966838102548,
marcel,H,2024,bb_pct,28-30,>400,1,1,0.001659001761855003,0.001659001761855003,
marcel,H,2024,bb_pct,28-30,>400,2,1,-0.012054305007121735,0.012054305007121735,
marcel,H,2024,bb_pct,28-30,>400,3+,47,0.00429400087795872,0.016515623791931063,
marcel,H,2024,bb_pct,31-33,150-400,2,1,-0.017554258689485056,0.017554258689485056,
marcel,H,2024,bb_pct,31-33,150-400,3+,18,0.0017020953943496296,0.02025244467704066,
marcel,H,2024,bb_pct,31-33,<150,1,1,-0.02093696435018355,0.02093696435018355,
marcel,H,2024,bb_pct,31-33,<150,2,1,-0.000781052656252515,0.000781052656252515,
marcel,H,2024,bb_pct,31-33,>400,2,2,0.010764990823732314,0.014774878549079077,
marcel,H,2024,bb_pct,31-33,>400,3+,40,0.002213420128277583,0.017266272787330738,
marcel,H,2024,bb_pct,<=24,150-400,1,4,0.02050997209169038,0.02250463018167034,
marcel,H,2024,bb_pct,<=24,150-400,2,6,0.007981635764520548,0.024030882520551244,
marcel,H,2024,bb_pct,<=24,<150,1,14,0.01158145719771883,0.030204954486396724,
marcel,H,2024,bb_pct,<=24,<150,2,3,0.00953482644148159,0.013013364589531043,
marcel,H,2024,bb_pct,<=24,>400,1,3,0.006692004879859667,0.019491275037295464,
marcel,H,2024,bb_pct,<=24,>400,2,13,-0.000140252755533599,0.014675823422313983,
marcel,H,2024,bb_pct,<=24,>400,3+,3,0.014964650746297593,0.016903414424786194,
marcel,H,2024,bb_pct,>=34,150-400,3+,10,0.0016414881065931893,0.0080920884482952,
marcel,H,2024,bb_pct,>=34,<150,2,1,0.011146382303034136,0.011146382303034136,
marcel,H,2024,bb_pct,>=34,>400,3+,22,0.0015208936176743782,0.021212718956497928,
tier2,H,2024,bb_pct,25-27,150-400,1,6,0.014649694945799435,0.024651658581386727,0.5
tier2,H,2024,bb_pct,25-27,150-400,2,15,0.00998845307619923,0.022683394530179257,0.5333333333333333
tier2,H,2024,bb_pct,25-27,150-400,3+,13,0.004147770225842535,0.01369392985561256,0.7692307692307693
tier2,H,2024,bb_pct,25-27,<150,1,12,0.0012753732060274124,0.024911058595752975,0.75
tier2,H,2024,bb_pct,25-27,<150,2,8,-0.0016616512147450621,0.029070339770838317,0.625
tier2,H,2024,bb_pct,25-27,<150,3+,8,-0.002619932100361256,0.016139476633307875,0.75
tier2,H,2024,bb_pct,25-27,>400,1,2,-0.0018125112808934588,0.02484140452477549,0.0
tier2,H,2024,bb_pct,25-27,>400,2,15,0.005107040220480872,0.01996570722300115,0.6
tier2,H,2024,bb_pct,25-27,>400,3+,37,-0.0019664267151343704,0.017778614244144512,0.5405405405405406
tier2,H,2024,bb_pct,28-30,150-400,2,3,0.0020810728607215945,0.012304011675845938,0.6666666666666666
tier2,H,2024,bb_pct,28-30,150-400,3+,32,0.0039190838989546575,0.01776584115884886,0.6875
tier2,H,2024,bb_pct,28-30,<150,1,1,-0.022285681871229368,0.022285681871229368,1.0
tier2,H,2024,bb_pct,28-30,<150,2,1,-0.006503747247294078,0.006503747247294078,1.0
tier2,H,2024,bb_pct,28-30,<150,3+,4,0.014533342701600626,0.022274595080453628,0.75
tier2,H,2024,bb_pct,28-30,>400,1,1,-0.0010341012269955707,0.0010341012269955707,1.0
tier2,H,2024,bb_pct,28-30,>400,2,1,-0.009708313044633682,0.009708313044633682,1.0
tier2,H,2024,bb_pct,28-30,>400,3+,47,0.005812234969008957,0.01649174971575162,0.7021276595744681
tier2,H,2024,bb_pct,31-33,150-400,2,1,-0.008757353834956516,0.008757353834956516,1.0
tier2,H,2024,bb_pct,31-33,150-400,3+,18,0.0008859351644096157,0.021662098464756262,0.4444444444444444
tier2,H,2024,bb_pct,31-33,<150,1,1,-0.0133106419978785,0.0133106419978785,1.0
tier2,H,2024,bb_pct,31-33,<150,2,1,0.011703869801494238,0.011703869801494238,1.0
tier2,H,2024,bb_pct,31-33,>400,2,2,0.011497683173860504,0.017603123373723564,0.5
tier2,H,2024,bb_pct,31-33,>400,3+,40,0.003057961927410475,0.01602356451393698,0.575
tier2,H,2024,bb_pct,<=24,150-400,1,4,0.01607913685423052,0.020625202388443533,0.5
tier2,H,2024,bb_pct,<=24,150-400,2,6,0.002919370376899191,0.024161464194257715,0.5
tier2,H,2024,bb_pct,<=24,<150,1,14,0.00843864880758622,0.030837804221305793,0.35714285714285715
tier2,H,2024,bb_pct,<=24,<150,2,3,0.004380668902830069,0.007464699555132774,1.0
tier2,H,2024,bb_pct,<=24,>400,1,3,0.00154811514187303,0.01956820569712193,0.3333333333333333
tier2,H,2024,bb_pct,<=24,>400,2,13,-0.004306934507981973,0.01565017543916968,0.38461538461538464
tier2,H,2024,bb_pct,<=24,>400,3+,3,0.01216207969213937,0.016766535939752972,0.3333333333333333
tier2,H,2024,bb_pct,>=34,150-400,3+,10,-0.004163232557952197,0.01319567047012134,0.7
tier2,H,2024,bb_pct,>=34,<150,2,1,-0.0012885659596020907,0.0012885659596020907,1.0
tier2,H,2024,bb_pct,>=34,>400,3+,22,-7.890205478038774e-05,0.023530350455109237,0.45454545454545453
tier3,H,2024,bb_pct,25-27,150-400,1,6,0.014649694945799435,0.024651658581386727,0.5
tier3,H,2024,bb_pct,25-27,150-400,2,15,0.00998845307619923,0.022683394530179257,0.5333333333333333
tier3,H,2024,bb_pct,25-27,150-400,3+,13,0.004147770225842535,0.01369392985561256,0.7692307692307693
tier3,H,2024,bb_pct,25-27,<150,1,12,0.0012753732060274124,0.024911058595752975,0.75
tier3,H,2024,bb_pct,25-27,<150,2,8,-0.0016616512147450621,0.029070339770838317,0.625
tier3,H,2024,bb_pct,25-27,<150,3+,8,-0.002619932100361256,0.016139476633307875,0.75
tier3,H,2024,bb_pct,25-27,>400,1,2,-0.0018125112808934588,0.02484140452477549,0.0
tier3,H,2024,bb_pct,25-27,>400,2,15,0.005107040220480872,0.01996570722300115,0.6
tier3,H,2024,bb_pct,25-27,>400,3+,37,-0.0019664267151343704,0.017778614244144512,0.5405405405405406
tier3,H,2024,bb_pct,28-30,150-400,2,3,0.0020810728607215945,0.012304011675845938,0.6666666666666666
tier3,H,2024,bb_pct,28-30,150-400,3+,32,0.0039190838989546575,0.01776584115884886,0.6875
tier3,H,2024,bb_pct,28-30,<150,1,1,-0.022285681871229368,0.022285681871229368,1.0
tier3,H,2024,bb_pct,28-30,<150,2,1,-0.006503747247294078,0.006503747247294078,1.0
tier3,H,2024,bb_pct,28-30,<150,3+,4,0.014533342701600626,0.022274595080453628,0.75
tier3,H,2024,bb_pct,28-30,>400,1,1,-0.0010341012269955707,0.0010341012269955707,1.0
tier3,H,2024,bb_pct,28-30,>400,2,1,-0.009708313044633682,0.009708313044633682,1.0
tier3,H,2024,bb_pct,28-30,>400,3+,47,0.005812234969008957,0.01649174971575162,0.7021276595744681
tier3,H,2024,bb_pct,31-33,150-400,2,1,-0.008757353834956516,0.008757353834956516,1.0
tier3,H,2024,bb_pct,31-33,150-400,3+,18,0.0008859351644096157,0.021662098464756262,0.4444444444444444
tier3,H,2024,bb_pct,31-33,<150,1,1,-0.0133106419978785,0.0133106419978785,1.0
tier3,H,2024,bb_pct,31-33,<150,2,1,0.011703869801494238,0.011703869801494238,1.0
tier3,H,2024,bb_pct,31-33,>400,2,2,0.011497683173860504,0.017603123373723564,0.5
tier3,H,2024,bb_pct,31-33,>400,3+,40,0.003057961927410475,0.01602356451393698,0.575
tier3,H,2024,bb_pct,<=24,150-400,1,4,0.01607913685423052,0.020625202388443533,0.5
tier3,H,2024,bb_pct,<=24,150-400,2,6,0.002919370376899191,0.024161464194257715,0.5
tier3,H,2024,bb_pct,<=24,<150,1,14,0.00843864880758622,0.030837804221305793,0.35714285714285715
tier3,H,2024,bb_pct,<=24,<150,2,3,0.004380668902830069,0.007464699555132774,1.0
tier3,H,2024,bb_pct,<=24,>400,1,3,0.00154811514187303,0.01956820569712193,0.3333333333333333
tier3,H,2024,bb_pct,<=24,>400,2,13,-0.004306934507981973,0.01565017543916968,0.38461538461538464
tier3,H,2024,bb_pct,<=24,>400,3+,3,0.01216207969213937,0.016766535939752972,0.3333333333333333
tier3,H,2024,bb_pct,>=34,150-400,3+,10,-0.004163232557952197,0.01319567047012134,0.7
tier3,H,2024,bb_pct,>=34,<150,2,1,-0.0012885659596020907,0.0012885659596020907,1.0
tier3,H,2024,bb_pct,>=34,>400,3+,22,-7.890205478038774e-05,0.023530350455109237,0.45454545454545453
marcel,H,2021,hr_pct,25-27,150-400,1,1,-0.004426689711897025,0.004426689711897025,
marcel,H,2021,hr_pct,25-27,150-400,2,7,0.007034665718791747,0.009401723185130323,
marcel,H,2021,hr_pct,25-27,150-400,3+,37,0.0003486751371500534,0.012010428710009995,
marcel,H,2021,hr_pct,25-27,<150,1,11,0.00453770664491627,0.013244638155267155,
marcel,H,2021,hr_pct,25-27,<150,2,22,0.005105541838984424,0.012050618091251184,
marcel,H,2021,hr_pct,25-27,<150,3+,25,0.0029240362845479252,0.014056237271200409,
marcel,H,2021,hr_pct,28-30,150-400,1,1,0.007938793256426439,0.007938793256426439,
marcel,H,2021,hr_pct,28-30,150-400,2,2,0.0013101770388490367,0.004800432691708913,
marcel,H,2021,hr_pct,28-30,150-400,3+,55,0.0029195327515907357,0.012821474873313839,
marcel,H,2021,hr_pct,28-30,<150,1,3,-0.004327977357016669,0.012198276463591695,
marcel,H,2021,hr_pct,28-30,<150,2,12,-0.004237441780178541,0.014647756854432866,
marcel,H,2021,hr_pct,28-30,<150,3+,37,0.00042281420681779345,0.014590424748750693,
marcel,H,2021,hr_pct,31-33,150-400,2,3,-0.01159193053490526,0.0174530006685371,
marcel,H,2021,hr_pct,31-33,150-400,3+,41,0.001253299372417288,0.013159540420388671,
marcel,H,2021,hr_pct,31-33,<150,1,1,0.0032644414926234627,0.0032644414926234627,
marcel,H,2021,hr_pct,31-33,<150,2,1,0.006702172583165331,0.006702172583165331,
marcel,H,2021,hr_pct,31-33,<150,3+,21,0.0059762449487222105,0.010683203393796107,
marcel,H,2021,hr_pct,<=24,150-400,1,2,0.00753918238566925,0.010371921558188873,
marcel,H,2021,hr_pct,<=24,150-400,2,5,-0.011082197713366364,0.02092842017614433,
marcel,H,2021,hr_pct,<=24,150-400,3+,6,0.002379088810217877,0.018515475630751153,
marcel,H,2021,hr_pct,<=24,<150,1,12,0.0018910655193191128,0.014793254553060815,
marcel,H,2021,hr_pct,<=24,<150,2,9,0.0059038116484185004,0.009704435167404603,
marcel,H,2021,hr_pct,<=24,<150,3+,2,-0.011876385579641057,0.013157925684920024,
marcel,H,2021,hr_pct,>=34,150-400,3+,19,0.0010336192618443534,0.015163094784081118,
marcel,H,2021,hr_pct,>=34,<150,1,2,-0.002884888317812688,0.009897561772294129,
marcel,H,2021,hr_pct,>=34,<150,2,4,-0.007516847641140617,0.013778673044214793,
marcel,H,2021,hr_pct,>=34,<150,3+,4,-0.004241369693314089,0.013325775428313435,
tier2,H,2021,hr_pct,25-27,150-400,1,1,-0.007690528225117881,0.007690528225117881,1.0
tier2,H,2021,hr_pct,25-27,150-400,2,7,0.004615427376506198,0.008417210251774573,0.5714285714285714
tier2,H,2021,hr_pct,25-27,150-400,3+,37,-0.00026761054064190217,0.01189827879413841,0.6216216216216216
tier2,H,2021,hr_pct,25-27,<150,1,11,0.0007672155778084658,0.012546295980437041,0.7272727272727273
tier2,H,2021,hr_pct,25-27,<150,2,22,0.0022088517027338958,0.014184596076780513,0.6818181818181818
tier2,H,2021,hr_pct,25-27,<150,3+,25,5.51342013755165e-05,0.013212510109932428,0.48
tier2,H,2021,hr_pct,28-30,150-400,1,1,0.00862400269488751,0.00862400269488751,1.0
tier2,H,2021,hr_pct,28-30,150-400,2,2,-0.0009352529537805117,0.004905628477529414,1.0
tier2,H,2021,hr_pct,28-30,150-400,3+,55,0.002860134908758312,0.012489106978581457,0.5818181818181818
tier2,H,2021,hr_pct,28-30,<150,1,3,-0.014483059195174671,0.016509363066996977,0.6666666666666666
tier2,H,2021,hr_pct,28-30,<150,2,12,-0.0049154782183763795,0.019304278782773618,0.5833333333333334
tier2,H,2021,hr_pct,28-30,<150,3+,37,-0.0017677816530329126,0.015495049555052256,0.6216216216216216
tier2,H,2021,hr_pct,31-33,150-400,2,3,-0.01245074354662967,0.014345293940550752,0.6666666666666666
tier2,H,2021,hr_pct,31-33,150-400,3+,41,-0.0023181272303500924,0.013188487559665136,0.4634146341463415
tier2,H,2021,hr_pct,31-33,<150,1,1,-0.00443164469502107,0.00443164469502107,1.0
tier2,H,2021,hr_pct,31-33,<150,2,1,-0.0025632628209037514,0.0025632628209037514,1.0
tier2,H,2021,hr_pct,31-33,<150,3+,21,0.002301741223597416,0.008161558600027053,0.6190476190476191
tier2,H,2021,hr_pct,<=24,150-400,1,2,0.005522854653925224,0.007583052412647228,1.0
tier2,H,2021,hr_pct,<=24,150-400,2,5,-0.010713836979834067,0.020971603501319692,0.4
tier2,H,2021,hr_pct,<=24,150-400,3+,6,0.003279302386158681,0.018009973706656805,0.3333333333333333
tier2,H,2021,hr_pct,<=24,<150,1,12,-0.0032737137057239907,0.01567506548965042,0.6666666666666666
tier2,H,2021,hr_pct,<=24,<150,2,9,0.003221921215961606,0.010244938383018078,0.6666666666666666
tier2,H,2021,hr_pct,<=24,<150,3+,2,-0.014139201323706644,0.016240522810947875,0.5
tier2,H,2021,hr_pct,>=34,150-400,3+,19,-0.003030899925945355,0.014265744910840905,0.47368421052631576
tier2,H,2021,hr_pct,>=34,<150,1,2,-0.006695553787244261,0.009813916089885693,1.0
tier2,H,2021,hr_pct,>=34,<150,2,4,-0.008122610389116517,0.012359534083825736,0.75
tier2,H,2021,hr_pct,>=34,<150,3+,4,-0.010126858354372603,0.016448626807040175,0.5
tier3,H,2021,hr_pct,25-27,150-400,1,1,0.008156716197637602,0.008156716197637602,1.0
tier3,H,2021,hr_pct,25-27,150-400,2,7,0.004112621806593612,0.005424666005039825,0.8571428571428571
tier3,H,2021,hr_pct,25-27,150-400,3+,37,-1.9623916273207832e-05,0.012712780165716277,0.7297297297297297
tier3,H,2021,hr_pct,25-27,<150,1,11,0.0010438043456410188,0.010354088754461513,0.8181818181818182
tier3,H,2021,hr_pct,25-27,<150,2,22,0.002430663596969699,0.015068376649416543,0.5909090909090909
tier3,H,2021,hr_pct,25-27,<150,3+,25,-0.0003239940365317081,0.011937932832522907,0.56
tier3,H,2021,hr_pct,28-30,150-400,1,1,0.008076835888374368,0.008076835888374368,1.0
tier3,H,2021,hr_pct,28-30,150-400,2,2,0.0003348133334126358,0.008678946635455318,1.0
tier3,H,2021,hr_pct,28-30,150-400,3+,55,0.002995941559001831,0.013688480327438635,0.6181818181818182
tier3,H,2021,hr_pct,28-30,<150,1,3,-0.018980394965495473,0.021123613360894695,0.6666666666666666
tier3,H,2021,hr_pct,28-30,<150,2,12,-0.0048309838576736635,0.019055015497851987,0.5
tier3,H,2021,hr_pct,28-30,<150,3+,37,-0.0020247305976753907,0.015050236240694185,0.6486486486486487
tier3,H,2021,hr_pct,31-33,150-400,2,3,-0.00941087161393163,0.011725845226676355,1.0
tier3,H,2021,hr_pct,31-33,150-400,3+,41,-0.0013692128187525999,0.012600790385180156,0.5365853658536586
tier3,H,2021,hr_pct,31-33,<150,1,1,-0.006260808543201542,0.006260808543201542,1.0
tier3,H,2021,hr_pct,31-33,<150,2,1,-0.002004959286492577,0.002004959286492577,1.0
tier3,H,2021,hr_pct,31-33,<150,3+,21,0.0038286449432322215,0.00851051463929645,0.6666666666666666
tier3,H,2021,hr_pct,<=24,150-400,1,2,0.014412650396881938,0.016835233272279145,0.5
tier3,H,2021,hr_pct,<=24,150-400,2,5,-0.004225789305676006,0.016920684456453085,0.4
tier3,H,2021,hr_pct,<=24,150-400,3+,6,0.005847149262481539,0.014464714171372404,0.5
tier3,H,2021,hr_pct,<=24,<150,1,12,-0.0014103631283329545,0.015431477452784961,0.75
tier3,H,2021,hr_pct,<=24,<150,2,9,0.0037376286803801374,0.011631978729323329,0.5555555555555556
tier3,H,2021,hr_pct,<=24,<150,3+,2,-0.013166919040512115,0.017575874379698368,0.5
tier3,H,2021,hr_pct,>=34,150-400,3+,19,-0.0012268940515630991,0.012598593649164904,0.6842105263157895
tier3,H,2021,hr_pct,>=34,<150,1,2,-0.0062819438616889735,0.01128026461287216,0.5
tier3,H,2021,hr_pct,>=34,<150,2,4,-0.0049973227114231385,0.00827735130250423,0.75
tier3,H,2021,hr_pct,>=34,<150,3+,4,-0.009338937241811878,0.013050294393663085,0.5
marcel,H,2022,hr_pct,25-27,150-400,1,7,0.007263745565021954,0.009617265429878124,
marcel,H,2022,hr_pct,25-27,150-400,2,8,0.003152238718187508,0.009889248188676059,
marcel,H,2022,hr_pct,25-27,150-400,3+,23,0.0030866691938107142,0.011723359072802728,
marcel,H,2022,hr_pct,25-27,<150,1,9,0.003459480553592224,0.020015184029932732,
marcel,H,2022,hr_pct,25-27,<150,2,3,0.01040600547440172,0.018487900417049976,
marcel,H,2022,hr_pct,25-27,<150,3+,6,0.005623851613536128,0.010377231025134276,
marcel,H,2022,hr_pct,25-27,>400,1,1,0.011006998532190799,0.011006998532190799,
marcel,H,2022,hr_pct,25-27,>400,2,4,0.007527924188071975,0.011461556014563869,
marcel,H,2022,hr_pct,25-27,>400,3+,40,0.005140070250648731,0.010504225774405757,
marcel,H,2022,hr_pct,28-30,150-400,2,4,0.009546344664569937,0.014570981719198267,
marcel,H,2022,hr_pct,28-30,150-400,3+,29,0.006331659333434833,0.011964338504951332,
marcel,H,2022,hr_pct,28-30,<150,1,1,0.0039288629954472715,0.0039288629954472715,
marcel,H,2022,hr_pct,28-30,<150,2,2,0.024221511137678745,0.024476791036667788,
marcel,H,2022,hr_pct,28-30,<150,3+,5,-0.004010551088068244,0.017644048468439314,
marcel,H,2022,hr_pct,28-30,>400,2,3,0.0064982114728298675,0.006852470212358431,
marcel,H,2022,hr_pct,28-30,>400,3+,52,0.007882363067831556,0.014284834787723825,
marcel,H,2022,hr_pct,31-33,150-400,2,2,0.01313779508467969,0.013142135118926146,
marcel,H,2022,hr_pct,31-33,150-400,3+,22,0.009969837615604025,0.014538894759123785,
marcel,H,2022,hr_pct,31-33,<150,1,2,0.00800414559901958,0.0168666043296803,
marcel,H,2022,hr_pct,31-33,<150,2,1,0.01357847772183494,0.01357847772183494,
marcel,H,2022,hr_pct,31-33,<150,3+,1,0.0175236615337001,0.0175236615337001,
marcel,H,2022,hr_pct,31-33,>400,2,2,0.011251490275285849,0.011827797231625638,
marcel,H,2022,hr_pct,31-33,>400,3+,38,0.006229160412427042,0.013352825028101041,
marcel,H,2022,hr_pct,<=24,150-400,1,2,0.0029935348089057483,0.007825891514241482,
marcel,H,2022,hr_pct,<=24,150-400,2,7,0.005407541748789444,0.010984617821253671,
marcel,H,2022,hr_pct,<=24,150-400,3+,2,0.023109422789089163,0.024632928588747327,
marcel,H,2022,hr_pct,<=24,<150,1,6,0.00896117946815175,0.016142257589318983,
marcel,H,2022,hr_pct,<=24,<150,2,4,0.002863436476269989,0.020047910595891626,
marcel,H,2022,hr_pct,<=24,>400,1,2,0.00849303379285547,0.012225557888395527,
marcel,H,2022,hr_pct,<=24,>400,2,2,0.0023972870370781198,0.01758918943163946,
marcel,H,2022,hr_pct,<=24,>400,3+,3,0.007910483187953201,0.00796280163213748,
marcel,H,2022,hr_pct,>=34,150-400,2,2,0.010474445107353117,0.011821011358911122,
marcel,H,2022,hr_pct,>=34,150-400,3+,6,0.0037591501773725352,0.017031363564174024,
marcel,H,2022,hr_pct,>=34,<150,3+,1,0.017190503195922458,0.017190503195922458,
marcel,H,2022,hr_pct,>=34,>400,3+,20,0.01128152713722144,0.016714942934222307,
tier2,H,2022,hr_pct,25-27,150-400,1,7,0.006798989065280756,0.010427698549370116,0.7142857142857143
tier2,H,2022,hr_pct,25-27,150-400,2,8,0.001316197385361078,0.008966413838480649,0.625
tier2,H,2022,hr_pct,25-27,150-400,3+,23,0.001238700267361414,0.010529608119697432,0.4782608695652174
tier2,H,2022,hr_pct,25-27,<150,1,9,0.0005546259547473423,0.020966880355913126,0.6666666666666666
tier2,H,2022,hr_pct,25-27,<150,2,3,0.0028587686254426033,0.01607316711420109,0.3333333333333333
tier2,H,2022,hr_pct,25-27,<150,3+,6,0.002433570517893024,0.010688560615682415,0.6666666666666666
tier2,H,2022,hr_pct,25-27,>400,1,1,0.012378197013136392,0.012378197013136392,0.0
tier2,H,2022,hr_pct,25-27,>400,2,4,0.008923690501686309,0.01454337010242626,0.25
tier2,H,2022,hr_pct,25-27,>400,3+,40,0.005989178090783781,0.011533783964197238,0.5
tier2,H,2022,hr_pct,28-30,150-400,2,4,0.008161225139093568,0.014513263086061946,0.25
tier2,H,2022,hr_pct,28-30,150-400,3+,29,0.00561257686351756,0.012029146043521666,0.5862068965517241
tier2,H,2022,hr_pct,28-30,<150,1,1,-0.0017535402063117642,0.0017535402063117642,1.0
tier2,H,2022,hr_pct,28-30,<150,2,2,0.017890379160751816,0.018712057876405494,0.0
tier2,H,2022,hr_pct,28-30,<150,3+,5,-0.007057688277183675,0.016332150728177265,0.6
tier2,H,2022,hr_pct,28-30,>400,2,3,0.007079359698702629,0.007165625586470281,1.0
tier2,H,2022,hr_pct,28-30,>400,3+,52,0.008999669828237704,0.014548283081822126,0.46153846153846156
tier2,H,2022,hr_pct,31-33,150-400,2,2,0.005621184018725862,0.005688068913872994,1.0
tier2,H,2022,hr_pct,31-33,150-400,3+,22,0.008073064466354087,0.013985482127444906,0.45454545454545453
tier2,H,2022,hr_pct,31-33,<150,1,2,0.0035013505993168937,0.008263392873338413,1.0
tier2,H,2022,hr_pct,31-33,<150,2,1,0.0035271276697570863,0.0035271276697570863,1.0
tier2,H,2022,hr_pct,31-33,<150,3+,1,0.017293932880836062,0.017293932880836062,0.0
tier2,H,2022,hr_pct,31-33,>400,2,2,0.015376128049857869,0.016250752426918164,0.5
tier2,H,2022,hr_pct,31-33,>400,3+,38,0.0048587017275543865,0.013283417152302442,0.4473684210526316
tier2,H,2022,hr_pct,<=24,150-400,1,2,0.0008103696955773466,0.00964392581256896,0.5
tier2,H,2022,hr_pct,<=24,150-400,2,7,0.0051131640601782945,0.011870042693195849,0.5714285714285714
tier2,H,2022,hr_pct,<=24,150-400,3+,2,0.026962790046179415,0.030045604113074224,0.0
tier2,H,2022,hr_pct,<=24,<150,1,6,0.00538297103613339,0.015918858174762386,0.5
tier2,H,2022,hr_pct,<=24,<150,2,4,-0.0013003655376590817,0.020112719385715364,0.5
tier2,H,2022,hr_pct,<=24,>400,1,2,0.008901356181197983,0.011931613610120882,0.5
tier2,H,2022,hr_pct,<=24,>400,2,2,0.0020606614440386297,0.01756850514416313,0.0
tier2,H,2022,hr_pct,<=24,>400,3+,3,0.012549573138891214,0.012716207163018326,0.6666666666666666
tier2,H,2022,hr_pct,>=34,150-400,2,2,0.00883802685704848,0.010908036689864996,0.5
tier2,H,2022,hr_pct,>=34,150-400,3+,6,0.002929940136957213,0.016249948637866565,0.3333333333333333
tier2,H,2022,hr_pct,>=34,<150,3+,1,0.014240271424777021,0.014240271424777021,0.0
tier2,H,2022,hr_pct,>=34,>400,3+,20,0.009301149887711304,0.016033346957832272,0.35
tier3,H,2022,hr_pct,25-27,150-400,1,7,0.0051681752009823285,0.009468986772260803,0.7142857142857143
tier3,H,2022,hr_pct,25-27,150-400,2,8,-0.0001725262498476804,0.00971848596611019,0.375
tier3,H,2022,hr_pct,25-27,150-400,3+,23,0.0008787865072455102,0.009509814094835376,0.6521739130434783
tier3,H,2022,hr_pct,25-27,<150,1,9,0.0015557099962226063,0.023527761619470934,0.4444444444444444
tier3,H,2022,hr_pct,25-27,<150,2,3,0.002676732681587728,0.018056781876607517,0.3333333333333333
tier3,H,2022,hr_pct,25-27,<150,3+,6,0.0011934902642232342,0.00872875634225392,0.6666666666666666
tier3,H,2022,hr_pct,25-27,>400,1,1,0.018923381648197905,0.018923381648197905,0.0
tier3,H,2022,hr_pct,25-27,>400,2,4,0.012264138120228547,0.016759260336792047,0.5
tier3,H,2022,hr_pct,25-27,>400,3+,40,0.007193672543682545,0.012066794052927859,0.55
tier3,H,2022,hr_pct,28-30,150-400,2,4,0.010959015606905926,0.015276852716705331,0.25
tier3,H,2022,hr_pct,28-30,150-400,3+,29,0.005760298018727485,0.011115382983794941,0.6551724137931034
tier3,H,2022,hr_pct,28-30,<150,1,1,-0.00903728428235959,0.00903728428235959,1.0
tier3,H,2022,hr_pct,28-30,<150,2,2,0.013990412390679743,0.01519944042834856,0.0
tier3,H,2022,hr_pct,28-30,<150,3+,5,-0.006963016304959299,0.016292378042552895,0.6
tier3,H,2022,hr_pct,28-30,>400,2,3,0.009010543021190072,0.009952690634153744,0.3333333333333333
tier3,H,2022,hr_pct,28-30,>400,3+,52,0.008532913202336661,0.01434043607392821,0.5
tier3,H,2022,hr_pct,31-33,150-400,2,2,0.0066594911351254,0.0066807673651722195,0.5
tier3,H,2022,hr_pct,31-33,150-400,3+,22,0.007908604034851819,0.014217534353706039,0.4090909090909091
tier3,H,2022,hr_pct,31-33,<150,1,2,0.014721623884070102,0.016037903731558,1.0
tier3,H,2022,hr_pct,31-33,<150,2,1,0.004557575652291481,0.004557575652291481,1.0
tier3,H,2022,hr_pct,31-33,<150,3+,1,0.017940047341431488,0.017940047341431488,0.0
tier3,H,2022,hr_pct,31-33,>400,2,2,0.01226720467591723,0.01282317752765713,1.0
tier3,H,2022,hr_pct,31-33,>400,3+,38,0.0038854786806483688,0.013386509939971836,0.5
tier3,H,2022,hr_pct,<=24,150-400,1,2,0.007805105208906527,0.008153567418585188,0.5
tier3,H,2022,hr_pct,<=24,150-400,2,7,0.006941918714911604,0.014606339254104587,0.5714285714285714
tier3,H,2022,hr_pct,<=24,150-400,3+,2,0.02812610644532617,0.032914099210234055,0.0
tier3,H,2022,hr_pct,<=24,<150,1,6,0.004390874364963724,0.012207614861542013,0.6666666666666666
tier3,H,2022,hr_pct,<=24,<150,2,4,-0.00624364641742476,0.02267867811329263,0.75
tier3,H,2022,hr_pct,<=24,>400,1,2,0.015178227083298326,0.016012656304287484,0.5
tier3,H,2022,hr_pct,<=24,>400,2,2,0.0024620402660635154,0.018126644893413577,0.0
tier3,H,2022,hr_pct,<=24,>400,3+,3,0.017730948311555018,0.01831383186786254,0.0
tier3,H,2022,hr_pct,>=34,150-400,2,2,0.008438201147639652,0.011748549479748117,0.5
tier3,H,2022,hr_pct,>=34,150-400,3+,6,0.0038961085963610427,0.01717846221132164,0.5
tier3,H,2022,hr_pct,>=34,<150,3+,1,0.008904878809659289,0.008904878809659289,1.0
tier3,H,2022,hr_pct,>=34,>400,3+,20,0.011009013270621594,0.01708098120236412,0.35
marcel,H,2023,hr_pct,25-27,150-400,1,5,-0.007729836688721934,0.008229067962137753,
marcel,H,2023,hr_pct,25-27,150-400,2,16,-0.0034959337905591326,0.016094497247913328,
marcel,H,2023,hr_pct,25-27,150-400,3+,12,-0.0012932134489651449,0.012573872118286901,
marcel,H,2023,hr_pct,25-27,<150,1,10,-0.008087742230314493,0.013594023329105854,
marcel,H,2023,hr_pct,25-27,<150,2,5,0.004052422351545475,0.010515110003434908,
marcel,H,2023,hr_pct,25-27,<150,3+,1,-0.014493574846627333,0.014493574846627333,
marcel,H,2023,hr_pct,25-27,>400,1,5,0.0048880379278622476,0.0114233700371228,
marcel,H,2023,hr_pct,25-27,>400,2,8,-0.0016983565027443442,0.004656883491477503,
marcel,H,2023,hr_pct,25-27,>400,3+,24,-0.0004956473033963622,0.007420658570723955,
marcel,H,2023,hr_pct,28-30,150-400,3+,28,0.006016492981609184,0.011817559763410805,
marcel,H,2023,hr_pct,28-30,<150,1,3,-0.0033180851769618186,0.015492590320710245,
marcel,H,2023,hr_pct,28-30,<150,2,4,-0.005642045195714524,0.010549754805506097,
marcel,H,2023,hr_pct,28-30,<150,3+,4,-0.017707424213443543,0.021130015518175397,
marcel,H,2023,hr_pct,28-30,>400,1,1,-0.0036827773337466015,0.0036827773337466015,
marcel,H,2023,hr_pct,28-30,>400,2,2,-0.005796179912981267,0.008392050241175711,
marcel,H,2023,hr_pct,28-30,>400,3+,60,-0.0018314252442446298,0.011289550509295502,
marcel,H,2023,hr_pct,31-33,150-400,1,2,0.01366928205317909,0.017670684524004384,
marcel,H,2023,hr_pct,31-33,150-400,2,2,0.015248021016220938,0.016589985632364614,
marcel,H,2023,hr_pct,31-33,150-400,3+,16,0.0018705695116537002,0.013133898220191922,
marcel,H,2023,hr_pct,31-33,<150,2,1,0.004598898983218119,0.004598898983218119,
marcel,H,2023,hr_pct,31-33,<150,3+,2,0.014592027795215266,0.014674149464321419,
marcel,H,2023,hr_pct,31-33,>400,2,1,0.01655555033864417,0.01655555033864417,
marcel,H,2023,hr_pct,31-33,>400,3+,40,-0.0010007184720088795,0.011943848469264535,
marcel,H,2023,hr_pct,<=24,150-400,1,8,-0.0030205000062131226,0.0119279398342809,
marcel,H,2023,hr_pct,<=24,150-400,2,5,0.0011712125458214246,0.01037025389226617,
marcel,H,2023,hr_pct,<=24,150-400,3+,3,-0.005093152155361881,0.009623482344559574,
marcel,H,2023,hr_pct,<=24,<150,1,20,-0.002332315559661967,0.01544051785060929,
marcel,H,2023,hr_pct,<=24,<150,2,1,0.025381317847887858,0.025381317847887858,
marcel,H,2023,hr_pct,<=24,>400,1,8,-0.006335860627624035,0.012891190499566753,
marcel,H,2023,hr_pct,<=24,>400,2,1,0.003909051437482021,0.003909051437482021,
marcel,H,2023,hr_pct,<=24,>400,3+,6,0.003187766468707532,0.0093411090690344,
marcel,H,2023,hr_pct,>=34,150-400,3+,10,0.002036993285013995,0.009215968266604093,
marcel,H,2023,hr_pct,>=34,<150,3+,1,-0.008475974894008934,0.008475974894008934,
marcel,H,2023,hr_pct,>=34,>400,3+,20,0.0020278513978701576,0.011073879532344068,
tier2,H,2023,hr_pct,25-27,150-400,1,5,-0.007333651184312239,0.00798522612133875,1.0
tier2,H,2023,hr_pct,25-27,150-400,2,16,-0.003725627661788987,0.017005231328139615,0.4375
tier2,H,2023,hr_pct,25-27,150-400,3+,12,-0.0005932403375495524,0.013451666957009832,0.6666666666666666
tier2,H,2023,hr_pct,25-27,<150,1,10,-0.007936343969657915,0.013906092021935228,0.5
tier2,H,2023,hr_pct,25-27,<150,2,5,0.00046753675677915557,0.01213654018201843,0.6
tier2,H,2023,hr_pct,25-27,<150,3+,1,-0.020235617881492123,0.020235617881492123,0.0
tier2,H,2023,hr_pct,25-27,>400,1,5,0.00756382177601358,0.013910004103477194,0.4
tier2,H,2023,hr_pct,25-27,>400,2,8,-0.0004168394331165032,0.004981164695992798,0.875
tier2,H,2023,hr_pct,25-27,>400,3+,24,0.00131049734434242,0.0076422046654963036,0.7083333333333334
tier2,H,2023,hr_pct,28-30,150-400,3+,28,0.005133634728919742,0.01163740923168028,0.5357142857142857
tier2,H,2023,hr_pct,28-30,<150,1,3,-0.003536711354496713,0.0164628652773313,0.3333333333333333
tier2,H,2023,hr_pct,28-30,<150,2,4,-0.006734489733536686,0.013358861481655451,0.75
tier2,H,2023,hr_pct,28-30,<150,3+,4,-0.01981438630750821,0.02441315913981647,0.25
tier2,H,2023,hr_pct,28-30,>400,1,1,-0.0012433220345289889,0.0012433220345289889,1.0
tier2,H,2023,hr_pct,28-30,>400,2,2,-0.006169572764507599,0.0073750486232939064,1.0
tier2,H,2023,hr_pct,28-30,>400,3+,60,-0.0005916899134227403,0.01104151990624261,0.5333333333333333
tier2,H,2023,hr_pct,31-33,150-400,1,2,0.017452250854995938,0.02228141119713508,0.5
tier2,H,2023,hr_pct,31-33,150-400,2,2,0.01102920107402884,0.014732732089588387,0.5
tier2,H,2023,hr_pct,31-33,150-400,3+,16,-0.0004837887773904259,0.011306259908069905,0.625
tier2,H,2023,hr_pct,31-33,<150,2,1,0.0006572668648387597,0.0006572668648387597,1.0
tier2,H,2023,hr_pct,31-33,<150,3+,2,0.007895720225187497,0.008070556944346286,0.0
tier2,H,2023,hr_pct,31-33,>400,2,1,0.01855875710836511,0.01855875710836511,0.0
tier2,H,2023,hr_pct,31-33,>400,3+,40,-0.00021629960042996566,0.013064433294074649,0.575
tier2,H,2023,hr_pct,<=24,150-400,1,8,-0.0008842928726588641,0.011847411354253103,0.5
tier2,H,2023,hr_pct,<=24,150-400,2,5,0.0006298255517354365,0.011389090860672583,0.6
tier2,H,2023,hr_pct,<=24,150-400,3+,3,-0.004114447771719499,0.0067430476383392775,1.0
tier2,H,2023,hr_pct,<=24,<150,1,20,-0.0040681592753855555,0.015596620351367201,0.6
tier2,H,2023,hr_pct,<=24,<150,2,1,0.04584141344028214,0.04584141344028214,0.0
tier2,H,2023,hr_pct,<=24,>400,1,8,-0.0034270042781257047,0.013037928960993912,0.75
tier2,H,2023,hr_pct,<=24,>400,2,1,0.0030894227277732562,0.0030894227277732562,1.0
tier2,H,2023,hr_pct,<=24,>400,3+,6,0.0038337617267286813,0.009836283117504535,0.5
tier2,H,2023,hr_pct,>=34,150-400,3+,10,0.0006390723869095884,0.011337394778021146,0.6
tier2,H,2023,hr_pct,>=34,<150,3+,1,-0.012378526908051468,0.012378526908051468,1.0
tier2,H,2023,hr_pct,>=34,>400,3+,20,0.0015171254387829007,0.01085538067596316,0.6
tier3,H,2023,hr_pct,25-27,150-400,1,5,-0.0029520713641130176,0.007286016099416323,0.8
tier3,H,2023,hr_pct,25-27,150-400,2,16,-0.0018447087626078476,0.015551163753531046,0.5
tier3,H,2023,hr_pct,25-27,150-400,3+,12,-8.67380872677024e-05,0.014176767837076143,0.6666666666666666
tier3,H,2023,hr_pct,25-27,<150,1,10,-0.007299032650436947,0.013387931420639465,0.6
tier3,H,2023,hr_pct,25-27,<150,2,5,0.0008026942200091475,0.013548895287435924,0.6
tier3,H,2023,hr_pct,25-27,<150,3+,1,-0.0188207784659293,0.0188207784659293,0.0
tier3,H,2023,hr_pct,25-27,>400,1,5,0.006901583222145526,0.015116721829143611,0.4
tier3,H,2023,hr_pct,25-27,>400,2,8,0.00016827132091564551,0.003460092816796997,1.0
tier3,H,2023,hr_pct,25-27,>400,3+,24,0.003768518980252408,0.00992036099870947,0.625
tier3,H,2023,hr_pct,28-30,150-400,3+,28,0.004974601640901003,0.010821853372414595,0.6071428571428571
tier3,H,2023,hr_pct,28-30,<150,1,3,-0.00951436356366708,0.013956334334219923,0.6666666666666666
tier3,H,2023,hr_pct,28-30,<150,2,4,-0.0022482689012435627,0.00862364182592477,1.0
tier3,H,2023,hr_pct,28-30,<150,3+,4,-0.020259759769512636,0.023310688573850345,0.25
tier3,H,2023,hr_pct,28-30,>400,1,1,0.006833532857409348,0.006833532857409348,1.0
tier3,H,2023,hr_pct,28-30,>400,2,2,-0.004036336436479318,0.005308313499754343,1.0
tier3,H,2023,hr_pct,28-30,>400,3+,60,-0.0006663127184217945,0.011116552320213781,0.5833333333333334
tier3,H,2023,hr_pct,31-33,150-400,1,2,0.018698089840304667,0.01995862114086888,0.5
tier3,H,2023,hr_pct,31-33,150-400,2,2,0.012107468377075761,0.014904803642727098,0.5
tier3,H,2023,hr_pct,31-33,150-400,3+,16,-0.00044358053649149343,0.013742367836940545,0.4375
tier3,H,2023,hr_pct,31-33,<150,2,1,0.0006498704816448736,0.0006498704816448736,1.0
tier3,H,2023,hr_pct,31-33,<150,3+,2,0.00476189017786394,0.0053731385074587655,0.5
tier3,H,2023,hr_pct,31-33,>400,2,1,0.02260559553138744,0.02260559553138744,0.0
tier3,H,2023,hr_pct,31-33,>400,3+,40,-0.0010932434855486987,0.012197729737009076,0.6
tier3,H,2023,hr_pct,<=24,150-400,1,8,-0.002298446804666075,0.011221866621831505,0.625
tier3,H,2023,hr_pct,<=24,150-400,2,5,0.00013394511388908686,0.012203176638678535,0.4
tier3,H,2023,hr_pct,<=24,150-400,3+,3,-0.005607042635462452,0.013622282796651064,0.3333333333333333
tier3,H,2023,hr_pct,<=24,<150,1,20,-0.00303401462062597,0.014433163460972568,0.55
tier3,H,2023,hr_pct,<=24,<150,2,1,0.05449231706538697,0.05449231706538697,0.0
tier3,H,2023,hr_pct,<=24,>400,1,8,-0.0006628286219163789,0.011005180417719113,0.625
tier3,H,2023,hr_pct,<=24,>400,2,1,-0.0002844534266622095,0.0002844534266622095,1.0
tier3,H,2023,hr_pct,<=24,>400,3+,6,0.004295395736107982,0.01076306365309738,0.5
tier3,H,2023,hr_pct,>=34,150-400,3+,10,-4.3337019302938434e-05,0.011382784897097025,0.6
tier3,H,2023,hr_pct,>=34,<150,3+,1,-0.012501498756889984,0.012501498756889984,1.0
tier3,H,2023,hr_pct,>=34,>400,3+,20,0.0016965942954017038,0.009960323514697833,0.7
marcel,H,2024,hr_pct,25-27,150-400,1,6,0.0038007599263867636,0.010897201367444901,
marcel,H,2024,hr_pct,25-27,150-400,2,15,0.001086618009773783,0.01206414277679671,
marcel,H,2024,hr_pct,25-27,150-400,3+,13,0.00298563701719853,0.0077855823244624735,
marcel,H,2024,hr_pct,25-27,<150,1,12,0.005315842709464357,0.01068545940050107,
marcel,H,2024,hr_pct,25-27,<150,2,8,0.008184480270111493,0.012465533443783596,
marcel,H,2024,hr_pct,25-27,<150,3+,8,0.00027091625687829766,0.010608088252609981,
marcel,H,2024,hr_pct,25-27,>400,1,2,-0.00399526715970237,0.011309207209550228,
marcel,H,2024,hr_pct,25-27,>400,2,15,0.0007888375330099926,0.0116198862348789,
marcel,H,2024,hr_pct,25-27,>400,3+,37,0.004212333420029597,0.011201056078895943,
marcel,H,2024,hr_pct,28-30,150-400,2,3,0.011254371532340492,0.014958531804963907,
marcel,H,2024,hr_pct,28-30,150-400,3+,32,0.0030709871663546027,0.010986495446114228,
marcel,H,2024,hr_pct,28-30,<150,1,1,-0.0029519619546448453,0.0029519619546448453,
marcel,H,2024,hr_pct,28-30,<150,2,1,-0.024223824253721795,0.024223824253721795,
marcel,H,2024,hr_pct,28-30,<150,3+,4,0.002312942868857407,0.010364671840597613,
marcel,H,2024,hr_pct,28-30,>400,1,1,0.0038358698445603197,0.0038358698445603197,
marcel,H,2024,hr_pct,28-30,>400,2,1,-0.003218814449338324,0.003218814449338324,
marcel,H,2024,hr_pct,28-30,>400,3+,47,-0.000924862873786655,0.010427757148204767,
marcel,H,2024,hr_pct,31-33,150-400,2,1,0.003849264332260363,0.003849264332260363,
marcel,H,2024,hr_pct,31-33,150-400,3+,18,0.006442733479259795,0.010526691052402856,
marcel,H,2024,hr_pct,31-33,<150,1,1,-0.004261946801402298,0.004261946801402298,
marcel,H,2024,hr_pct,31-33,<150,2,1,-0.005300745236398466,0.005300745236398466,
marcel,H,2024,hr_pct,31-33,>400,2,2,0.001301676581524672,0.013874579209148323,
marcel,H,2024,hr_pct,31-33,>400,3+,40,0.0009904894769067372,0.010581733651677642,
marcel,H,2024,hr_pct,<=24,150-400,1,4,0.008447718144883501,0.014118263338998122,
marcel,H,2024,hr_pct,<=24,150-400,2,6,0.002778586207708536,0.013681938205308044,
marcel,H,2024,hr_pct,<=24,<150,1,14,0.0008817430204691864,0.012559457260757627,
marcel,H,2024,hr_pct,<=24,<150,2,3,0.0006876039573117379,0.01580298811715376,
marcel,H,2024,hr_pct,<=24,>400,1,3,0.007728598200039525,0.011852118053277677,
marcel,H,2024,hr_pct,<=24,>400,2,13,-0.0012407960021094172,0.010315997869871203,
marcel,H,2024,hr_pct,<=24,>400,3+,3,-0.0024785982929329074,0.008346065110963774,
marcel,H,2024,hr_pct,>=34,150-400,3+,10,0.0003393122355654322,0.015021439661648556,
marcel,H,2024,hr_pct,>=34,<150,2,1,0.0025161576921231207,0.0025161576921231207,
marcel,H,2024,hr_pct,>=34,>400,3+,22,0.0046372202937500625,0.009082897350381463,
tier2,H,2024,hr_pct,25-27,150-400,1,6,0.0007402674194944892,0.010146714001770694,0.6666666666666666
tier2,H,2024,hr_pct,25-27,150-400,2,15,0.0005596290362693051,0.013008987218730055,0.6666666666666666
tier2,H,2024,hr_pct,25-27,150-400,3+,13,0.001344081545210578,0.007309687240896435,0.6923076923076923
tier2,H,2024,hr_pct,25-27,<150,1,12,0.001583777535781841,0.010499841276848741,0.8333333333333334
tier2,H,2024,hr_pct,25-27,<150,2,8,0.006122595331336755,0.012326759734386248,0.625
tier2,H,2024,hr_pct,25-27,<150,3+,8,-0.0017588693414932496,0.012142264728933662,0.375
tier2,H,2024,hr_pct,25-27,>400,1,2,-0.006843204572047222,0.013505393733471802,0.5
tier2,H,2024,hr_pct,25-27,>400,2,15,0.0002868132946995711,0.012177034817966012,0.4666666666666667
tier2,H,2024,hr_pct,25-27,>400,3+,37,0.003958171247523688,0.01158076935171854,0.4594594594594595
tier2,H,2024,hr_pct,28-30,150-400,2,3,0.008737723918606525,0.011823897455814266,0.3333333333333333
tier2,H,2024,hr_pct,28-30,150-400,3+,32,0.0012347154614448692,0.011460725161992641,0.625
tier2,H,2024,hr_pct,28-30,<150,1,1,-0.007449632333955434,0.007449632333955434,1.0
tier2,H,2024,hr_pct,28-30,<150,2,1,-0.02643664406631168,0.02643664406631168,0.0
tier2,H,2024,hr_pct,28-30,<150,3+,4,0.0003705451709513628,0.008750507336029006,0.5
tier2,H,2024,hr_pct,28-30,>400,1,1,0.0029573601274712515,0.0029573601274712515,1.0
tier2,H,2024,hr_pct,28-30,>400,2,1,-0.004070760336209102,0.004070760336209102,1.0
tier2,H,2024,hr_pct,28-30,>400,3+,47,-0.0015074980179541763,0.010815855443233425,0.6595744680851063
tier2,H,2024,hr_pct,31-33,150-400,2,1,-0.002637506544134142,0.002637506544134142,1.0
tier2,H,2024,hr_pct,31-33,150-400,3+,18,0.0036806940257132583,0.009735368419297704,0.6111111111111112
tier2,H,2024,hr_pct,31-33,<150,1,1,-0.0070148618855745346,0.0070148618855745346,1.0
tier2,H,2024,hr_pct,31-33,<150,2,1,-0.0020787877189527987,0.0020787877189527987,1.0
tier2,H,2024,hr_pct,31-33,>400,2,2,-0.0008289782962422453,0.013549405455934273,0.0
tier2,H,2024,hr_pct,31-33,>400,3+,40,2.61175363003136e-05,0.010657427067500223,0.55
tier2,H,2024,hr_pct,<=24,150-400,1,4,0.006677998803989499,0.013361629249675521,0.5
tier2,H,2024,hr_pct,<=24,150-400,2,6,0.0007625249977320774,0.013817906594019047,0.8333333333333334
tier2,H,2024,hr_pct,<=24,<150,1,14,-0.0034172975844139657,0.013808808169225436,0.5
tier2,H,2024,hr_pct,<=24,<150,2,3,-0.005223386336193978,0.017559642480710506,0.3333333333333333
tier2,H,2024,hr_pct,<=24,>400,1,3,0.006965859818063513,0.012010940893120747,0.3333333333333333
tier2,H,2024,hr_pct,<=24,>400,2,13,-0.0018414424147470496,0.011109698321062463,0.5384615384615384
tier2,H,2024,hr_pct,<=24,>400,3+,3,-0.004544789547481497,0.009502337351330539,0.3333333333333333
tier2,H,2024,hr_pct,>=34,150-400,3+,10,-0.0021863931485423768,0.014860045378368696,0.3
tier2,H,2024,hr_pct,>=34,<150,2,1,0.000168253205891776,0.000168253205891776,1.0
tier2,H,2024,hr_pct,>=34,>400,3+,22,0.0025475734438008303,0.009032475352620306,0.45454545454545453
tier3,H,2024,hr_pct,25-27,150-400,1,6,0.0015709197765221452,0.010371152618343243,0.3333333333333333
tier3,H,2024,hr_pct,25-27,150-400,2,15,0.001071533085837212,0.014293040439389205,0.7333333333333333
tier3,H,2024,hr_pct,25-27,150-400,3+,13,0.002315434892947603,0.006819012534022506,0.6923076923076923
tier3,H,2024,hr_pct,25-27,<150,1,12,0.0007930025932347957,0.012306887250774248,0.6666666666666666
tier3,H,2024,hr_pct,25-27,<150,2,8,0.005329086490154903,0.011112234880427242,0.375
tier3,H,2024,hr_pct,25-27,<150,3+,8,-6.198706942157385e-05,0.012149750907580591,0.625
tier3,H,2024,hr_pct,25-27,>400,1,2,-0.0029716807585591374,0.011177495510002062,0.0
tier3,H,2024,hr_pct,25-27,>400,2,15,0.0007176065079818436,0.014192368847344728,0.4666666666666667
tier3,H,2024,hr_pct,25-27,>400,3+,37,0.004735783246457566,0.011687884088317098,0.5675675675675675
tier3,H,2024,hr_pct,28-30,150-400,2,3,0.012446360834651483,0.012816514906529507,0.3333333333333333
tier3,H,2024,hr_pct,28-30,150-400,3+,32,-0.00016161549315024378,0.010450348066797207,0.65625
tier3,H,2024,hr_pct,28-30,<150,1,1,0.001979951321513816,0.001979951321513816,1.0
tier3,H,2024,hr_pct,28-30,<150,2,1,-0.028824145372899783,0.028824145372899783,0.0
tier3,H,2024,hr_pct,28-30,<150,3+,4,-0.0013702738491590772,0.009116742070714017,0.5
tier3,H,2024,hr_pct,28-30,>400,1,1,0.0027992778635765325,0.0027992778635765325,1.0
tier3,H,2024,hr_pct,28-30,>400,2,1,0.0013616651577453356,0.0013616651577453356,1.0
tier3,H,2024,hr_pct,28-30,>400,3+,47,-0.0014445957472858332,0.010972373330022604,0.6382978723404256
tier3,H,2024,hr_pct,31-33,150-400,2,1,-0.0011605736710838047,0.0011605736710838047,1.0
tier3,H,2024,hr_pct,31-33,150-400,3+,18,0.005029328085433512,0.011765349730103632,0.5555555555555556
tier3,H,2024,hr_pct,31-33,<150,1,1,-0.00843781319705137,0.00843781319705137,1.0
tier3,H,2024,hr_pct,31-33,<150,2,1,0.00013753771290683087,0.00013753771290683087,1.0
tier3,H,2024,hr_pct,31-33,>400,2,2,-0.0025737537018537,0.013243365395027842,0.0
tier3,H,2024,hr_pct,31-33,>400,3+,40,0.0002456979730688972,0.010464356886296265,0.625
tier3,H,2024,hr_pct,<=24,150-400,1,4,0.00525394688378122,0.00909316684114175,0.75
tier3,H,2024,hr_pct,<=24,150-400,2,6,0.0032256405385148188,0.01377064042917554,0.6666666666666666
tier3,H,2024,hr_pct,<=24,<150,1,14,-0.005466267003483891,0.014181789198885198,0.5
tier3,H,2024,hr_pct,<=24,<150,2,3,-0.0032262930966286745,0.010973709281826973,0.6666666666666666
tier3,H,2024,hr_pct,<=24,>400,1,3,0.007020690669229685,0.011689258675832941,0.6666666666666666
tier3,H,2024,hr_pct,<=24,>400,2,13,0.0008417652091165247,0.009781778404138105,0.6923076923076923
tier3,H,2024,hr_pct,<=24,>400,3+,3,-0.0030142701410095186,0.005706881704094798,0.6666666666666666
tier3,H,2024,hr_pct,>=34,150-400,3+,10,-0.002853764705813744,0.012999377882486073,0.6
tier3,H,2024,hr_pct,>=34,<150,2,1,-0.0036661640937187077,0.0036661640937187077,1.0
tier3,H,2024,hr_pct,>=34,>400,3+,22,0.0011552899986850558,0.010233280816949866,0.5
marcel,H,2021,k_pct,25-27,150-400,1,1,0.054751272886263413,0.054751272886263413,
marcel,H,2021,k_pct,25-27,150-400,2,7,0.041523200284987564,0.05000534059376506,
marcel,H,2021,k_pct,25-27,150-400,3+,37,0.010676974540263546,0.03955783709274634,
marcel,H,2021,k_pct,25-27,<150,1,11,-0.0234978222751401,0.06709433070692451,
marcel,H,2021,k_pct,25-27,<150,2,22,-0.012265639077337078,0.03157956669271156,
marcel,H,2021,k_pct,25-27,<150,3+,25,0.006314887939614404,0.03639307302093659,
marcel,H,2021,k_pct,28-30,150-400,1,1,-0.024705158755447876,0.024705158755447876,
marcel,H,2021,k_pct,28-30,150-400,2,2,-0.008365005737710998,0.012695666061460595,
marcel,H,2021,k_pct,28-30,150-400,3+,55,0.0012399220240124254,0.03233547462681952,
marcel,H,2021,k_pct,28-30,<150,1,3,0.0516305336793486,0.05290828398829298,
marcel,H,2021,k_pct,28-30,<150,2,12,-0.00907110490167906,0.03629776101120366,
marcel,H,2021,k_pct,28-30,<150,3+,37,-0.002352590808918597,0.04485407708858432,
marcel,H,2021,k_pct,31-33,150-400,2,3,-0.016430639322421465,0.04072383465498806,
marcel,H,2021,k_pct,31-33,150-400,3+,41,-0.003752918560721113,0.03128507285095283,
marcel,H,2021,k_pct,31-33,<150,1,1,0.053804555730803116,0.053804555730803116,
marcel,H,2021,k_pct,31-33,<150,2,1,0.004713733206907128,0.004713733206907128,
marcel,H,2021,k_pct,31-33,<150,3+,21,0.00975768388916196,0.026701500964946192,
marcel,H,2021,k_pct,<=24,150-400,1,2,-0.004985249108357646,0.0565758013793414,
marcel,H,2021,k_pct,<=24,150-400,2,5,0.004368873664403125,0.0218063952274682,
marcel,H,2021,k_pct,<=24,150-400,3+,6,0.020477753653486794,0.03148626738152525,
marcel,H,2021,k_pct,<=24,<150,1,12,-0.01707972918845544,0.058011279672404686,
marcel,H,2021,k_pct,<=24,<150,2,9,0.022376019975066413,0.03302118973604201,
marcel,H,2021,k_pct,<=24,<150,3+,2,0.003513875285164781,0.015227384787810513,
marcel,H,2021,k_pct,>=34,150-400,3+,19,-0.00040548403551299446,0.024846108254969062,
marcel,H,2021,k_pct,>=34,<150,1,2,-0.011882059699243283,0.03197514199499027,
marcel,H,2021,k_pct,>=34,<150,2,4,-0.024304528932611976,0.036529191836621455,
marcel,H,2021,k_pct,>=34,<150,3+,4,0.016956832647340367,0.029122947370911915,
tier2,H,2021,k_pct,25-27,150-400,1,1,0.019330473311102714,0.019330473311102714,1.0
tier2,H,2021,k_pct,25-27,150-400,2,7,0.03643374858978333,0.04869604015295087,0.2857142857142857
tier2,H,2021,k_pct,25-27,150-400,3+,37,0.01110398598293382,0.04108085672691602,0.5945945945945946
tier2,H,2021,k_pct,25-27,<150,1,11,-0.0019482878301995653,0.04556854865693527,0.8181818181818182
tier2,H,2021,k_pct,25-27,<150,2,22,-0.0017253737157547997,0.035233733611643045,0.7727272727272727
tier2,H,2021,k_pct,25-27,<150,3+,25,0.013540611449140615,0.035118345993334424,0.76
tier2,H,2021,k_pct,28-30,150-400,1,1,-0.021240322378723142,0.021240322378723142,1.0
tier2,H,2021,k_pct,28-30,150-400,2,2,-0.00280517892594935,0.003201490487143474,1.0
tier2,H,2021,k_pct,28-30,150-400,3+,55,0.0036247940926190715,0.032871139174672326,0.7272727272727273
tier2,H,2021,k_pct,28-30,<150,1,3,0.08353934515098047,0.08555744665941925,0.6666666666666666
tier2,H,2021,k_pct,28-30,<150,2,12,0.013477074931371825,0.03366692926067576,0.8333333333333334
tier2,H,2021,k_pct,28-30,<150,3+,37,0.00843974840246579,0.03202214223507649,0.7837837837837838
tier2,H,2021,k_pct,31-33,150-400,2,3,-0.025251757173146292,0.04234217145744608,0.6666666666666666
tier2,H,2021,k_pct,31-33,150-400,3+,41,-0.011312558994422354,0.03267633448563394,0.6585365853658537
tier2,H,2021,k_pct,31-33,<150,1,1,0.11970597402386124,0.11970597402386124,0.0
tier2,H,2021,k_pct,31-33,<150,2,1,0.013451889519928567,0.013451889519928567,1.0
tier2,H,2021,k_pct,31-33,<150,3+,21,0.010007260626543583,0.027372648129944353,0.9047619047619048
tier2,H,2021,k_pct,<=24,150-400,1,2,-0.006903826432102432,0.07912858890262632,0.0
tier2,H,2021,k_pct,<=24,150-400,2,5,-8.065388342616797e-05,0.021917785906768145,1.0
tier2,H,2021,k_pct,<=24,150-400,3+,6,0.01568426546240661,0.02348157711991585,0.8333333333333334
tier2,H,2021,k_pct,<=24,<150,1,12,-0.008290083947380327,0.06065682115167066,0.5
tier2,H,2021,k_pct,<=24,<150,2,9,0.02357898106276296,0.03904465682351735,0.7777777777777778
tier2,H,2021,k_pct,<=24,<150,3+,2,0.005236031352797463,0.017070975720288713,1.0
tier2,H,2021,k_pct,>=34,150-400,3+,19,-0.004193352190763859,0.025137542599598967,0.8421052631578947
tier2,H,2021,k_pct,>=34,<150,1,2,-0.016983459211942113,0.02528203524550144,1.0
tier2,H,2021,k_pct,>=34,<150,2,4,-0.02808496465804495,0.03756011688887556,0.5
tier2,H,2021,k_pct,>=34,<150,3+,4,0.014421751003879497,0.03751047909928445,0.5
tier3,H,2021,k_pct,25-27,150-400,1,1,0.019330473311102714,0.019330473311102714,1.0
tier3,H,2021,k_pct,25-27,150-400,2,7,0.03643374858978333,0.04869604015295087,0.2857142857142857
tier3,H,2021,k_pct,25-27,150-400,3+,37,0.01110398598293382,0.04108085672691602,0.5945945945945946
tier3,H,2021,k_pct,25-27,<150,1,11,-0.0019482878301995653,0.04556854865693527,0.8181818181818182
tier3,H,2021,k_pct,25-27,<150,2,22,-0.0017253737157547997,0.035233733611643045,0.7727272727272727
tier3,H,2021,k_pct,25-27,<150,3+,25,0.013540611449140615,0.035118345993334424,0.76
tier3,H,2021,k_pct,28-30,150-400,1,1,-0.021240322378723142,0.021240322378723142,1.0
tier3,H,2021,k_pct,28-30,150-400,2,2,-0.00280517892594935,0.003201490487143474,1.0
tier3,H,2021,k_pct,28-30,150-400,3+,55,0.0036247940926190715,0.032871139174672326,0.7272727272727273
tier3,H,2021,k_pct,28-30,<150,1,3,0.08353934515098047,0.08555744665941925,0.6666666666666666
tier3,H,2021,k_pct,28-30,<150,2,12,0.013477074931371825,0.03366692926067576,0.8333333333333334
tier3,H,2021,k_pct,28-30,<150,3+,37,0.00843974840246579,0.03202214223507649,0.7837837837837838
tier3,H,2021,k_pct,31-33,150-400,2,3,-0.025251757173146292,0.04234217145744608,0.6666666666666666
tier3,H,2021,k_pct,31-33,150-400,3+,41,-0.011312558994422354,0.03267633448563394,0.6585365853658537
tier3,H,2021,k_pct,31-33,<150,1,1,0.11970597402386124,0.11970597402386124,0.0
tier3,H,2021,k_pct,31-33,<150,2,1,0.013451889519928567,0.013451889519928567,1.0
tier3,H,2021,k_pct,31-33,<150,3+,21,0.010007260626543583,0.027372648129944353,0.9047619047619048
tier3,H,2021,k_pct,<=24,150-400,1,2,-0.006903826432102432,0.07912858890262632,0.0
tier3,H,2021,k_pct,<=24,150-400,2,5,-8.065388342616797e-05,0.021917785906768145,1.0
tier3,H,2021,k_pct,<=24,150-400,3+,6,0.01568426546240661,0.02348157711991585,0.8333333333333334
tier3,H,2021,k_pct,<=24,<150,1,12,-0.008290083947380327,0.06065682115167066,0.5
tier3,H,2021,k_pct,<=24,<150,2,9,0.02357898106276296,0.03904465682351735,0.7777777777777778
tier3,H,2021,k_pct,<=24,<150,3+,2,0.005236031352797463,0.017070975720288713,1.0
tier3,H,2021,k_pct,>=34,150-400,3+,19,-0.004193352190763859,0.025137542599598967,0.8421052631578947
tier3,H,2021,k_pct,>=34,<150,1,2,-0.016983459211942113,0.02528203524550144,1.0
tier3,H,2021,k_pct,>=34,<150,2,4,-0.02808496465804495,0.03756011688887556,0.5
tier3,H,2021,k_pct,>=34,<150,3+,4,0.014421751003879497,0.03751047909928445,0.5
marcel,H,2022,k_pct,25-27,150-400,1,7,0.015405969352149985,0.032546897228809116,
marcel,H,2022,k_pct,25-27,150-400,2,8,0.002457617982478659,0.024264785149803205,
marcel,H,2022,k_pct,25-27,150-400,3+,23,0.012299923525395228,0.04661659324435276,
marcel,H,2022,k_pct,25-27,<150,1,9,-0.01666335461390645,0.046553551296447976,
marcel,H,2022,k_pct,25-27,<150,2,3,-0.036536360642719146,0.06683318224903036,
marcel,H,2022,k_pct,25-27,<150,3+,6,-0.004948674194005571,0.04935521950416939,
marcel,H,2022,k_pct,25-27,>400,1,1,0.0010354482512174301,0.0010354482512174301,
marcel,H,2022,k_pct,25-27,>400,2,4,0.009743530106908968,0.04117776739971385,
marcel,H,2022,k_pct,25-27,>400,3+,40,0.019003412025959194,0.032589782751895925,
marcel,H,2022,k_pct,28-30,150-400,2,4,0.020407848427523922,0.03144037291832919,
marcel,H,2022,k_pct,28-30,150-400,3+,29,0.0027612356579340813,0.03912271953936987,
marcel,H,2022,k_pct,28-30,<150,1,1,-0.020984110390077332,0.020984110390077332,
marcel,H,2022,k_pct,28-30,<150,2,2,0.00698106067154588,0.03219213529332382,
marcel,H,2022,k_pct,28-30,<150,3+,5,-0.0026611477191293134,0.046541976898401734,
marcel,H,2022,k_pct,28-30,>400,2,3,-0.008158987082668802,0.018590296339286744,
marcel,H,2022,k_pct,28-30,>400,3+,52,0.0019728426961129007,0.03322870772319294,
marcel,H,2022,k_pct,31-33,150-400,2,2,0.012699347181210147,0.01548279448643083,
marcel,H,2022,k_pct,31-33,150-400,3+,22,5.53390581179852e-05,0.03471832851510754,
marcel,H,2022,k_pct,31-33,<150,1,2,-0.07904252176838816,0.09083881296432103,
marcel,H,2022,k_pct,31-33,<150,2,1,-0.029619988767859373,0.029619988767859373,
marcel,H,2022,k_pct,31-33,<150,3+,1,-0.009714523877117437,0.009714523877117437,
marcel,H,2022,k_pct,31-33,>400,2,2,0.006657806226833839,0.01707002689261335,
marcel,H,2022,k_pct,31-33,>400,3+,38,0.006655024698727354,0.03452363118248298,
marcel,H,2022,k_pct,<=24,150-400,1,2,-0.008821224384687024,0.06286354165543372,
marcel,H,2022,k_pct,<=24,150-400,2,7,0.01711289260177936,0.0369322701586127,
marcel,H,2022,k_pct,<=24,150-400,3+,2,0.015296839179960709,0.016960096545075694,
marcel,H,2022,k_pct,<=24,<150,1,6,-0.018200191864981966,0.052969333742760465,
marcel,H,2022,k_pct,<=24,<150,2,4,0.0018617916467236406,0.06790571054588389,
marcel,H,2022,k_pct,<=24,>400,1,2,0.016518025413353676,0.040253661591629825,
marcel,H,2022,k_pct,<=24,>400,2,2,0.026128195479366793,0.037662419873719745,
marcel,H,2022,k_pct,<=24,>400,3+,3,0.0022711046925277985,0.01753211321992443,
marcel,H,2022,k_pct,>=34,150-400,2,2,-0.005846089254035411,0.008541830009576935,
marcel,H,2022,k_pct,>=34,150-400,3+,6,-0.019996699209228433,0.050824829782633696,
marcel,H,2022,k_pct,>=34,<150,3+,1,-0.02920599629672327,0.02920599629672327,
marcel,H,2022,k_pct,>=34,>400,3+,20,-0.0023371022622688522,0.028009492844760103,
tier2,H,2022,k_pct,25-27,150-400,1,7,0.030484860442037527,0.0422921970438425,0.5714285714285714
tier2,H,2022,k_pct,25-27,150-400,2,8,0.0030694673015706315,0.026143026419672158,0.75
tier2,H,2022,k_pct,25-27,150-400,3+,23,0.009911615150471832,0.036904635805904064,0.6956521739130435
tier2,H,2022,k_pct,25-27,<150,1,9,0.009516467545185835,0.03247483567389578,1.0
tier2,H,2022,k_pct,25-27,<150,2,3,0.016953422579618748,0.05965537052127614,0.6666666666666666
tier2,H,2022,k_pct,25-27,<150,3+,6,0.012036509045686638,0.02927950362526514,0.8333333333333334
tier2,H,2022,k_pct,25-27,>400,1,1,0.0034242256774974777,0.0034242256774974777,1.0
tier2,H,2022,k_pct,25-27,>400,2,4,0.022492721117859226,0.045611255453293024,0.5
tier2,H,2022,k_pct,25-27,>400,3+,40,0.01787367485082253,0.03319649656695205,0.6
tier2,H,2022,k_pct,28-30,150-400,2,4,0.017262960559444273,0.03315418013860622,0.75
tier2,H,2022,k_pct,28-30,150-400,3+,29,0.014364973320886836,0.038516541663593806,0.5517241379310345
tier2,H,2022,k_pct,28-30,<150,1,1,0.020333013743847717,0.020333013743847717,1.0
tier2,H,2022,k_pct,28-30,<150,2,2,0.05073610574352829,0.06066927733632921,0.5
tier2,H,2022,k_pct,28-30,<150,3+,5,0.00486382315814413,0.03631326460795405,0.8
tier2,H,2022,k_pct,28-30,>400,2,3,-0.001115085130542308,0.034075514283700196,0.6666666666666666
tier2,H,2022,k_pct,28-30,>400,3+,52,0.0007960989160273687,0.03480072552040275,0.5192307692307693
tier2,H,2022,k_pct,31-33,150-400,2,2,0.002231344949170217,0.009363194870008452,1.0
tier2,H,2022,k_pct,31-33,150-400,3+,22,0.008566258998958626,0.03400194939231749,0.7272727272727273
tier2,H,2022,k_pct,31-33,<150,1,2,0.034116213646139634,0.06014705208261924,1.0
tier2,H,2022,k_pct,31-33,<150,2,1,0.00938466190326892,0.00938466190326892,1.0
tier2,H,2022,k_pct,31-33,<150,3+,1,-0.01436185635612619,0.01436185635612619,1.0
tier2,H,2022,k_pct,31-33,>400,2,2,0.012364374313065772,0.020973842937412994,1.0
tier2,H,2022,k_pct,31-33,>400,3+,38,0.006577734106054427,0.032821964567892936,0.6578947368421053
tier2,H,2022,k_pct,<=24,150-400,1,2,0.00577734402894973,0.02465692461885853,0.5
tier2,H,2022,k_pct,<=24,150-400,2,7,0.021118360568220446,0.0350217163733843,0.7142857142857143
tier2,H,2022,k_pct,<=24,150-400,3+,2,0.013272130603068262,0.0163358065761953,1.0
tier2,H,2022,k_pct,<=24,<150,1,6,0.005064307011559167,0.0397860294763599,0.8333333333333334
tier2,H,2022,k_pct,<=24,<150,2,4,0.0019045920826965398,0.056508587720194285,0.75
tier2,H,2022,k_pct,<=24,>400,1,2,0.01893934179236555,0.036496155271405054,0.5
tier2,H,2022,k_pct,<=24,>400,2,2,0.03594374940533608,0.041832725456363434,0.5
tier2,H,2022,k_pct,<=24,>400,3+,3,-0.010225703376776658,0.014841388429040118,1.0
tier2,H,2022,k_pct,>=34,150-400,2,2,0.007276499576331883,0.007821844003790542,1.0
tier2,H,2022,k_pct,>=34,150-400,3+,6,-0.019115756769096375,0.049099750056225695,0.5
tier2,H,2022,k_pct,>=34,<150,3+,1,0.014535887417875204,0.014535887417875204,1.0
tier2,H,2022,k_pct,>=34,>400,3+,20,-0.004077005935493979,0.026324818955665408,0.8
tier3,H,2022,k_pct,25-27,150-400,1,7,0.030484860442037527,0.0422921970438425,0.5714285714285714
tier3,H,2022,k_pct,25-27,150-400,2,8,0.0030694673015706315,0.026143026419672158,0.75
tier3,H,2022,k_pct,25-27,150-400,3+,23,0.009911615150471832,0.036904635805904064,0.6956521739130435
tier3,H,2022,k_pct,25-27,<150,1,9,0.009516467545185835,0.03247483567389578,1.0
tier3,H,2022,k_pct,25-27,<150,2,3,0.016953422579618748,0.05965537052127614,0.6666666666666666
tier3,H,2022,k_pct,25-27,<150,3+,6,0.012036509045686638,0.02927950362526514,0.8333333333333334
tier3,H,2022,k_pct,25-27,>400,1,1,0.0034242256774974777,0.0034242256774974777,1.0
tier3,H,2022,k_pct,25-27,>400,2,4,0.022492721117859226,0.045611255453293024,0.5
tier3,H,2022,k_pct,25-27,>400,3+,40,0.01787367485082253,0.03319649656695205,0.6
tier3,H,2022,k_pct,28-30,150-400,2,4,0.017262960559444273,0.03315418013860622,0.75
tier3,H,2022,k_pct,28-30,150-400,3+,29,0.014364973320886836,0.038516541663593806,0.5517241379310345
tier3,H,2022,k_pct,28-30,<150,1,1,0.020333013743847717,0.020333013743847717,1.0
tier3,H,2022,k_pct,28-30,<150,2,2,0.05073610574352829,0.06066927733632921,0.5
tier3,H,2022,k_pct,28-30,<150,3+,5,0.00486382315814413,0.03631326460795405,0.8
tier3,H,2022,k_pct,28-30,>400,2,3,-0.001115085130542308,0.034075514283700196,0.6666666666666666
tier3,H,2022,k_pct,28-30,>400,3+,52,0.0007960989160273687,0.03480072552040275,0.5192307692307693
tier3,H,2022,k_pct,31-33,150-400,2,2,0.002231344949170217,0.009363194870008452,1.0
tier3,H,2022,k_pct,31-33,150-400,3+,22,0.008566258998958626,0.03400194939231749,0.7272727272727273
tier3,H,2022,k_pct,31-33,<150,1,2,0.034116213646139634,0.06014705208261924,1.0
tier3,H,2022,k_pct,31-33,<150,2,1,0.00938466190326892,0.00938466190326892,1.0
tier3,H,2022,k_pct,31-33,<150,3+,1,-0.01436185635612619,0.01436185635612619,1.0
tier3,H,2022,k_pct,31-33,>400,2,2,0.012364374313065772,0.020973842937412994,1.0
tier3,H,2022,k_pct,31-33,>400,3+,38,0.006577734106054427,0.032821964567892936,0.6578947368421053
tier3,H,2022,k_pct,<=24,150-400,1,2,0.00577734402894973,0.02465692461885853,0.5
tier3,H,2022,k_pct,<=24,150-400,2,7,0.021118360568220446,0.0350217163733843,0.7142857142857143
tier3,H,2022,k_pct,<=24,150-400,3+,2,0.013272130603068262,0.0163358065761953,1.0
tier3,H,2022,k_pct,<=24,<150,1,6,0.005064307011559167,0.0397860294763599,0.8333333333333334
tier3,H,2022,k_pct,<=24,<150,2,4,0.0019045920826965398,0.056508587720194285,0.75
tier3,H,2022,k_pct,<=24,>400,1,2,0.01893934179236555,0.036496155271405054,0.5
tier3,H,2022,k_pct,<=24,>400,2,2,0.03594374940533608,0.041832725456363434,0.5
tier3,H,2022,k_pct,<=24,>400,3+,3,-0.010225703376776658,0.014841388429040118,1.0
tier3,H,2022,k_pct,>=34,150-400,2,2,0.007276499576331883,0.007821844003790542,1.0
tier3,H,2022,k_pct,>=34,150-400,3+,6,-0.019115756769096375,0.049099750056225695,0.5
tier3,H,2022,k_pct,>=34,<150,3+,1,0.014535887417875204,0.014535887417875204,1.0
tier3,H,2022,k_pct,>=34,>400,3+,20,-0.004077005935493979,0.026324818955665408,0.8
marcel,H,2023,k_pct,25-27,150-400,1,5,-0.0017042370115495234,0.025119317244514078,
marcel,H,2023,k_pct,25-27,150-400,2,16,0.003372621399608037,0.028562427584110733,
marcel,H,2023,k_pct,25-27,150-400,3+,12,0.0019888247220522038,0.043865077671617035,
marcel,H,2023,k_pct,25-27,<150,1,10,-0.031814473654881284,0.06088273605774914,
marcel,H,2023,k_pct,25-27,<150,2,5,-0.021490175573891476,0.05110255918121076,
marcel,H,2023,k_pct,25-27,<150,3+,1,-0.06368527466281093,0.06368527466281093,
marcel,H,2023,k_pct,25-27,>400,1,5,0.033076240483383604,0.03423775788329725,
marcel,H,2023,k_pct,25-27,>400,2,8,0.000500930154247574,0.012842795836196292,
marcel,H,2023,k_pct,25-27,>400,3+,24,0.020765987426066092,0.04396296386986172,
marcel,H,2023,k_pct,28-30,150-400,3+,28,0.006777697011275504,0.03518009730080899,
marcel,H,2023,k_pct,28-30,<150,1,3,0.0030179158185164832,0.04569264251558239,
marcel,H,2023,k_pct,28-30,<150,2,4,-0.01455271509812136,0.026740083875057087,
marcel,H,2023,k_pct,28-30,<150,3+,4,-0.03249714758529873,0.05050494188342774,
marcel,H,2023,k_pct,28-30,>400,1,1,0.014532531076136168,0.014532531076136168,
marcel,H,2023,k_pct,28-30,>400,2,2,-0.005842623277010588,0.017855064740548376,
marcel,H,2023,k_pct,28-30,>400,3+,60,-0.005199970400962544,0.02749261311328816,
marcel,H,2023,k_pct,31-33,150-400,1,2,0.003607659836712393,0.030641852201692004,
marcel,H,2023,k_pct,31-33,150-400,2,2,-0.007997312199043278,0.030621408913603383,
marcel,H,2023,k_pct,31-33,150-400,3+,16,0.010360807366820964,0.03717707857878194,
marcel,H,2023,k_pct,31-33,<150,2,1,0.04304616791933885,0.04304616791933885,
marcel,H,2023,k_pct,31-33,<150,3+,2,0.030459255662812525,0.051931054521919574,
marcel,H,2023,k_pct,31-33,>400,2,1,-0.06766219104198862,0.06766219104198862,
marcel,H,2023,k_pct,31-33,>400,3+,40,-0.0031222325773952835,0.03045553125791626,
marcel,H,2023,k_pct,<=24,150-400,1,8,-0.03974861815464387,0.06163408198120222,
marcel,H,2023,k_pct,<=24,150-400,2,5,-0.013210107857484608,0.038609316660138004,
marcel,H,2023,k_pct,<=24,150-400,3+,3,0.041980103259901785,0.05212913343141142,
marcel,H,2023,k_pct,<=24,<150,1,20,-0.021889830394736416,0.04719379636696676,
marcel,H,2023,k_pct,<=24,<150,2,1,0.029239215117398243,0.029239215117398243,
marcel,H,2023,k_pct,<=24,>400,1,8,-0.008254750208674312,0.03139652793526903,
marcel,H,2023,k_pct,<=24,>400,2,1,0.02743643300706053,0.02743643300706053,
marcel,H,2023,k_pct,<=24,>400,3+,6,0.016065527627736532,0.030033448563567895,
marcel,H,2023,k_pct,>=34,150-400,3+,10,-0.025058005319834945,0.0417677655242811,
marcel,H,2023,k_pct,>=34,<150,3+,1,-0.015636477608715615,0.015636477608715615,
marcel,H,2023,k_pct,>=34,>400,3+,20,-0.0006730132178378002,0.03520014526399838,
tier2,H,2023,k_pct,25-27,150-400,1,5,0.01527258020304062,0.027542936718917783,0.8
tier2,H,2023,k_pct,25-27,150-400,2,16,0.020646487265394253,0.037919550771853175,0.75
tier2,H,2023,k_pct,25-27,150-400,3+,12,0.002972343049084677,0.04537443833197584,0.6666666666666666
tier2,H,2023,k_pct,25-27,<150,1,10,0.008814028219204923,0.03580072161911573,0.9
tier2,H,2023,k_pct,25-27,<150,2,5,0.02416699645071403,0.04364541451071128,0.6
tier2,H,2023,k_pct,25-27,<150,3+,1,0.02398258941085052,0.02398258941085052,1.0
tier2,H,2023,k_pct,25-27,>400,1,5,0.02403748634680466,0.028818151721192575,0.6
tier2,H,2023,k_pct,25-27,>400,2,8,0.006916749966458295,0.020965896049181632,1.0
tier2,H,2023,k_pct,25-27,>400,3+,24,0.018677694715289142,0.04359103523817436,0.6666666666666666
tier2,H,2023,k_pct,28-30,150-400,3+,28,0.016289670056193375,0.040041543463427524,0.75
tier2,H,2023,k_pct,28-30,<150,1,3,0.05998762164825671,0.06204140835947741,0.3333333333333333
tier2,H,2023,k_pct,28-30,<150,2,4,0.007383114387273827,0.026664652608214635,1.0
tier2,H,2023,k_pct,28-30,<150,3+,4,6.6246155386686e-05,0.037125869272331614,0.5
tier2,H,2023,k_pct,28-30,>400,1,1,0.02926212541962747,0.02926212541962747,1.0
tier2,H,2023,k_pct,28-30,>400,2,2,0.0030072438470973815,0.02278002009451098,1.0
tier2,H,2023,k_pct,28-30,>400,3+,60,-0.003525662552719117,0.025643224528495507,0.7166666666666667
tier2,H,2023,k_pct,31-33,150-400,1,2,0.011058457157386549,0.02581293197360902,1.0
tier2,H,2023,k_pct,31-33,150-400,2,2,0.0026834960689621993,0.01807919783341807,1.0
tier2,H,2023,k_pct,31-33,150-400,3+,16,0.016048980251195,0.038922781162628164,0.5625
tier2,H,2023,k_pct,31-33,<150,2,1,0.07892000178672653,0.07892000178672653,0.0
tier2,H,2023,k_pct,31-33,<150,3+,2,0.032942560693381334,0.04707321717408395,0.5
tier2,H,2023,k_pct,31-33,>400,2,1,-0.05914975567777872,0.05914975567777872,0.0
tier2,H,2023,k_pct,31-33,>400,3+,40,0.0019956968830923735,0.028656167415169718,0.675
tier2,H,2023,k_pct,<=24,150-400,1,8,-0.018559890089336888,0.0357189563237716,0.625
tier2,H,2023,k_pct,<=24,150-400,2,5,-0.0070026012106581105,0.03603099046052275,0.6
tier2,H,2023,k_pct,<=24,150-400,3+,3,0.041584969171726854,0.05596926471338909,0.3333333333333333
tier2,H,2023,k_pct,<=24,<150,1,20,-0.0018855580330713515,0.04399155814101675,0.8
tier2,H,2023,k_pct,<=24,<150,2,1,0.040791891160709914,0.040791891160709914,1.0
tier2,H,2023,k_pct,<=24,>400,1,8,0.002790715363327732,0.02915212057223924,0.5
tier2,H,2023,k_pct,<=24,>400,2,1,0.028097330516439922,0.028097330516439922,1.0
tier2,H,2023,k_pct,<=24,>400,3+,6,0.004764359003423778,0.023856189529315324,0.8333333333333334
tier2,H,2023,k_pct,>=34,150-400,3+,10,-0.007969791847748955,0.029105127584780614,0.9
tier2,H,2023,k_pct,>=34,<150,3+,1,-0.011575744113758085,0.011575744113758085,1.0
tier2,H,2023,k_pct,>=34,>400,3+,20,0.003312890367192838,0.03705207317768787,0.6
tier3,H,2023,k_pct,25-27,150-400,1,5,0.01527258020304062,0.027542936718917783,0.8
tier3,H,2023,k_pct,25-27,150-400,2,16,0.020646487265394253,0.037919550771853175,0.75
tier3,H,2023,k_pct,25-27,150-400,3+,12,0.002972343049084677,0.04537443833197584,0.6666666666666666
tier3,H,2023,k_pct,25-27,<150,1,10,0.008814028219204923,0.03580072161911573,0.9
tier3,H,2023,k_pct,25-27,<150,2,5,0.02416699645071403,0.04364541451071128,0.6
tier3,H,2023,k_pct,25-27,<150,3+,1,0.02398258941085052,0.02398258941085052,1.0
tier3,H,2023,k_pct,25-27,>400,1,5,0.02403748634680466,0.028818151721192575,0.6
tier3,H,2023,k_pct,25-27,>400,2,8,0.006916749966458295,0.020965896049181632,1.0
tier3,H,2023,k_pct,25-27,>400,3+,24,0.018677694715289142,0.04359103523817436,0.6666666666666666
tier3,H,2023,k_pct,28-30,150-400,3+,28,0.016289670056193375,0.040041543463427524,0.75
tier3,H,2023,k_pct,28-30,<150,1,3,0.05998762164825671,0.06204140835947741,0.3333333333333333
tier3,H,2023,k_pct,28-30,<150,2,4,0.007383114387273827,0.026664652608214635,1.0
tier3,H,2023,k_pct,28-30,<150,3+,4,6.6246155386686e-05,0.037125869272331614,0.5
tier3,H,2023,k_pct,28-30,>400,1,1,0.02926212541962747,0.02926212541962747,1.0
tier3,H,2023,k_pct,28-30,>400,2,2,0.0030072438470973815,0.02278002009451098,1.0
tier3,H,2023,k_pct,28-30,>400,3+,60,-0.003525662552719117,0.025643224528495507,0.7166666666666667
tier3,H,2023,k_pct,31-33,150-400,1,2,0.011058457157386549,0.02581293197360902,1.0
tier3,H,2023,k_pct,31-33,150-400,2,2,0.0026834960689621993,0.01807919783341807,1.0
tier3,H,2023,k_pct,31-33,150-400,3+,16,0.016048980251195,0.038922781162628164,0.5625
tier3,H,2023,k_pct,31-33,<150,2,1,0.07892000178672653,0.07892000178672653,0.0
tier3,H,2023,k_pct,31-33,<150,3+,2,0.032942560693381334,0.04707321717408395,0.5
tier3,H,2023,k_pct,31-33,>400,2,1,-0.05914975567777872,0.05914975567777872,0.0
tier3,H,2023,k_pct,31-33,>400,3+,40,0.0019956968830923735,0.028656167415169718,0.675
tier3,H,2023,k_pct,<=24,150-400,1,8,-0.018559890089336888,0.0357189563237716,0.625
tier3,H,2023,k_pct,<=24,150-400,2,5,-0.0070026012106581105,0.03603099046052275,0.6
tier3,H,2023,k_pct,<=24,150-400,3+,3,0.041584969171726854,0.05596926471338909,0.3333333333333333
tier3,H,2023,k_pct,<=24,<150,1,20,-0.0018855580330713515,0.04399155814101675,0.8
tier3,H,2023,k_pct,<=24,<150,2,1,0.040791891160709914,0.040791891160709914,1.0
tier3,H,2023,k_pct,<=24,>400,1,8,0.002790715363327732,0.02915212057223924,0.5
tier3,H,2023,k_pct,<=24,>400,2,1,0.028097330516439922,0.028097330516439922,1.0
tier3,H,2023,k_pct,<=24,>400,3+,6,0.004764359003423778,0.023856189529315324,0.8333333333333334
tier3,H,2023,k_pct,>=34,150-400,3+,10,-0.007969791847748955,0.029105127584780614,0.9
tier3,H,2023,k_pct,>=34,<150,3+,1,-0.011575744113758085,0.011575744113758085,1.0
tier3,H,2023,k_pct,>=34,>400,3+,20,0.003312890367192838,0.03705207317768787,0.6
marcel,H,2024,k_pct,25-27,150-400,1,6,0.005573582260952224,0.03403234474461172,
marcel,H,2024,k_pct,25-27,150-400,2,15,0.013033823524031917,0.049067774232696,
marcel,H,2024,k_pct,25-27,150-400,3+,13,0.025485752862227283,0.04914447936838665,
marcel,H,2024,k_pct,25-27,<150,1,12,-0.013910705601669725,0.04354847881170163,
marcel,H,2024,k_pct,25-27,<150,2,8,-0.019909194868703628,0.05171630291282744,
marcel,H,2024,k_pct,25-27,<150,3+,8,0.01154439278687263,0.02471425841370773,
marcel,H,2024,k_pct,25-27,>400,1,2,0.010054424578495421,0.05275649046423596,
marcel,H,2024,k_pct,25-27,>400,2,15,0.015509745532822292,0.025433149473550305,
marcel,H,2024,k_pct,25-27,>400,3+,37,0.0033221352599500844,0.031922462696751766,
marcel,H,2024,k_pct,28-30,150-400,2,3,-0.00543704079491294,0.044249153219283424,
marcel,H,2024,k_pct,28-30,150-400,3+,32,0.0011001121567247142,0.04096686116132429,
marcel,H,2024,k_pct,28-30,<150,1,1,0.02120389090184316,0.02120389090184316,
marcel,H,2024,k_pct,28-30,<150,2,1,0.0022344568947307297,0.0022344568947307297,
marcel,H,2024,k_pct,28-30,<150,3+,4,0.04935950468313701,0.06300502263362324,
marcel,H,2024,k_pct,28-30,>400,1,1,0.04260419764730311,0.04260419764730311,
marcel,H,2024,k_pct,28-30,>400,2,1,-0.042881863463782616,0.042881863463782616,
marcel,H,2024,k_pct,28-30,>400,3+,47,-0.0030449012395097662,0.023647803149182526,
marcel,H,2024,k_pct,31-33,150-400,2,1,0.03593767937414294,0.03593767937414294,
marcel,H,2024,k_pct,31-33,150-400,3+,18,-0.01506886182887491,0.0356282215704589,
marcel,H,2024,k_pct,31-33,<150,1,1,-0.04649119600881979,0.04649119600881979,
marcel,H,2024,k_pct,31-33,<150,2,1,-0.04465427353653262,0.04465427353653262,
marcel,H,2024,k_pct,31-33,>400,2,2,-0.006612730524426113,0.013442188231541365,
marcel,H,2024,k_pct,31-33,>400,3+,40,0.005389570607781066,0.025071722049578152,
marcel,H,2024,k_pct,<=24,150-400,1,4,-0.011886951221013731,0.05860444717471238,
marcel,H,2024,k_pct,<=24,150-400,2,6,-0.030884087064686927,0.05654592229852547,
marcel,H,2024,k_pct,<=24,<150,1,14,-0.006178028904185486,0.037689165263400444,
marcel,H,2024,k_pct,<=24,<150,2,3,-0.0208757974777656,0.03847128939982486,
marcel,H,2024,k_pct,<=24,>400,1,3,0.012168315574885267,0.03167191994399577,
marcel,H,2024,k_pct,<=24,>400,2,13,-0.006877311672672028,0.03858616303518083,
marcel,H,2024,k_pct,<=24,>400,3+,3,0.010787547861025546,0.024352517179149047,
marcel,H,2024,k_pct,>=34,150-400,3+,10,-0.002520850655148511,0.02171423239320481,
marcel,H,2024,k_pct,>=34,<150,2,1,0.024384127555683838,0.024384127555683838,
marcel,H,2024,k_pct,>=34,>400,3+,22,0.00038046944463401887,0.026468369321723084,
tier2,H,2024,k_pct,25-27,150-400,1,6,0.017060089186555275,0.03948118906619462,0.5
tier2,H,2024,k_pct,25-27,150-400,2,15,0.010226981677797406,0.03903865864116634,0.7333333333333333
tier2,H,2024,k_pct,25-27,150-400,3+,13,0.02964493342698171,0.05680328585533231,0.3076923076923077
tier2,H,2024,k_pct,25-27,<150,1,12,0.006856214936226996,0.041080490773646845,0.8333333333333334
tier2,H,2024,k_pct,25-27,<150,2,8,-0.004353723315503336,0.05134972791619796,0.625
tier2,H,2024,k_pct,25-27,<150,3+,8,0.0319767380492745,0.04297501209298114,0.625
tier2,H,2024,k_pct,25-27,>400,1,2,0.03891639790387948,0.06862956764726917,0.5
tier2,H,2024,k_pct,25-27,>400,2,15,0.013696930739833723,0.024340439798053084,0.8
tier2,H,2024,k_pct,25-27,>400,3+,37,-0.004675694828971545,0.028045250119547692,0.6756756756756757
tier2,H,2024,k_pct,28-30,150-400,2,3,0.020601244077317372,0.03657285631606576,0.6666666666666666
tier2,H,2024,k_pct,28-30,150-400,3+,32,0.009449381188588946,0.04215485259433839,0.6875
tier2,H,2024,k_pct,28-30,<150,1,1,0.0382319706730761,0.0382319706730761,1.0
tier2,H,2024,k_pct,28-30,<150,2,1,-0.008041333393352001,0.008041333393352001,1.0
tier2,H,2024,k_pct,28-30,<150,3+,4,0.02199517635033034,0.03845152353248378,0.5
tier2,H,2024,k_pct,28-30,>400,1,1,0.02296211638570661,0.02296211638570661,1.0
tier2,H,2024,k_pct,28-30,>400,2,1,-0.04374019424761935,0.04374019424761935,0.0
tier2,H,2024,k_pct,28-30,>400,3+,47,-0.0017859118945649129,0.024147313712368137,0.8085106382978723
tier2,H,2024,k_pct,31-33,150-400,2,1,0.03789919711302883,0.03789919711302883,0.0
tier2,H,2024,k_pct,31-33,150-400,3+,18,-0.004947620835203651,0.030256110486889212,0.8333333333333334
tier2,H,2024,k_pct,31-33,<150,1,1,-0.047334891466687345,0.047334891466687345,1.0
tier2,H,2024,k_pct,31-33,<150,2,1,-0.03289075381519946,0.03289075381519946,1.0
tier2,H,2024,k_pct,31-33,>400,2,2,-0.004457831218036825,0.008620038250396764,1.0
tier2,H,2024,k_pct,31-33,>400,3+,40,0.008684194023937379,0.02774532134869988,0.7
tier2,H,2024,k_pct,<=24,150-400,1,4,-0.011629714594150652,0.050604707863954664,0.5
tier2,H,2024,k_pct,<=24,150-400,2,6,-0.022559212986778997,0.04935261072684417,0.5
tier2,H,2024,k_pct,<=24,<150,1,14,0.0024039940161577804,0.03703939009336462,0.8571428571428571
tier2,H,2024,k_pct,<=24,<150,2,3,0.013097983852473776,0.03935304998723683,1.0
tier2,H,2024,k_pct,<=24,>400,1,3,0.023849549076938772,0.02910817262310757,0.3333333333333333
tier2,H,2024,k_pct,<=24,>400,2,13,-0.007258092769184016,0.03417957073873922,0.6923076923076923
tier2,H,2024,k_pct,<=24,>400,3+,3,0.00393009803177027,0.019111480340560177,1.0
tier2,H,2024,k_pct,>=34,150-400,3+,10,0.00793071876977882,0.021096344052689026,1.0
tier2,H,2024,k_pct,>=34,<150,2,1,0.007067372238333536,0.007067372238333536,1.0
tier2,H,2024,k_pct,>=34,>400,3+,22,0.006501071707415181,0.02683580821467151,0.7272727272727273
tier3,H,2024,k_pct,25-27,150-400,1,6,0.017060089186555275,0.03948118906619462,0.5
tier3,H,2024,k_pct,25-27,150-400,2,15,0.010226981677797406,0.03903865864116634,0.7333333333333333
tier3,H,2024,k_pct,25-27,150-400,3+,13,0.02964493342698171,0.05680328585533231,0.3076923076923077
tier3,H,2024,k_pct,25-27,<150,1,12,0.006856214936226996,0.041080490773646845,0.8333333333333334
tier3,H,2024,k_pct,25-27,<150,2,8,-0.004353723315503336,0.05134972791619796,0.625
tier3,H,2024,k_pct,25-27,<150,3+,8,0.0319767380492745,0.04297501209298114,0.625
tier3,H,2024,k_pct,25-27,>400,1,2,0.03891639790387948,0.06862956764726917,0.5
tier3,H,2024,k_pct,25-27,>400,2,15,0.013696930739833723,0.024340439798053084,0.8
tier3,H,2024,k_pct,25-27,>400,3+,37,-0.004675694828971545,0.028045250119547692,0.6756756756756757
tier3,H,2024,k_pct,28-30,150-400,2,3,0.020601244077317372,0.03657285631606576,0.6666666666666666
tier3,H,2024,k_pct,28-30,150-400,3+,32,0.009449381188588946,0.04215485259433839,0.6875
tier3,H,2024,k_pct,28-30,<150,1,1,0.0382319706730761,0.0382319706730761,1.0
tier3,H,2024,k_pct,28-30,<150,2,1,-0.008041333393352001,0.008041333393352001,1.0
tier3,H,2024,k_pct,28-30,<150,3+,4,0.02199517635033034,0.03845152353248378,0.5
tier3,H,2024,k_pct,28-30,>400,1,1,0.02296211638570661,0.02296211638570661,1.0
tier3,H,2024,k_pct,28-30,>400,2,1,-0.04374019424761935,0.04374019424761935,0.0
tier3,H,2024,k_pct,28-30,>400,3+,47,-0.0017859118945649129,0.024147313712368137,0.8085106382978723
tier3,H,2024,k_pct,31-33,150-400,2,1,0.03789919711302883,0.03789919711302883,0.0
tier3,H,2024,k_pct,31-33,150-400,3+,18,-0.004947620835203651,0.030256110486889212,0.8333333333333334
tier3,H,2024,k_pct,31-33,<150,1,1,-0.047334891466687345,0.047334891466687345,1.0
tier3,H,2024,k_pct,31-33,<150,2,1,-0.03289075381519946,0.03289075381519946,1.0
tier3,H,2024,k_pct,31-33,>400,2,2,-0.004457831218036825,0.008620038250396764,1.0
tier3,H,2024,k_pct,31-33,>400,3+,40,0.008684194023937379,0.02774532134869988,0.7
tier3,H,2024,k_pct,<=24,150-400,1,4,-0.011629714594150652,0.050604707863954664,0.5
tier3,H,2024,k_pct,<=24,150-400,2,6,-0.022559212986778997,0.04935261072684417,0.5
tier3,H,2024,k_pct,<=24,<150,1,14,0.0024039940161577804,0.03703939009336462,0.8571428571428571
tier3,H,2024,k_pct,<=24,<150,2,3,0.013097983852473776,0.03935304998723683,1.0
tier3,H,2024,k_pct,<=24,>400,1,3,0.023849549076938772,0.02910817262310757,0.3333333333333333
tier3,H,2024,k_pct,<=24,>400,2,13,-0.007258092769184016,0.03417957073873922,0.6923076923076923
tier3,H,2024,k_pct,<=24,>400,3+,3,0.00393009803177027,0.019111480340560177,1.0
tier3,H,2024,k_pct,>=34,150-400,3+,10,0.00793071876977882,0.021096344052689026,1.0
tier3,H,2024,k_pct,>=34,<150,2,1,0.007067372238333536,0.007067372238333536,1.0
tier3,H,2024,k_pct,>=34,>400,3+,22,0.006501071707415181,0.02683580821467151,0.7272727272727273
marcel,H,2021,woba,25-27,150-400,1,1,-0.0009595883884472856,0.0009595883884472856,
marcel,H,2021,woba,25-27,150-400,2,7,0.00023289998663487705,0.03349451133774916,
marcel,H,2021,woba,25-27,150-400,3+,37,0.008136161756589932,0.03689795948993576,
marcel,H,2021,woba,25-27,<150,1,11,0.016329134033576102,0.026897907403688033,
marcel,H,2021,woba,25-27,<150,2,22,0.009260811566781671,0.024733671717727407,
marcel,H,2021,woba,25-27,<150,3+,25,0.0066256491427081916,0.03964549416393633,
marcel,H,2021,woba,28-30,150-400,1,1,0.013109291761387032,0.013109291761387032,
marcel,H,2021,woba,28-30,150-400,2,2,0.0454694533434923,0.046957681913265784,
marcel,H,2021,woba,28-30,150-400,3+,55,0.009771281465404642,0.031413546794363194,
marcel,H,2021,woba,28-30,<150,1,3,-0.04254760159563116,0.05678132260952381,
marcel,H,2021,woba,28-30,<150,2,12,0.006831376834449125,0.02815516808174967,
marcel,H,2021,woba,28-30,<150,3+,37,0.0032449127709337534,0.031069396597393252,
marcel,H,2021,woba,31-33,150-400,2,3,-0.0024167898693537096,0.028417001313910905,
marcel,H,2021,woba,31-33,150-400,3+,41,0.010320238161430725,0.0324659185840964,
marcel,H,2021,woba,31-33,<150,1,1,-0.010436724902493977,0.010436724902493977,
marcel,H,2021,woba,31-33,<150,2,1,0.021614691630016503,0.021614691630016503,
marcel,H,2021,woba,31-33,<150,3+,21,0.008960575279148047,0.031623799774653676,
marcel,H,2021,woba,<=24,150-400,1,2,0.013009302530630009,0.07042311347881296,
marcel,H,2021,woba,<=24,150-400,2,5,-0.026119043665496722,0.048743906193195324,
marcel,H,2021,woba,<=24,150-400,3+,6,-0.0014775783406165254,0.03512631833543725,
marcel,H,2021,woba,<=24,<150,1,12,0.013709855771899463,0.032928974953965344,
marcel,H,2021,woba,<=24,<150,2,9,0.02136504780214914,0.03532775661785373,
marcel,H,2021,woba,<=24,<150,3+,2,-0.005817263076236234,0.022048773605880128,
marcel,H,2021,woba,>=34,150-400,3+,19,0.0028707876250860754,0.034313788969068455,
marcel,H,2021,woba,>=34,<150,1,2,-0.047365456342660386,0.0475791659258778,
marcel,H,2021,woba,>=34,<150,2,4,-0.008245189199650962,0.041977306836860726,
marcel,H,2021,woba,>=34,<150,3+,4,0.00941659314827126,0.019090021625970077,
tier2,H,2021,woba,25-27,150-400,1,1,-0.0069490668315138615,0.0069490668315138615,1.0
tier2,H,2021,woba,25-27,150-400,2,7,-0.010578696220205968,0.03783243255666758,0.42857142857142855
tier2,H,2021,woba,25-27,150-400,3+,37,-0.0007375891249262629,0.036815853189724516,0.5405405405405406
tier2,H,2021,woba,25-27,<150,1,11,-0.0030202311819058462,0.026368534506750904,0.8181818181818182
tier2,H,2021,woba,25-27,<150,2,22,-0.004083936113596644,0.027691083326852026,0.8181818181818182
tier2,H,2021,woba,25-27,<150,3+,25,-0.008475123063566648,0.03986577908262399,0.52
tier2,H,2021,woba,28-30,150-400,1,1,0.0262613934818689,0.0262613934818689,1.0
tier2,H,2021,woba,28-30,150-400,2,2,0.031229010462545396,0.03313606481501855,0.5
tier2,H,2021,woba,28-30,150-400,3+,55,0.0025305886594804428,0.0290266571516024,0.509090909090909
tier2,H,2021,woba,28-30,<150,1,3,-0.07594921545087518,0.07932367233689666,0.0
tier2,H,2021,woba,28-30,<150,2,12,-0.00745401834739811,0.03523074914338474,0.75
tier2,H,2021,woba,28-30,<150,3+,37,-0.008936556527194252,0.035129040419207815,0.4594594594594595
tier2,H,2021,woba,31-33,150-400,2,3,-0.026414763381304388,0.0354490149419788,0.3333333333333333
tier2,H,2021,woba,31-33,150-400,3+,41,-0.00019401046126780525,0.03023467447604991,0.5853658536585366
tier2,H,2021,woba,31-33,<150,1,1,-0.049555219536090045,0.049555219536090045,0.0
tier2,H,2021,woba,31-33,<150,2,1,-0.01110091494742893,0.01110091494742893,1.0
tier2,H,2021,woba,31-33,<150,3+,21,-0.006415051054068813,0.028208626024309603,0.5714285714285714
tier2,H,2021,woba,<=24,150-400,1,2,-0.005619508631081061,0.06381938217618001,0.0
tier2,H,2021,woba,<=24,150-400,2,5,-0.033109274383752364,0.051293716133097966,0.4
tier2,H,2021,woba,<=24,150-400,3+,6,-0.007492356003082509,0.03724903287371149,0.3333333333333333
tier2,H,2021,woba,<=24,<150,1,12,-0.007212881062607612,0.03374214212321419,0.6666666666666666
tier2,H,2021,woba,<=24,<150,2,9,0.0038359885566592858,0.031101897119956656,0.7777777777777778
tier2,H,2021,woba,<=24,<150,3+,2,-0.02050737189342891,0.03203479692309,0.5
tier2,H,2021,woba,>=34,150-400,3+,19,-0.011520931089552468,0.03547106533616783,0.631578947368421
tier2,H,2021,woba,>=34,<150,1,2,-0.07295762511051498,0.07306733133721209,0.0
tier2,H,2021,woba,>=34,<150,2,4,-0.022190594104063054,0.0399761310387942,0.75
tier2,H,2021,woba,>=34,<150,3+,4,-0.007352229515419632,0.017341454762906144,0.75
tier3,H,2021,woba,25-27,150-400,1,1,0.021538413187230154,0.021538413187230154,1.0
tier3,H,2021,woba,25-27,150-400,2,7,-0.013181691024345875,0.035342480390322346,0.42857142857142855
tier3,H,2021,woba,25-27,150-400,3+,37,0.0013381071066399376,0.03505461818427128,0.7837837837837838
tier3,H,2021,woba,25-27,<150,1,11,-0.005626869552916423,0.03034416421373915,0.8181818181818182
tier3,H,2021,woba,25-27,<150,2,22,-0.003066022188326488,0.02741272909747914,0.8181818181818182
tier3,H,2021,woba,25-27,<150,3+,25,-0.010425913025229602,0.040297971253414396,0.64
tier3,H,2021,woba,28-30,150-400,1,1,0.030180978533536962,0.030180978533536962,1.0
tier3,H,2021,woba,28-30,150-400,2,2,0.03657945377239721,0.0405592763177322,0.5
tier3,H,2021,woba,28-30,150-400,3+,55,0.0037438224520479207,0.029249377069842458,0.7090909090909091
tier3,H,2021,woba,28-30,<150,1,3,-0.09022607238013053,0.09328792200842723,0.0
tier3,H,2021,woba,28-30,<150,2,12,-0.010279946560929435,0.04179858731975592,0.8333333333333334
tier3,H,2021,woba,28-30,<150,3+,37,-0.012539528385714812,0.037172933794652245,0.5405405405405406
tier3,H,2021,woba,31-33,150-400,2,3,-0.009936358860766938,0.02293457718571562,1.0
tier3,H,2021,woba,31-33,150-400,3+,41,0.0016304697314509366,0.031239489316726484,0.6097560975609756
tier3,H,2021,woba,31-33,<150,1,1,-0.05628121142552234,0.05628121142552234,0.0
tier3,H,2021,woba,31-33,<150,2,1,-0.01691255193186819,0.01691255193186819,1.0
tier3,H,2021,woba,31-33,<150,3+,21,-0.0037910887764457052,0.025673456984651837,0.7142857142857143
tier3,H,2021,woba,<=24,150-400,1,2,0.010361010934083845,0.0687099952444329,0.0
tier3,H,2021,woba,<=24,150-400,2,5,-0.013152633149197105,0.04412558080481713,0.4
tier3,H,2021,woba,<=24,150-400,3+,6,0.0013633547952873002,0.02522662972979059,1.0
tier3,H,2021,woba,<=24,<150,1,12,-0.004669379093450389,0.030258126006491092,0.75
tier3,H,2021,woba,<=24,<150,2,9,0.003540706643921983,0.032277919676473456,0.7777777777777778
tier3,H,2021,woba,<=24,<150,3+,2,-0.018316339597363264,0.03826765100069729,0.5
tier3,H,2021,woba,>=34,150-400,3+,19,-0.008824875095614759,0.03458480227906668,0.631578947368421
tier3,H,2021,woba,>=34,<150,1,2,-0.06663905682886768,0.06689336733303697,0.0
tier3,H,2021,woba,>=34,<150,2,4,-0.013910612329897074,0.038061078217188224,0.75
tier3,H,2021,woba,>=34,<150,3+,4,-0.005086073024581646,0.009344860140282013,1.0
marcel,H,2022,woba,25-27,150-400,1,7,0.014391239802728058,0.028812857157532387,
marcel,H,2022,woba,25-27,150-400,2,8,0.023524697064254627,0.032842028804257906,
marcel,H,2022,woba,25-27,150-400,3+,23,0.01790328459533795,0.03547559983904823,
marcel,H,2022,woba,25-27,<150,1,9,0.030507805067944028,0.04653578736876582,
marcel,H,2022,woba,25-27,<150,2,3,0.03524563831788375,0.03685738752158378,
marcel,H,2022,woba,25-27,<150,3+,6,0.022946696746556066,0.0341629835447113,
marcel,H,2022,woba,25-27,>400,1,1,0.048879448700570205,0.048879448700570205,
marcel,H,2022,woba,25-27,>400,2,4,0.030922180739731603,0.03462320450900428,
marcel,H,2022,woba,25-27,>400,3+,40,0.01642762407193289,0.02977988966816956,
marcel,H,2022,woba,28-30,150-400,2,4,0.025680962536070766,0.04130998061994174,
marcel,H,2022,woba,28-30,150-400,3+,29,0.01874491166883273,0.03182886996641467,
marcel,H,2022,woba,28-30,<150,1,1,-0.005705351834054462,0.005705351834054462,
marcel,H,2022,woba,28-30,<150,2,2,0.00698007709575716,0.024187207523973665,
marcel,H,2022,woba,28-30,<150,3+,5,-0.0072104687489415575,0.04061793951174025,
marcel,H,2022,woba,28-30,>400,2,3,0.017229869648709414,0.024160216012517083,
marcel,H,2022,woba,28-30,>400,3+,52,0.017497686070854546,0.03715147878852503,
marcel,H,2022,woba,31-33,150-400,2,2,0.03492423189780138,0.03556757475764395,
marcel,H,2022,woba,31-33,150-400,3+,22,0.03263610727609228,0.041728332045353304,
marcel,H,2022,woba,31-33,<150,1,2,-0.006702086789649153,0.02548932230062001,
marcel,H,2022,woba,31-33,<150,2,1,0.021622485685204362,0.021622485685204362,
marcel,H,2022,woba,31-33,<150,3+,1,0.031631064316099855,0.031631064316099855,
marcel,H,2022,woba,31-33,>400,2,2,0.028686934660927848,0.02973583476934357,
marcel,H,2022,woba,31-33,>400,3+,38,0.017404274732999006,0.03371791958315369,
marcel,H,2022,woba,<=24,150-400,1,2,0.02675737052395842,0.02709173157437694,
marcel,H,2022,woba,<=24,150-400,2,7,-0.0033266408673799314,0.032911571176422336,
marcel,H,2022,woba,<=24,150-400,3+,2,0.028210518641827026,0.04587657091885689,
marcel,H,2022,woba,<=24,<150,1,6,0.02506324406570547,0.042815522640542794,
marcel,H,2022,woba,<=24,<150,2,4,0.0312269793723835,0.046860521766966735,
marcel,H,2022,woba,<=24,>400,1,2,0.022149230133757518,0.04538396125287524,
marcel,H,2022,woba,<=24,>400,2,2,0.008709911318973466,0.036305624552874255,
marcel,H,2022,woba,<=24,>400,3+,3,0.03529187321208383,0.037360274139600455,
marcel,H,2022,woba,>=34,150-400,2,2,0.03590863240104187,0.04808011845405184,
marcel,H,2022,woba,>=34,150-400,3+,6,0.01761794071047423,0.05457045419353035,
marcel,H,2022,woba,>=34,<150,3+,1,0.066300333327874,0.066300333327874,
marcel,H,2022,woba,>=34,>400,3+,20,0.02316696269968402,0.038193195625402916,
tier2,H,2022,woba,25-27,150-400,1,7,0.006649667651535571,0.028943944463895678,0.7142857142857143
tier2,H,2022,woba,25-27,150-400,2,8,0.013201138633730194,0.02356287090749948,0.75
tier2,H,2022,woba,25-27,150-400,3+,23,0.010830128855222507,0.03177803470746766,0.6086956521739131
tier2,H,2022,woba,25-27,<150,1,9,0.009173668487585182,0.03901665503589996,0.6666666666666666
tier2,H,2022,woba,25-27,<150,2,3,-0.002232038351669935,0.01649864327203853,1.0
tier2,H,2022,woba,25-27,<150,3+,6,0.009636509928931867,0.025212669654837226,0.6666666666666666
tier2,H,2022,woba,25-27,>400,1,1,0.043530481469590265,0.043530481469590265,0.0
tier2,H,2022,woba,25-27,>400,2,4,0.021493473232446346,0.028354806997046775,0.25
tier2,H,2022,woba,25-27,>400,3+,40,0.012382022441194906,0.027921487190155383,0.675
tier2,H,2022,woba,28-30,150-400,2,4,0.017185139699209477,0.03997479133738682,0.5
tier2,H,2022,woba,28-30,150-400,3+,29,0.008899311174848787,0.02833303741791689,0.6206896551724138
tier2,H,2022,woba,28-30,<150,1,1,-0.01758822510789071,0.01758822510789071,1.0
tier2,H,2022,woba,28-30,<150,2,2,-0.017031521753865873,0.04717751046725558,0.5
tier2,H,2022,woba,28-30,<150,3+,5,-0.017271057447718285,0.04100044715333333,0.6
tier2,H,2022,woba,28-30,>400,2,3,0.00812095826754003,0.021922522143341717,0.6666666666666666
tier2,H,2022,woba,28-30,>400,3+,52,0.016961743422943328,0.036751211894671565,0.46153846153846156
tier2,H,2022,woba,31-33,150-400,2,2,0.011488841197832136,0.015937171198862527,0.5
tier2,H,2022,woba,31-33,150-400,3+,22,0.02030521839252196,0.03677526374962352,0.45454545454545453
tier2,H,2022,woba,31-33,<150,1,2,-0.06007285819775403,0.06220257168874641,0.0
tier2,H,2022,woba,31-33,<150,2,1,-0.021385856011759907,0.021385856011759907,1.0
tier2,H,2022,woba,31-33,<150,3+,1,0.02870162338089044,0.02870162338089044,0.0
tier2,H,2022,woba,31-33,>400,2,2,0.022456762131663106,0.02254945847814927,1.0
tier2,H,2022,woba,31-33,>400,3+,38,0.009815823182405037,0.031319617820774935,0.42105263157894735
tier2,H,2022,woba,<=24,150-400,1,2,-0.0015613979544185658,0.025857967813850562,1.0
tier2,H,2022,woba,<=24,150-400,2,7,-0.009990570187768427,0.035794469835068336,0.5714285714285714
tier2,H,2022,woba,<=24,150-400,3+,2,0.03412555617169178,0.05896636521263624,0.5
tier2,H,2022,woba,<=24,<150,1,6,0.010732166093671164,0.041386224634711866,0.8333333333333334
tier2,H,2022,woba,<=24,<150,2,4,0.021298055326823714,0.03237256540289521,0.5
tier2,H,2022,woba,<=24,>400,1,2,0.020442549981918218,0.03553453860593609,0.5
tier2,H,2022,woba,<=24,>400,2,2,-0.004443516054010948,0.036276913807338766,0.5
tier2,H,2022,woba,<=24,>400,3+,3,0.042038137935095865,0.04641744842368175,0.3333333333333333
tier2,H,2022,woba,>=34,150-400,2,2,0.023089167736376866,0.03536635524719767,0.5
tier2,H,2022,woba,>=34,150-400,3+,6,0.005126579450835916,0.0523222925680819,0.16666666666666666
tier2,H,2022,woba,>=34,<150,3+,1,0.04168387340829793,0.04168387340829793,0.0
tier2,H,2022,woba,>=34,>400,3+,20,0.015355833930073387,0.032765068578916076,0.5
tier3,H,2022,woba,25-27,150-400,1,7,0.0042634049321323905,0.024067469408399066,0.7142857142857143
tier3,H,2022,woba,25-27,150-400,2,8,0.006285266394961323,0.018029235593053104,0.875
tier3,H,2022,woba,25-27,150-400,3+,23,0.008833314444874127,0.028284960756818727,0.6956521739130435
tier3,H,2022,woba,25-27,<150,1,9,0.008332650701022595,0.04312588479887342,0.6666666666666666
tier3,H,2022,woba,25-27,<150,2,3,-0.0053354513260337084,0.021297245364523352,1.0
tier3,H,2022,woba,25-27,<150,3+,6,0.005509315184322272,0.025990970304607865,0.8333333333333334
tier3,H,2022,woba,25-27,>400,1,1,0.05475201744296271,0.05475201744296271,0.0
tier3,H,2022,woba,25-27,>400,2,4,0.027239034809225834,0.03257379898059336,0.5
tier3,H,2022,woba,25-27,>400,3+,40,0.015816878891352068,0.028237115610405827,0.65
tier3,H,2022,woba,28-30,150-400,2,4,0.019828832419973356,0.04145650438309191,0.25
tier3,H,2022,woba,28-30,150-400,3+,29,0.010848390789287161,0.029704007387503048,0.6551724137931034
tier3,H,2022,woba,28-30,<150,1,1,-0.03883252283014249,0.03883252283014249,1.0
tier3,H,2022,woba,28-30,<150,2,2,-0.02900575944827407,0.0518759820270984,0.5
tier3,H,2022,woba,28-30,<150,3+,5,-0.014975376284809477,0.040098082456503946,0.4
tier3,H,2022,woba,28-30,>400,2,3,0.009656581220429531,0.02370756460796421,1.0
tier3,H,2022,woba,28-30,>400,3+,52,0.016761978502240794,0.03677433546156955,0.5384615384615384
tier3,H,2022,woba,31-33,150-400,2,2,0.01678673551219085,0.020017692971953858,0.5
tier3,H,2022,woba,31-33,150-400,3+,22,0.02172191841903034,0.03855158138141135,0.5454545454545454
tier3,H,2022,woba,31-33,<150,1,2,-0.03699071958169773,0.039387197133995515,0.5
tier3,H,2022,woba,31-33,<150,2,1,-0.022766400448215374,0.022766400448215374,1.0
tier3,H,2022,woba,31-33,<150,3+,1,0.030706673719515465,0.030706673719515465,1.0
tier3,H,2022,woba,31-33,>400,2,2,0.02919795989691605,0.029449571322096697,1.0
tier3,H,2022,woba,31-33,>400,3+,38,0.007469133471683571,0.03367225893206528,0.5526315789473685
tier3,H,2022,woba,<=24,150-400,1,2,0.012209621164858615,0.01859839605655017,1.0
tier3,H,2022,woba,<=24,150-400,2,7,-0.007216196096045227,0.041063806916645657,0.5714285714285714
tier3,H,2022,woba,<=24,150-400,3+,2,0.04044066142430486,0.07064233705285458,0.5
tier3,H,2022,woba,<=24,<150,1,6,0.004466323092872681,0.038603714918936424,0.6666666666666666
tier3,H,2022,woba,<=24,<150,2,4,0.008340441528561492,0.025978457992924347,0.75
tier3,H,2022,woba,<=24,>400,1,2,0.034149427217768834,0.04095964669460515,0.5
tier3,H,2022,woba,<=24,>400,2,2,-0.005652874531694628,0.03353265914696002,0.5
tier3,H,2022,woba,<=24,>400,3+,3,0.0600134725080703,0.0661872678456383,0.3333333333333333
tier3,H,2022,woba,>=34,150-400,2,2,0.025249178295034123,0.04479426489157092,0.5
tier3,H,2022,woba,>=34,150-400,3+,6,0.009506767207355452,0.056081957385847335,0.3333333333333333
tier3,H,2022,woba,>=34,<150,3+,1,0.031306519266670274,0.031306519266670274,0.0
tier3,H,2022,woba,>=34,>400,3+,20,0.020502782462781484,0.03693397772321619,0.5
marcel,H,2023,woba,25-27,150-400,1,5,0.015366042605233993,0.019245544964801346,
marcel,H,2023,woba,25-27,150-400,2,16,-0.008829720589822697,0.032079609462091076,
marcel,H,2023,woba,25-27,150-400,3+,12,-0.005960253368043795,0.02808387242656989,
marcel,H,2023,woba,25-27,<150,1,10,-0.030422750621575453,0.0459610793121868,
marcel,H,2023,woba,25-27,<150,2,5,0.02258543310973739,0.031186822183287156,
marcel,H,2023,woba,25-27,<150,3+,1,-0.059321744882018856,0.059321744882018856,
marcel,H,2023,woba,25-27,>400,1,5,0.0003031442495753803,0.01667147990458178,
marcel,H,2023,woba,25-27,>400,2,8,-0.006113083205802936,0.028203023349530263,
marcel,H,2023,woba,25-27,>400,3+,24,-0.010233210628667333,0.027655371783919556,
marcel,H,2023,woba,28-30,150-400,3+,28,0.009559979851530728,0.030000205936516845,
marcel,H,2023,woba,28-30,<150,1,3,0.013542736092450703,0.029981637269710436,
marcel,H,2023,woba,28-30,<150,2,4,-0.013445322516620707,0.033241020970458564,
marcel,H,2023,woba,28-30,<150,3+,4,-0.036734102962601406,0.04332252561271154,
marcel,H,2023,woba,28-30,>400,1,1,-0.03346597293758996,0.03346597293758996,
marcel,H,2023,woba,28-30,>400,2,2,-0.02433956492176767,0.027953409734869233,
marcel,H,2023,woba,28-30,>400,3+,60,-0.0026550600486251767,0.028839026853468595,
marcel,H,2023,woba,31-33,150-400,1,2,0.03107982705663547,0.031125037143135866,
marcel,H,2023,woba,31-33,150-400,2,2,0.03809049927999344,0.04068768662060227,
marcel,H,2023,woba,31-33,150-400,3+,16,0.0005237221502386201,0.03877877055747613,
marcel,H,2023,woba,31-33,<150,2,1,-0.037242588712264824,0.037242588712264824,
marcel,H,2023,woba,31-33,<150,3+,2,0.008141278005958588,0.031354554080337785,
marcel,H,2023,woba,31-33,>400,2,1,0.035202098703030316,0.035202098703030316,
marcel,H,2023,woba,31-33,>400,3+,40,-0.0031538935262223925,0.0299566570774631,
marcel,H,2023,woba,<=24,150-400,1,8,-0.0006169750308551974,0.02907504379894335,
marcel,H,2023,woba,<=24,150-400,2,5,0.0004457566753043188,0.02476396308939672,
marcel,H,2023,woba,<=24,150-400,3+,3,-0.01909231380663662,0.03116384969951717,
marcel,H,2023,woba,<=24,<150,1,20,0.00466004023239588,0.03223572907105466,
marcel,H,2023,woba,<=24,<150,2,1,0.057052359124661556,0.057052359124661556,
marcel,H,2023,woba,<=24,>400,1,8,-0.007414371043609451,0.02098670029034217,
marcel,H,2023,woba,<=24,>400,2,1,-0.036226112328769766,0.036226112328769766,
marcel,H,2023,woba,<=24,>400,3+,6,0.02343409303593702,0.02818819281907833,
marcel,H,2023,woba,>=34,150-400,3+,10,-0.0027376796502807353,0.021638368363105433,
marcel,H,2023,woba,>=34,<150,3+,1,0.02734429189138554,0.02734429189138554,
marcel,H,2023,woba,>=34,>400,3+,20,0.005711582880212532,0.03059096703042405,
tier2,H,2023,woba,25-27,150-400,1,5,0.010586336029418993,0.018081954894202976,0.8
tier2,H,2023,woba,25-27,150-400,2,16,-0.02103587902224579,0.044268707953680236,0.5625
tier2,H,2023,woba,25-27,150-400,3+,12,-0.011343509246541343,0.028329644496757116,0.6666666666666666
tier2,H,2023,woba,25-27,<150,1,10,-0.0486183039302592,0.06401072886358106,0.2
tier2,H,2023,woba,25-27,<150,2,5,-0.002259932849522963,0.023288649201721964,0.8
tier2,H,2023,woba,25-27,<150,3+,1,-0.09954827513552422,0.09954827513552422,0.0
tier2,H,2023,woba,25-27,>400,1,5,0.005938445066609472,0.016662706834909464,0.8
tier2,H,2023,woba,25-27,>400,2,8,-0.008630246804125004,0.03586940196377873,0.625
tier2,H,2023,woba,25-27,>400,3+,24,-0.010868182956160793,0.02562991348346175,0.6666666666666666
tier2,H,2023,woba,28-30,150-400,3+,28,0.0026014756627870668,0.028443594436245903,0.6428571428571429
tier2,H,2023,woba,28-30,<150,1,3,-0.005403976133568366,0.04746326071750815,0.3333333333333333
tier2,H,2023,woba,28-30,<150,2,4,-0.02070892052080579,0.046683919104815924,0.75
tier2,H,2023,woba,28-30,<150,3+,4,-0.05310024342967862,0.05931160227395571,0.25
tier2,H,2023,woba,28-30,>400,1,1,-0.03534711265639384,0.03534711265639384,0.0
tier2,H,2023,woba,28-30,>400,2,2,-0.028258989461400135,0.031023352482074034,0.5
tier2,H,2023,woba,28-30,>400,3+,60,-0.003960817121981836,0.027872412136933936,0.65
tier2,H,2023,woba,31-33,150-400,1,2,0.025429269573414452,0.027490846890439354,1.0
tier2,H,2023,woba,31-33,150-400,2,2,0.025428439895402624,0.033613973507135256,0.5
tier2,H,2023,woba,31-33,150-400,3+,16,-0.01123361748559487,0.039969048845290726,0.25
tier2,H,2023,woba,31-33,<150,2,1,-0.052986715585913224,0.052986715585913224,0.0
tier2,H,2023,woba,31-33,<150,3+,2,-0.012829323857697434,0.028864158993441812,0.5
tier2,H,2023,woba,31-33,>400,2,1,0.03582523709489782,0.03582523709489782,0.0
tier2,H,2023,woba,31-33,>400,3+,40,-0.005827403317105824,0.030004716846558966,0.45
tier2,H,2023,woba,<=24,150-400,1,8,-0.004511303271914912,0.03137576512072766,0.5
tier2,H,2023,woba,<=24,150-400,2,5,-0.005204611689669768,0.022401328166747444,0.6
tier2,H,2023,woba,<=24,150-400,3+,3,-0.01983996104125333,0.024980105374683714,0.6666666666666666
tier2,H,2023,woba,<=24,<150,1,20,-0.00817948493934137,0.03371652910673055,0.75
tier2,H,2023,woba,<=24,<150,2,1,0.09087118948694334,0.09087118948694334,0.0
tier2,H,2023,woba,<=24,>400,1,8,-0.01106661516043779,0.025423225166950954,0.5
tier2,H,2023,woba,<=24,>400,2,1,-0.03181754873574122,0.03181754873574122,0.0
tier2,H,2023,woba,<=24,>400,3+,6,0.02488807664881793,0.02743015371739364,0.3333333333333333
tier2,H,2023,woba,>=34,150-400,3+,10,-0.015379576008969515,0.031890381240980446,0.5
tier2,H,2023,woba,>=34,<150,3+,1,-0.0027592786349255327,0.0027592786349255327,1.0
tier2,H,2023,woba,>=34,>400,3+,20,-0.00045347922314601584,0.025602225278357326,0.55
tier3,H,2023,woba,25-27,150-400,1,5,0.018295331747694665,0.027717920007808313,0.6
tier3,H,2023,woba,25-27,150-400,2,16,-0.017898959792803367,0.042435126294690706,0.75
tier3,H,2023,woba,25-27,150-400,3+,12,-0.010273309453040034,0.03093521941944772,0.6666666666666666
tier3,H,2023,woba,25-27,<150,1,10,-0.04822219922166104,0.06269870911256234,0.3
tier3,H,2023,woba,25-27,<150,2,5,-0.005081709816421116,0.021110082454201488,0.8
tier3,H,2023,woba,25-27,<150,3+,1,-0.10065236530110105,0.10065236530110105,0.0
tier3,H,2023,woba,25-27,>400,1,5,0.002898923233925124,0.012252303858500796,1.0
tier3,H,2023,woba,25-27,>400,2,8,-0.007979646939268066,0.032381843020950006,0.625
tier3,H,2023,woba,25-27,>400,3+,24,-0.005423591791009133,0.02779966927104381,0.7916666666666666
tier3,H,2023,woba,28-30,150-400,3+,28,0.0031897167100469388,0.029242046672324162,0.75
tier3,H,2023,woba,28-30,<150,1,3,-0.017168562056322306,0.0423430978461955,0.6666666666666666
tier3,H,2023,woba,28-30,<150,2,4,-0.013440440795448462,0.03746138246546989,0.75
tier3,H,2023,woba,28-30,<150,3+,4,-0.052202199490334666,0.055996290021911664,0.25
tier3,H,2023,woba,28-30,>400,1,1,-0.020901257199429923,0.020901257199429923,1.0
tier3,H,2023,woba,28-30,>400,2,2,-0.02739175768175963,0.03025747394425612,0.5
tier3,H,2023,woba,28-30,>400,3+,60,-0.002876682038244823,0.02762280753923829,0.7
tier3,H,2023,woba,31-33,150-400,1,2,0.028976451431672462,0.02909858728349247,0.5
tier3,H,2023,woba,31-33,150-400,2,2,0.02758755021120851,0.037988578241779716,0.5
tier3,H,2023,woba,31-33,150-400,3+,16,-0.009687878985412134,0.04115305340807501,0.375
tier3,H,2023,woba,31-33,<150,2,1,-0.05509354181942189,0.05509354181942189,0.0
tier3,H,2023,woba,31-33,<150,3+,2,-0.026344120587353845,0.040095507598303395,0.5
tier3,H,2023,woba,31-33,>400,2,1,0.037613012413535374,0.037613012413535374,0.0
tier3,H,2023,woba,31-33,>400,3+,40,-0.006694974681139284,0.030582883836545477,0.6
tier3,H,2023,woba,<=24,150-400,1,8,-0.007572881566657513,0.027580122275128,0.75
tier3,H,2023,woba,<=24,150-400,2,5,-0.00702513274774386,0.01524706301003213,1.0
tier3,H,2023,woba,<=24,150-400,3+,3,-0.019303385515919348,0.031425395229818485,0.3333333333333333
tier3,H,2023,woba,<=24,<150,1,20,-0.008485189503578898,0.03635835527826617,0.75
tier3,H,2023,woba,<=24,<150,2,1,0.11436034179055149,0.11436034179055149,0.0
tier3,H,2023,woba,<=24,>400,1,8,-0.0036946646592332178,0.019554293343613083,0.875
tier3,H,2023,woba,<=24,>400,2,1,-0.041773673307384906,0.041773673307384906,0.0
tier3,H,2023,woba,<=24,>400,3+,6,0.027826995129639202,0.032024564809650304,0.5
tier3,H,2023,woba,>=34,150-400,3+,10,-0.014153910573079503,0.03193501497206416,0.6
tier3,H,2023,woba,>=34,<150,3+,1,-0.007084220647596451,0.007084220647596451,1.0
tier3,H,2023,woba,>=34,>400,3+,20,-0.0013991177542184686,0.02868936122410318,0.55
marcel,H,2024,woba,25-27,150-400,1,6,0.0296263594456206,0.0388203619108512,
marcel,H,2024,woba,25-27,150-400,2,15,0.0049531414440135355,0.031639001892082776,
marcel,H,2024,woba,25-27,150-400,3+,13,0.010126269744924114,0.02816260817959612,
marcel,H,2024,woba,25-27,<150,1,12,0.015899975341631394,0.04588318311598394,
marcel,H,2024,woba,25-27,<150,2,8,0.010625510284874275,0.01903671703412184,
marcel,H,2024,woba,25-27,<150,3+,8,-0.010808956651739574,0.029210898837664992,
marcel,H,2024,woba,25-27,>400,1,2,-0.0014278795808304635,0.057840317665452196,
marcel,H,2024,woba,25-27,>400,2,15,0.02038134575579994,0.03782634851540564,
marcel,H,2024,woba,25-27,>400,3+,37,0.014345916357299739,0.03144287486095637,
marcel,H,2024,woba,28-30,150-400,2,3,0.0267368770288274,0.034129748454163514,
marcel,H,2024,woba,28-30,150-400,3+,32,0.007725328776825641,0.02433210070539437,
marcel,H,2024,woba,28-30,<150,1,1,-0.024652782627860137,0.024652782627860137,
marcel,H,2024,woba,28-30,<150,2,1,-0.06965707583751196,0.06965707583751196,
marcel,H,2024,woba,28-30,<150,3+,4,0.0020383512661641258,0.01582171264386748,
marcel,H,2024,woba,28-30,>400,1,1,-0.003569401579444409,0.003569401579444409,
marcel,H,2024,woba,28-30,>400,2,1,-0.022181507243774323,0.022181507243774323,
marcel,H,2024,woba,28-30,>400,3+,47,0.008780217716285219,0.028944616638608787,
marcel,H,2024,woba,31-33,150-400,2,1,-0.012655914231256837,0.012655914231256837,
marcel,H,2024,woba,31-33,150-400,3+,18,0.023357088010408488,0.035648532142793656,
marcel,H,2024,woba,31-33,<150,1,1,-0.01784390156806359,0.01784390156806359,
marcel,H,2024,woba,31-33,<150,2,1,0.027193053539977974,0.027193053539977974,
marcel,H,2024,woba,31-33,>400,2,2,0.018603542213597026,0.03987946156174812,
marcel,H,2024,woba,31-33,>400,3+,40,0.003123192752993189,0.03930354934664631,
marcel,H,2024,woba,<=24,150-400,1,4,0.03886520414512325,0.05243099455313261,
marcel,H,2024,woba,<=24,150-400,2,6,0.01670344587479384,0.04681513247486827,
marcel,H,2024,woba,<=24,<150,1,14,0.009954637992575753,0.036128623443049894,
marcel,H,2024,woba,<=24,<150,2,3,-0.01083148017750544,0.03899031378497466,
marcel,H,2024,woba,<=24,>400,1,3,-0.0017005446832990823,0.01994700195096249,
marcel,H,2024,woba,<=24,>400,2,13,0.007165619120934065,0.03902376519535679,
marcel,H,2024,woba,<=24,>400,3+,3,-0.006040653264111547,0.014605772539911773,
marcel,H,2024,woba,>=34,150-400,3+,10,0.0052980261628547244,0.036631108569513786,
marcel,H,2024,woba,>=34,<150,2,1,-0.05650438042564193,0.05650438042564193,
marcel,H,2024,woba,>=34,>400,3+,22,0.01230876263422986,0.02948053953081971,
tier2,H,2024,woba,25-27,150-400,1,6,0.011708612526479836,0.02875071510929728,0.3333333333333333
tier2,H,2024,woba,25-27,150-400,2,15,0.00034994059769816806,0.029072570840198528,0.5333333333333333
tier2,H,2024,woba,25-27,150-400,3+,13,-0.004080215312927232,0.030575667163781302,0.46153846153846156
tier2,H,2024,woba,25-27,<150,1,12,-0.0046729469651699655,0.046260048559722475,0.5
tier2,H,2024,woba,25-27,<150,2,8,-0.001886605988013954,0.02116028333009154,0.875
tier2,H,2024,woba,25-27,<150,3+,8,-0.025997204291000973,0.03944307603040567,0.5
tier2,H,2024,woba,25-27,>400,1,2,-0.021802162774111344,0.06277192220108477,0.0
tier2,H,2024,woba,25-27,>400,2,15,0.012381789379378172,0.03400496073551742,0.5333333333333333
tier2,H,2024,woba,25-27,>400,3+,37,0.009869405765443536,0.030021136451942765,0.5405405405405406
tier2,H,2024,woba,28-30,150-400,2,3,0.005743714768347449,0.02079381550792778,0.6666666666666666
tier2,H,2024,woba,28-30,150-400,3+,32,-0.00226633859279769,0.025937950431393193,0.46875
tier2,H,2024,woba,28-30,<150,1,1,-0.04569844705899784,0.04569844705899784,0.0
tier2,H,2024,woba,28-30,<150,2,1,-0.06388043940488852,0.06388043940488852,0.0
tier2,H,2024,woba,28-30,<150,3+,4,0.0015261394867992566,0.014204508068442027,0.75
tier2,H,2024,woba,28-30,>400,1,1,-0.002679681172708226,0.002679681172708226,1.0
tier2,H,2024,woba,28-30,>400,2,1,-0.029971845693957444,0.029971845693957444,0.0
tier2,H,2024,woba,28-30,>400,3+,47,0.004166688759061944,0.02899027987624188,0.5106382978723404
tier2,H,2024,woba,31-33,150-400,2,1,-0.023759322331637578,0.023759322331637578,0.0
tier2,H,2024,woba,31-33,150-400,3+,18,0.011975194267427016,0.02864071914232766,0.5555555555555556
tier2,H,2024,woba,31-33,<150,1,1,-0.011208720974882902,0.011208720974882902,1.0
tier2,H,2024,woba,31-33,<150,2,1,0.027054040927314504,0.027054040927314504,1.0
tier2,H,2024,woba,31-33,>400,2,2,0.014308966640804988,0.03302107069777033,0.5
tier2,H,2024,woba,31-33,>400,3+,40,-0.0052726718334096655,0.03816807894455759,0.4
tier2,H,2024,woba,<=24,150-400,1,4,0.022238963004526723,0.03546937944238406,0.25
tier2,H,2024,woba,<=24,150-400,2,6,0.00545492063982676,0.047841629284791166,0.5
tier2,H,2024,woba,<=24,<150,1,14,-0.007810360601378327,0.033197037696138666,0.6428571428571429
tier2,H,2024,woba,<=24,<150,2,3,-0.03810660092355285,0.058255634371651634,0.3333333333333333
tier2,H,2024,woba,<=24,>400,1,3,-0.014696599686518704,0.03268533810254672,0.6666666666666666
tier2,H,2024,woba,<=24,>400,2,13,-0.005692898328239533,0.03879034191220344,0.23076923076923078
tier2,H,2024,woba,<=24,>400,3+,3,-0.01575630404294447,0.01666497786771789,0.6666666666666666
tier2,H,2024,woba,>=34,150-400,3+,10,-0.009270362405228617,0.03991808367710839,0.5
tier2,H,2024,woba,>=34,<150,2,1,-0.06758385881599083,0.06758385881599083,0.0
tier2,H,2024,woba,>=34,>400,3+,22,0.0011382926784041176,0.024639465858001634,0.45454545454545453
tier3,H,2024,woba,25-27,150-400,1,6,0.009925575587547645,0.025372385259263504,0.6666666666666666
tier3,H,2024,woba,25-27,150-400,2,15,0.002163222263305821,0.029318714681668898,0.6
tier3,H,2024,woba,25-27,150-400,3+,13,-0.000987479798046273,0.02961503947478911,0.5384615384615384
tier3,H,2024,woba,25-27,<150,1,12,-0.009069378726919586,0.04886143855820557,0.4166666666666667
tier3,H,2024,woba,25-27,<150,2,8,-0.004715109911590276,0.023490842738304724,0.875
tier3,H,2024,woba,25-27,<150,3+,8,-0.023681906592962473,0.03951455679823195,0.5
tier3,H,2024,woba,25-27,>400,1,2,-0.015014124773243306,0.05850596945216897,0.0
tier3,H,2024,woba,25-27,>400,2,15,0.013644493857823264,0.04013836629894969,0.4666666666666667
tier3,H,2024,woba,25-27,>400,3+,37,0.012285306533915165,0.03080524527122271,0.6486486486486487
tier3,H,2024,woba,28-30,150-400,2,3,0.01936393165606627,0.02255161822197144,0.6666666666666666
tier3,H,2024,woba,28-30,150-400,3+,32,-0.006342272449146397,0.026640456241576144,0.6875
tier3,H,2024,woba,28-30,<150,1,1,-0.02935491330631307,0.02935491330631307,1.0
tier3,H,2024,woba,28-30,<150,2,1,-0.06800141190243558,0.06800141190243558,0.0
tier3,H,2024,woba,28-30,<150,3+,4,-0.005987275224346986,0.019173323887844672,0.75
tier3,H,2024,woba,28-30,>400,1,1,-0.0015766406537177646,0.0015766406537177646,1.0
tier3,H,2024,woba,28-30,>400,2,1,-0.015833627500841607,0.015833627500841607,1.0
tier3,H,2024,woba,28-30,>400,3+,47,0.004683227888991238,0.028451392617755707,0.6808510638297872
tier3,H,2024,woba,31-33,150-400,2,1,-0.018234720855243858,0.018234720855243858,1.0
tier3,H,2024,woba,31-33,150-400,3+,18,0.01317205665352901,0.028512498388921743,0.6111111111111112
tier3,H,2024,woba,31-33,<150,1,1,-0.01247988332891653,0.01247988332891653,1.0
tier3,H,2024,woba,31-33,<150,2,1,0.03896174193063223,0.03896174193063223,1.0
tier3,H,2024,woba,31-33,>400,2,2,0.010069506929686,0.029580059597862807,0.5
tier3,H,2024,woba,31-33,>400,3+,40,-0.003470840224368505,0.03601571720462027,0.575
tier3,H,2024,woba,<=24,150-400,1,4,0.017717277796979968,0.028288987719531963,0.75
tier3,H,2024,woba,<=24,150-400,2,6,0.013163493896575885,0.044200094389399903,0.3333333333333333
tier3,H,2024,woba,<=24,<150,1,14,-0.0129449599230304,0.037324841291108544,0.6428571428571429
tier3,H,2024,woba,<=24,<150,2,3,-0.032884819651704575,0.046446618290539504,0.3333333333333333
tier3,H,2024,woba,<=24,>400,1,3,-0.011947274340823412,0.030147785023935187,0.6666666666666666
tier3,H,2024,woba,<=24,>400,2,13,0.004554250601877364,0.03609616698893168,0.46153846153846156
tier3,H,2024,woba,<=24,>400,3+,3,-0.008632184555326654,0.01765851715308826,0.6666666666666666
tier3,H,2024,woba,>=34,150-400,3+,10,-0.011611047999768573,0.03581032691156496,0.7
tier3,H,2024,woba,>=34,<150,2,1,-0.0725737478440478,0.0725737478440478,0.0
tier3,H,2024,woba,>=34,>400,3+,22,-0.0030505961238283395,0.028888986694466164,0.6363636363636364
marcel,P,2021,babip,25-27,150-400,1,2,-0.008661546888900735,0.02713122329838425,
marcel,P,2021,babip,25-27,150-400,2,12,-0.004472680978131648,0.02806569222830752,
marcel,P,2021,babip,25-27,150-400,3+,17,-0.0038419921376656114,0.028329503939996864,
marcel,P,2021,babip,25-27,<150,1,18,-0.015371222862967516,0.03325039222417086,
marcel,P,2021,babip,25-27,<150,2,22,0.01032541644495388,0.032449044892995785,
marcel,P,2021,babip,25-27,<150,3+,24,0.029912976560952095,0.040525715719043294,
marcel,P,2021,babip,28-30,150-400,2,3,-0.004162157870244016,0.030183099231392195,
marcel,P,2021,babip,28-30,150-400,3+,33,-0.0007059297820853817,0.03147133495190797,
marcel,P,2021,babip,28-30,<150,1,4,0.002563043466041583,0.04801413915538308,
marcel,P,2021,babip,28-30,<150,2,18,0.00014220525824855303,0.03592117376831033,
marcel,P,2021,babip,28-30,<150,3+,40,0.013263074697652047,0.030567610552455396,
marcel,P,2021,babip,31-33,150-400,1,1,-0.0022540266261421027,0.0022540266261421027,
marcel,P,2021,babip,31-33,150-400,3+,21,0.002015799527179123,0.02472139652184598,
marcel,P,2021,babip,31-33,<150,1,1,-0.03831301020051231,0.03831301020051231,
marcel,P,2021,babip,31-33,<150,2,9,0.00960938272659767,0.02047202292505284,
marcel,P,2021,babip,31-33,<150,3+,34,0.02047121524365,0.04374300762867501,
marcel,P,2021,babip,<=24,150-400,1,3,-0.020432429112879215,0.048737865502352026,
marcel,P,2021,babip,<=24,150-400,2,3,-0.009343421388941335,0.022962560645910665,
marcel,P,2021,babip,<=24,150-400,3+,2,0.005630462692041473,0.016691679175118723,
marcel,P,2021,babip,<=24,<150,1,14,0.002859275468670011,0.022809589978568745,
marcel,P,2021,babip,<=24,<150,2,4,0.016596366511137422,0.025800427645539345,
marcel,P,2021,babip,<=24,<150,3+,2,-0.022620853156105892,0.03775013578490878,
marcel,P,2021,babip,>=34,150-400,3+,15,0.011793690236944503,0.03742345912854832,
marcel,P,2021,babip,>=34,<150,1,4,-0.024548574198224003,0.04983275116396163,
marcel,P,2021,babip,>=34,<150,2,3,-0.0006702471336787221,0.00709805814443535,
marcel,P,2021,babip,>=34,<150,3+,20,0.01134361645205483,0.03363348240193335,
tier2,P,2021,babip,25-27,150-400,1,2,0.005239584912683355,0.012527202578386912,1.0
tier2,P,2021,babip,25-27,150-400,2,12,0.008385162344807438,0.027065339603595598,0.25
tier2,P,2021,babip,25-27,150-400,3+,17,0.0019256758425366905,0.027619870161776038,0.23529411764705882
tier2,P,2021,babip,25-27,<150,1,18,-0.004574662819461659,0.02940080218322046,0.2222222222222222
tier2,P,2021,babip,25-27,<150,2,22,0.014993756013015194,0.037009993927201244,0.22727272727272727
tier2,P,2021,babip,25-27,<150,3+,24,0.03193028546416769,0.04140743949547192,0.3333333333333333
tier2,P,2021,babip,28-30,150-400,2,3,-0.0034311793901623706,0.02466348314378348,0.6666666666666666
tier2,P,2021,babip,28-30,150-400,3+,33,0.0032860156929783715,0.031071712407414544,0.24242424242424243
tier2,P,2021,babip,28-30,<150,1,4,0.010440147186946913,0.05323402524175499,0.25
tier2,P,2021,babip,28-30,<150,2,18,0.0006696467681272533,0.03714261036599471,0.05555555555555555
tier2,P,2021,babip,28-30,<150,3+,40,0.016577853680363824,0.033112154381182195,0.325
tier2,P,2021,babip,31-33,150-400,1,1,0.016031583368799895,0.016031583368799895,0.0
tier2,P,2021,babip,31-33,150-400,3+,21,-0.000484163992836787,0.023297580184785546,0.38095238095238093
tier2,P,2021,babip,31-33,<150,1,1,-0.03114074441261805,0.03114074441261805,0.0
tier2,P,2021,babip,31-33,<150,2,9,0.01062597217548359,0.02387548649962426,0.4444444444444444
tier2,P,2021,babip,31-33,<150,3+,34,0.017848339491860925,0.04194330650903485,0.20588235294117646
tier2,P,2021,babip,<=24,150-400,1,3,0.0005099629527262929,0.044503569396637035,0.0
tier2,P,2021,babip,<=24,150-400,2,3,-0.009525131511868092,0.02416400396841304,0.3333333333333333
tier2,P,2021,babip,<=24,150-400,3+,2,0.015192698678819762,0.017462741668855242,0.5
tier2,P,2021,babip,<=24,<150,1,14,0.020584354644784433,0.0319563899801796,0.42857142857142855
tier2,P,2021,babip,<=24,<150,2,4,0.01756715134844433,0.022170600943801598,0.5
tier2,P,2021,babip,<=24,<150,3+,2,-0.017964646668002432,0.031924720388064674,0.5
tier2,P,2021,babip,>=34,150-400,3+,15,0.0016414053371346178,0.03099447760393933,0.3333333333333333
tier2,P,2021,babip,>=34,<150,1,4,-0.021339768770891415,0.04219136259311401,0.5
tier2,P,2021,babip,>=34,<150,2,3,-0.013109184211627364,0.018260663563050106,0.3333333333333333
tier2,P,2021,babip,>=34,<150,3+,20,0.006398071928394821,0.028631116059701967,0.4
tier3,P,2021,babip,25-27,150-400,1,2,0.005239584912683355,0.012527202578386912,1.0
tier3,P,2021,babip,25-27,150-400,2,12,0.008385162344807438,0.027065339603595598,0.25
tier3,P,2021,babip,25-27,150-400,3+,17,0.0019256758425366905,0.027619870161776038,0.23529411764705882
tier3,P,2021,babip,25-27,<150,1,18,-0.004574662819461659,0.02940080218322046,0.2222222222222222
tier3,P,2021,babip,25-27,<150,2,22,0.014993756013015194,0.037009993927201244,0.22727272727272727
tier3,P,2021,babip,25-27,<150,3+,24,0.03193028546416769,0.04140743949547192,0.3333333333333333
tier3,P,2021,babip,28-30,150-400,2,3,-0.0034311793901623706,0.02466348314378348,0.6666666666666666
tier3,P,2021,babip,28-30,150-400,3+,33,0.0032860156929783715,0.031071712407414544,0.24242424242424243
tier3,P,2021,babip,28-30,<150,1,4,0.010440147186946913,0.05323402524175499,0.25
tier3,P,2021,babip,28-30,<150,2,18,0.0006696467681272533,0.03714261036599471,0.05555555555555555
tier3,P,2021,babip,28-30,<150,3+,40,0.016577853680363824,0.033112154381182195,0.325
tier3,P,2021,babip,31-33,150-400,1,1,0.016031583368799895,0.016031583368799895,0.0
tier3,P,2021,babip,31-33,150-400,3+,21,-0.000484163992836787,0.023297580184785546,0.38095238095238093
tier3,P,2021,babip,31-33,<150,1,1,-0.03114074441261805,0.03114074441261805,0.0
tier3,P,2021,babip,31-33,<150,2,9,0.01062597217548359,0.02387548649962426,0.4444444444444444
tier3,P,2021,babip,31-33,<150,3+,34,0.017848339491860925,0.04194330650903485,0.20588235294117646
tier3,P,2021,babip,<=24,150-400,1,3,0.0005099629527262929,0.044503569396637035,0.0
tier3,P,2021,babip,<=24,150-400,2,3,-0.009525131511868092,0.02416400396841304,0.3333333333333333
tier3,P,2021,babip,<=24,150-400,3+,2,0.015192698678819762,0.017462741668855242,0.5
tier3,P,2021,babip,<=24,<150,1,14,0.020584354644784433,0.0319563899801796,0.42857142857142855
tier3,P,2021,babip,<=24,<150,2,4,0.01756715134844433,0.022170600943801598,0.5
tier3,P,2021,babip,<=24,<150,3+,2,-0.017964646668002432,0.031924720388064674,0.5
tier3,P,2021,babip,>=34,150-400,3+,15,0.0016414053371346178,0.03099447760393933,0.3333333333333333
tier3,P,2021,babip,>=34,<150,1,4,-0.021339768770891415,0.04219136259311401,0.5
tier3,P,2021,babip,>=34,<150,2,3,-0.013109184211627364,0.018260663563050106,0.3333333333333333
tier3,P,2021,babip,>=34,<150,3+,20,0.006398071928394821,0.028631116059701967,0.4
marcel,P,2022,babip,25-27,150-400,1,13,0.00511420682107211,0.03965368779843042,
marcel,P,2022,babip,25-27,150-400,2,12,-0.014566293023482587,0.030577709451322783,
marcel,P,2022,babip,25-27,150-400,3+,17,-0.0021712859770377456,0.04294696507485219,
marcel,P,2022,babip,25-27,<150,1,15,0.004392212150710707,0.03654725086534611,
marcel,P,2022,babip,25-27,<150,2,8,-0.002227343189821504,0.028321013878270702,
marcel,P,2022,babip,25-27,<150,3+,5,0.004754610974679932,0.03203810848866198,
marcel,P,2022,babip,25-27,>400,1,2,0.022279417427256164,0.03775393612371385,
marcel,P,2022,babip,25-27,>400,2,9,0.00869505679492633,0.019928267242513852,
marcel,P,2022,babip,25-27,>400,3+,24,0.0034796400004959978,0.030871552461356443,
marcel,P,2022,babip,28-30,150-400,1,3,-0.009054449945107476,0.019416537240337213,
marcel,P,2022,babip,28-30,150-400,2,5,-0.013790026113138811,0.03320375370706488,
marcel,P,2022,babip,28-30,150-400,3+,31,0.009459891923742074,0.040148919881002956,
marcel,P,2022,babip,28-30,<150,1,8,0.022720608865873734,0.037326298884931074,
marcel,P,2022,babip,28-30,<150,2,5,0.016785604184269498,0.025015895555300288,
marcel,P,2022,babip,28-30,<150,3+,8,0.013710843986611806,0.05512915727324715,
marcel,P,2022,babip,28-30,>400,2,6,-0.0028172950977385317,0.032061617067416566,
marcel,P,2022,babip,28-30,>400,3+,30,0.005919216764555606,0.02228002916815129,
marcel,P,2022,babip,31-33,150-400,2,3,0.026123455559016788,0.04612983328121771,
marcel,P,2022,babip,31-33,150-400,3+,23,-0.002954197287531343,0.040754340153107846,
marcel,P,2022,babip,31-33,<150,1,1,-0.004060667126813133,0.004060667126813133,
marcel,P,2022,babip,31-33,<150,2,4,0.03822166821695695,0.045320597112011,
marcel,P,2022,babip,31-33,<150,3+,3,-0.0029667237633898614,0.011605573230807763,
marcel,P,2022,babip,31-33,>400,2,1,0.02310179884873209,0.02310179884873209,
marcel,P,2022,babip,31-33,>400,3+,21,0.0004446355757770266,0.028642157140814285,
marcel,P,2022,babip,<=24,150-400,1,2,0.01918043603713701,0.020881612812389275,
marcel,P,2022,babip,<=24,150-400,2,3,0.010857319197648166,0.028639230371692175,
marcel,P,2022,babip,<=24,150-400,3+,1,-0.013542281042992321,0.013542281042992321,
marcel,P,2022,babip,<=24,<150,1,7,-0.0028564402389788532,0.03694946791291705,
marcel,P,2022,babip,<=24,<150,2,2,0.012560066930638256,0.02853812322783921,
marcel,P,2022,babip,<=24,>400,1,1,0.017081608120328412,0.017081608120328412,
marcel,P,2022,babip,<=24,>400,2,4,-0.030838196020021476,0.044673548372746674,
marcel,P,2022,babip,<=24,>400,3+,2,0.017916524601535783,0.030726805239160406,
marcel,P,2022,babip,>=34,150-400,1,2,-0.019599255658933043,0.04004491870111306,
marcel,P,2022,babip,>=34,150-400,2,4,0.036710053824603614,0.05856514419907213,
marcel,P,2022,babip,>=34,150-400,3+,19,-0.007974576460089977,0.02663860941223066,
marcel,P,2022,babip,>=34,<150,1,1,0.05642702154301399,0.05642702154301399,
marcel,P,2022,babip,>=34,<150,2,3,0.05169946234586639,0.05699470961389859,
marcel,P,2022,babip,>=34,<150,3+,4,-0.024732738163236317,0.03149025189356998,
marcel,P,2022,babip,>=34,>400,2,1,-0.0161279456818591,0.0161279456818591,
marcel,P,2022,babip,>=34,>400,3+,12,-0.003922237340267632,0.024909427952959442,
tier2,P,2022,babip,25-27,150-400,1,13,0.010720653557350841,0.04083094089242377,0.07692307692307693
tier2,P,2022,babip,25-27,150-400,2,12,-0.004984989492119034,0.02414446177203354,0.08333333333333333
tier2,P,2022,babip,25-27,150-400,3+,17,0.006094029459805418,0.04128104322824942,0.29411764705882354
tier2,P,2022,babip,25-27,<150,1,15,0.015226049233694977,0.036391452704716915,0.2
tier2,P,2022,babip,25-27,<150,2,8,-0.001766476821620868,0.027677923374634535,0.375
tier2,P,2022,babip,25-27,<150,3+,5,0.010220291258812207,0.029022719256616817,0.4
tier2,P,2022,babip,25-27,>400,1,2,0.014942019894115305,0.025922442441190147,0.5
tier2,P,2022,babip,25-27,>400,2,9,0.014152900712011843,0.025147395011399808,0.3333333333333333
tier2,P,2022,babip,25-27,>400,3+,24,0.00819875325960531,0.03135968322374541,0.4166666666666667
tier2,P,2022,babip,28-30,150-400,1,3,-0.0040900458920997826,0.017529882705026555,0.3333333333333333
tier2,P,2022,babip,28-30,150-400,2,5,-0.014927945003913624,0.031396454449224384,0.6
tier2,P,2022,babip,28-30,150-400,3+,31,0.01115765835418714,0.039938816359172,0.2903225806451613
tier2,P,2022,babip,28-30,<150,1,8,0.025087072724126386,0.041944836101136924,0.25
tier2,P,2022,babip,28-30,<150,2,5,0.01483487472732424,0.025911142795879055,0.6
tier2,P,2022,babip,28-30,<150,3+,8,0.011797316946056265,0.05238089255049316,0.125
tier2,P,2022,babip,28-30,>400,2,6,0.0053022362978628,0.024223377010103245,0.3333333333333333
tier2,P,2022,babip,28-30,>400,3+,30,0.0058155267039616786,0.019750375535254088,0.43333333333333335
tier2,P,2022,babip,31-33,150-400,2,3,0.02496786491017895,0.0405617119891712,0.0
tier2,P,2022,babip,31-33,150-400,3+,23,-0.004008801361912594,0.037684284389010385,0.43478260869565216
tier2,P,2022,babip,31-33,<150,1,1,0.0083953515014768,0.0083953515014768,1.0
tier2,P,2022,babip,31-33,<150,2,4,0.02942584937941297,0.04246949903331468,0.0
tier2,P,2022,babip,31-33,<150,3+,3,0.003997346852494812,0.01895339433988231,0.3333333333333333
tier2,P,2022,babip,31-33,>400,2,1,0.03204607273979038,0.03204607273979038,0.0
tier2,P,2022,babip,31-33,>400,3+,21,-0.0024205240599147696,0.02907618708892057,0.3333333333333333
tier2,P,2022,babip,<=24,150-400,1,2,0.03384731459830051,0.034149434142087515,0.0
tier2,P,2022,babip,<=24,150-400,2,3,0.01206532264631211,0.03851160092275262,0.3333333333333333
tier2,P,2022,babip,<=24,150-400,3+,1,-0.00705845079414491,0.00705845079414491,1.0
tier2,P,2022,babip,<=24,<150,1,7,0.008930873396190336,0.039401781521809315,0.2857142857142857
tier2,P,2022,babip,<=24,<150,2,2,0.02265382847031545,0.044333863966794805,0.5
tier2,P,2022,babip,<=24,>400,1,1,0.04299837030422024,0.04299837030422024,0.0
tier2,P,2022,babip,<=24,>400,2,4,-0.01198024384202165,0.042468915379462444,0.0
tier2,P,2022,babip,<=24,>400,3+,2,0.019398074173551216,0.02751929114584403,0.5
tier2,P,2022,babip,>=34,150-400,1,2,-0.02074483901135232,0.04978792125946866,0.0
tier2,P,2022,babip,>=34,150-400,2,4,0.030835544467991433,0.04982651700488295,0.0
tier2,P,2022,babip,>=34,150-400,3+,19,-0.011056718431981203,0.031043014116315056,0.21052631578947367
tier2,P,2022,babip,>=34,<150,1,1,0.0517965309199348,0.0517965309199348,0.0
tier2,P,2022,babip,>=34,<150,2,3,0.040963931621440304,0.045305513672404596,0.0
tier2,P,2022,babip,>=34,<150,3+,4,-0.028873433178215675,0.03378993029516469,0.25
tier2,P,2022,babip,>=34,>400,2,1,-0.017936812818466596,0.017936812818466596,0.0
tier2,P,2022,babip,>=34,>400,3+,12,-0.00814792826359104,0.026080378036834433,0.5833333333333334
tier3,P,2022,babip,25-27,150-400,1,13,0.010720653557350841,0.04083094089242377,0.07692307692307693
tier3,P,2022,babip,25-27,150-400,2,12,-0.004984989492119034,0.02414446177203354,0.08333333333333333
tier3,P,2022,babip,25-27,150-400,3+,17,0.006094029459805418,0.04128104322824942,0.29411764705882354
tier3,P,2022,babip,25-27,<150,1,15,0.015226049233694977,0.036391452704716915,0.2
tier3,P,2022,babip,25-27,<150,2,8,-0.001766476821620868,0.027677923374634535,0.375
tier3,P,2022,babip,25-27,<150,3+,5,0.010220291258812207,0.029022719256616817,0.4
tier3,P,2022,babip,25-27,>400,1,2,0.014942019894115305,0.025922442441190147,0.5
tier3,P,2022,babip,25-27,>400,2,9,0.014152900712011843,0.025147395011399808,0.3333333333333333
tier3,P,2022,babip,25-27,>400,3+,24,0.00819875325960531,0.03135968322374541,0.4166666666666667
tier3,P,2022,babip,28-30,150-400,1,3,-0.0040900458920997826,0.017529882705026555,0.3333333333333333
tier3,P,2022,babip,28-30,150-400,2,5,-0.014927945003913624,0.031396454449224384,0.6
tier3,P,2022,babip,28-30,150-400,3+,31,0.01115765835418714,0.039938816359172,0.2903225806451613
tier3,P,2022,babip,28-30,<150,1,8,0.025087072724126386,0.041944836101136924,0.25
tier3,P,2022,babip,28-30,<150,2,5,0.01483487472732424,0.025911142795879055,0.6
tier3,P,2022,babip,28-30,<150,3+,8,0.011797316946056265,0.05238089255049316,0.125
tier3,P,2022,babip,28-30,>400,2,6,0.0053022362978628,0.024223377010103245,0.3333333333333333
tier3,P,2022,babip,28-30,>400,3+,30,0.0058155267039616786,0.019750375535254088,0.43333333333333335
tier3,P,2022,babip,31-33,150-400,2,3,0.02496786491017895,0.0405617119891712,0.0
tier3,P,2022,babip,31-33,150-400,3+,23,-0.004008801361912594,0.037684284389010385,0.43478260869565216
tier3,P,2022,babip,31-33,<150,1,1,0.0083953515014768,0.0083953515014768,1.0
tier3,P,2022,babip,31-33,<150,2,4,0.02942584937941297,0.04246949903331468,0.0
tier3,P,2022,babip,31-33,<150,3+,3,0.003997346852494812,0.01895339433988231,0.3333333333333333
tier3,P,2022,babip,31-33,>400,2,1,0.03204607273979038,0.03204607273979038,0.0
tier3,P,2022,babip,31-33,>400,3+,21,-0.0024205240599147696,0.02907618708892057,0.3333333333333333
tier3,P,2022,babip,<=24,150-400,1,2,0.03384731459830051,0.034149434142087515,0.0
tier3,P,2022,babip,<=24,150-400,2,3,0.01206532264631211,0.03851160092275262,0.3333333333333333
tier3,P,2022,babip,<=24,150-400,3+,1,-0.00705845079414491,0.00705845079414491,1.0
tier3,P,2022,babip,<=24,<150,1,7,0.008930873396190336,0.039401781521809315,0.2857142857142857
tier3,P,2022,babip,<=24,<150,2,2,0.02265382847031545,0.044333863966794805,0.5
tier3,P,2022,babip,<=24,>400,1,1,0.04299837030422024,0.04299837030422024,0.0
tier3,P,2022,babip,<=24,>400,2,4,-0.01198024384202165,0.042468915379462444,0.0
tier3,P,2022,babip,<=24,>400,3+,2,0.019398074173551216,0.02751929114584403,0.5
tier3,P,2022,babip,>=34,150-400,1,2,-0.02074483901135232,0.04978792125946866,0.0
tier3,P,2022,babip,>=34,150-400,2,4,0.030835544467991433,0.04982651700488295,0.0
tier3,P,2022,babip,>=34,150-400,3+,19,-0.011056718431981203,0.031043014116315056,0.21052631578947367
tier3,P,2022,babip,>=34,<150,1,1,0.0517965309199348,0.0517965309199348,0.0
tier3,P,2022,babip,>=34,<150,2,3,0.040963931621440304,0.045305513672404596,0.0
tier3,P,2022,babip,>=34,<150,3+,4,-0.028873433178215675,0.03378993029516469,0.25
tier3,P,2022,babip,>=34,>400,2,1,-0.017936812818466596,0.017936812818466596,0.0
tier3,P,2022,babip,>=34,>400,3+,12,-0.00814792826359104,0.026080378036834433,0.5833333333333334
marcel,P,2023,babip,25-27,150-400,1,13,-0.006674068614259689,0.0358392886496599,
marcel,P,2023,babip,25-27,150-400,2,19,-0.004737008624966196,0.037912211737534146,
marcel,P,2023,babip,25-27,150-400,3+,20,-0.01982481965400855,0.03605172306809673,
marcel,P,2023,babip,25-27,<150,1,11,-0.023009014618568965,0.04687381605603388,
marcel,P,2023,babip,25-27,<150,2,9,-0.021404004613404207,0.05191958866496747,
marcel,P,2023,babip,25-27,<150,3+,2,-0.005506656841366972,0.014907312380431937,
marcel,P,2023,babip,25-27,>400,1,3,0.015984788958777724,0.018511976675957838,
marcel,P,2023,babip,25-27,>400,2,9,-0.015163547301613733,0.03242601800761969,
marcel,P,2023,babip,25-27,>400,3+,16,-0.020998115343445273,0.03275896778558623,
marcel,P,2023,babip,28-30,150-400,1,4,0.00841585369751952,0.025994161933977144,
marcel,P,2023,babip,28-30,150-400,2,9,0.005142121292906679,0.037820114565079124,
marcel,P,2023,babip,28-30,150-400,3+,30,-4.6520356942422974e-05,0.03289717286813044,
marcel,P,2023,babip,28-30,<150,1,3,0.01567394951356187,0.01879070370100814,
marcel,P,2023,babip,28-30,<150,2,5,0.004661419448795529,0.02671169708241365,
marcel,P,2023,babip,28-30,<150,3+,11,0.009981413513637193,0.035117255549176815,
marcel,P,2023,babip,28-30,>400,2,4,-0.010401764798567102,0.05113185825475058,
marcel,P,2023,babip,28-30,>400,3+,32,0.002792407642287713,0.02843795793200943,
marcel,P,2023,babip,31-33,150-400,1,3,-0.015278316106842348,0.02721371821638959,
marcel,P,2023,babip,31-33,150-400,2,3,-0.025413700641712528,0.031677510957410934,
marcel,P,2023,babip,31-33,150-400,3+,32,0.00037035768826920376,0.04046649249851559,
marcel,P,2023,babip,31-33,<150,1,4,-0.01375495184764456,0.03468389136882886,
marcel,P,2023,babip,31-33,<150,2,3,0.02986503014024575,0.030388255701009115,
marcel,P,2023,babip,31-33,<150,3+,7,-0.017525442776211007,0.028420976428888373,
marcel,P,2023,babip,31-33,>400,1,1,-0.008741001812374305,0.008741001812374305,
marcel,P,2023,babip,31-33,>400,2,3,-0.006649731258007582,0.008868225182385116,
marcel,P,2023,babip,31-33,>400,3+,18,0.006850952582621176,0.023558711406840422,
marcel,P,2023,babip,<=24,150-400,1,4,-0.0001255991317366463,0.01642110872781735,
marcel,P,2023,babip,<=24,150-400,2,2,-0.03547107447182632,0.03644480555494119,
marcel,P,2023,babip,<=24,150-400,3+,1,0.015014773717315522,0.015014773717315522,
marcel,P,2023,babip,<=24,<150,1,5,-0.019371000191259646,0.036131218804582414,
marcel,P,2023,babip,<=24,<150,2,2,-0.04687831991223782,0.04765556207196038,
marcel,P,2023,babip,<=24,>400,1,2,-0.04918411258663519,0.05286599062381836,
marcel,P,2023,babip,<=24,>400,2,3,-0.03806258994270598,0.03875670813891462,
marcel,P,2023,babip,>=34,150-400,2,3,-0.02980004825907006,0.03757836906634536,
marcel,P,2023,babip,>=34,150-400,3+,12,0.02929257091475553,0.052271905821172804,
marcel,P,2023,babip,>=34,<150,2,4,0.020670210201918185,0.033788578117313284,
marcel,P,2023,babip,>=34,<150,3+,3,-0.010611479473364768,0.03387019015103856,
marcel,P,2023,babip,>=34,>400,2,2,-0.023657847138279144,0.03155460930253207,
marcel,P,2023,babip,>=34,>400,3+,17,-0.005528768572770722,0.02606981923296139,
tier2,P,2023,babip,25-27,150-400,1,13,-0.002059977190018987,0.03665388699734343,0.38461538461538464
tier2,P,2023,babip,25-27,150-400,2,19,0.003729562407252762,0.03873441535144044,0.15789473684210525
tier2,P,2023,babip,25-27,150-400,3+,20,-0.015919543760274626,0.034567013808309975,0.4
tier2,P,2023,babip,25-27,<150,1,11,-0.011999143234276166,0.041945999889987776,0.2727272727272727
tier2,P,2023,babip,25-27,<150,2,9,-0.0246810273905482,0.05018647207392499,0.2222222222222222
tier2,P,2023,babip,25-27,<150,3+,2,-0.003982945970634238,0.023501962248396385,0.5
tier2,P,2023,babip,25-27,>400,1,3,0.007648427921032161,0.015152346892647267,0.6666666666666666
tier2,P,2023,babip,25-27,>400,2,9,-0.005221421974970232,0.022080612206255283,0.4444444444444444
tier2,P,2023,babip,25-27,>400,3+,16,-0.015930460583922272,0.029020444425746042,0.375
tier2,P,2023,babip,28-30,150-400,1,4,0.020715300619918085,0.03640506588447154,0.0
tier2,P,2023,babip,28-30,150-400,2,9,0.0062372688076151464,0.0329127433196912,0.4444444444444444
tier2,P,2023,babip,28-30,150-400,3+,30,0.001821166259556768,0.031026421052846382,0.43333333333333335
tier2,P,2023,babip,28-30,<150,1,3,0.009365664651564723,0.010228301131723194,0.6666666666666666
tier2,P,2023,babip,28-30,<150,2,5,0.0015446958622190397,0.020861654223564514,0.8
tier2,P,2023,babip,28-30,<150,3+,11,0.0051337451489863635,0.033879789713902236,0.45454545454545453
tier2,P,2023,babip,28-30,>400,2,4,0.000888295679514893,0.05769359265583449,0.25
tier2,P,2023,babip,28-30,>400,3+,32,0.0016141700980352534,0.027386786577739696,0.5
tier2,P,2023,babip,31-33,150-400,1,3,-0.009393119890176752,0.023857413840918412,0.6666666666666666
tier2,P,2023,babip,31-33,150-400,2,3,-0.01687001162161548,0.023378973238057106,0.3333333333333333
tier2,P,2023,babip,31-33,150-400,3+,32,-0.0042112775843291955,0.03829325601337002,0.1875
tier2,P,2023,babip,31-33,<150,1,4,-0.015522036931489746,0.03155531837571348,0.0
tier2,P,2023,babip,31-33,<150,2,3,0.024376994709922842,0.027143025163851923,0.3333333333333333
tier2,P,2023,babip,31-33,<150,3+,7,-0.02209977433327817,0.02895420960223901,0.5714285714285714
tier2,P,2023,babip,31-33,>400,1,1,-0.008621067514479108,0.008621067514479108,1.0
tier2,P,2023,babip,31-33,>400,2,3,-0.0031892396516250204,0.005798429567093507,1.0
tier2,P,2023,babip,31-33,>400,3+,18,0.00446721012717834,0.022348173946836046,0.5555555555555556
tier2,P,2023,babip,<=24,150-400,1,4,-0.0032594948509762738,0.014541535996809348,0.5
tier2,P,2023,babip,<=24,150-400,2,2,-0.040532932604109895,0.04092205166746192,0.0
tier2,P,2023,babip,<=24,150-400,3+,1,0.010445807536137719,0.010445807536137719,1.0
tier2,P,2023,babip,<=24,<150,1,5,-0.013704443947793181,0.031090087228283794,0.6
tier2,P,2023,babip,<=24,<150,2,2,-0.03899885082400641,0.03907956646918676,0.0
tier2,P,2023,babip,<=24,>400,1,2,-0.04423860346393114,0.04515813463602304,0.0
tier2,P,2023,babip,<=24,>400,2,3,-0.025546590961697622,0.0259092398428099,0.0
tier2,P,2023,babip,>=34,150-400,2,3,-0.02832158786597848,0.037799097181509,0.6666666666666666
tier2,P,2023,babip,>=34,150-400,3+,12,0.023128310594857156,0.04707138797894312,0.25
tier2,P,2023,babip,>=34,<150,2,4,0.01531371111784367,0.032323860502724774,0.75
tier2,P,2023,babip,>=34,<150,3+,3,-0.012417293739083311,0.029222260787591173,0.3333333333333333
tier2,P,2023,babip,>=34,>400,2,2,-0.022019754201065504,0.025826133617818194,0.5
tier2,P,2023,babip,>=34,>400,3+,17,-0.008149175950285845,0.02663442767527931,0.4117647058823529
tier3,P,2023,babip,25-27,150-400,1,13,-0.002059977190018987,0.03665388699734343,0.38461538461538464
tier3,P,2023,babip,25-27,150-400,2,19,0.003729562407252762,0.03873441535144044,0.15789473684210525
tier3,P,2023,babip,25-27,150-400,3+,20,-0.015919543760274626,0.034567013808309975,0.4
tier3,P,2023,babip,25-27,<150,1,11,-0.011999143234276166,0.041945999889987776,0.2727272727272727
tier3,P,2023,babip,25-27,<150,2,9,-0.0246810273905482,0.05018647207392499,0.2222222222222222
tier3,P,2023,babip,25-27,<150,3+,2,-0.003982945970634238,0.023501962248396385,0.5
tier3,P,2023,babip,25-27,>400,1,3,0.007648427921032161,0.015152346892647267,0.6666666666666666
tier3,P,2023,babip,25-27,>400,2,9,-0.005221421974970232,0.022080612206255283,0.4444444444444444
tier3,P,2023,babip,25-27,>400,3+,16,-0.015930460583922272,0.029020444425746042,0.375
tier3,P,2023,babip,28-30,150-400,1,4,0.020715300619918085,0.03640506588447154,0.0
tier3,P,2023,babip,28-30,150-400,2,9,0.0062372688076151464,0.0329127433196912,0.4444444444444444
tier3,P,2023,babip,28-30,150-400,3+,30,0.001821166259556768,0.031026421052846382,0.43333333333333335
tier3,P,2023,babip,28-30,<150,1,3,0.009365664651564723,0.010228301131723194,0.6666666666666666
tier3,P,2023,babip,28-30,<150,2,5,0.0015446958622190397,0.020861654223564514,0.8
tier3,P,2023,babip,28-30,<150,3+,11,0.0051337451489863635,0.033879789713902236,0.45454545454545453
tier3,P,2023,babip,28-30,>400,2,4,0.000888295679514893,0.05769359265583449,0.25
tier3,P,2023,babip,28-30,>400,3+,32,0.0016141700980352534,0.027386786577739696,0.5
tier3,P,2023,babip,31-33,150-400,1,3,-0.009393119890176752,0.023857413840918412,0.6666666666666666
tier3,P,2023,babip,31-33,150-400,2,3,-0.01687001162161548,0.023378973238057106,0.3333333333333333
tier3,P,2023,babip,31-33,150-400,3+,32,-0.0042112775843291955,0.03829325601337002,0.1875
tier3,P,2023,babip,31-33,<150,1,4,-0.015522036931489746,0.03155531837571348,0.0
tier3,P,2023,babip,31-33,<150,2,3,0.024376994709922842,0.027143025163851923,0.3333333333333333
tier3,P,2023,babip,31-33,<150,3+,7,-0.02209977433327817,0.02895420960223901,0.5714285714285714
tier3,P,2023,babip,31-33,>400,1,1,-0.008621067514479108,0.008621067514479108,1.0
tier3,P,2023,babip,31-33,>400,2,3,-0.0031892396516250204,0.005798429567093507,1.0
tier3,P,2023,babip,31-33,>400,3+,18,0.00446721012717834,0.022348173946836046,0.5555555555555556
tier3,P,2023,babip,<=24,150-400,1,4,-0.0032594948509762738,0.014541535996809348,0.5
tier3,P,2023,babip,<=24,150-400,2,2,-0.040532932604109895,0.04092205166746192,0.0
tier3,P,2023,babip,<=24,150-400,3+,1,0.010445807536137719,0.010445807536137719,1.0
tier3,P,2023,babip,<=24,<150,1,5,-0.013704443947793181,0.031090087228283794,0.6
tier3,P,2023,babip,<=24,<150,2,2,-0.03899885082400641,0.03907956646918676,0.0
tier3,P,2023,babip,<=24,>400,1,2,-0.04423860346393114,0.04515813463602304,0.0
tier3,P,2023,babip,<=24,>400,2,3,-0.025546590961697622,0.0259092398428099,0.0
tier3,P,2023,babip,>=34,150-400,2,3,-0.02832158786597848,0.037799097181509,0.6666666666666666
tier3,P,2023,babip,>=34,150-400,3+,12,0.023128310594857156,0.04707138797894312,0.25
tier3,P,2023,babip,>=34,<150,2,4,0.01531371111784367,0.032323860502724774,0.75
tier3,P,2023,babip,>=34,<150,3+,3,-0.012417293739083311,0.029222260787591173,0.3333333333333333
tier3,P,2023,babip,>=34,>400,2,2,-0.022019754201065504,0.025826133617818194,0.5
tier3,P,2023,babip,>=34,>400,3+,17,-0.008149175950285845,0.02663442767527931,0.4117647058823529
marcel,P,2024,babip,25-27,150-400,1,11,0.00016792090496590409,0.026152570247241408,
marcel,P,2024,babip,25-27,150-400,2,19,0.006060675169921411,0.03608330836029433,
marcel,P,2024,babip,25-27,150-400,3+,16,-0.0022464490412704412,0.031041740255815645,
marcel,P,2024,babip,25-27,<150,1,13,0.0016716002980948753,0.05506994304154268,
marcel,P,2024,babip,25-27,<150,2,7,0.0031851781967194136,0.03836013933231111,
marcel,P,2024,babip,25-27,<150,3+,6,-0.01561980526799736,0.03781004116112925,
marcel,P,2024,babip,25-27,>400,1,7,0.0070528033881643425,0.028673785545484044,
marcel,P,2024,babip,25-27,>400,2,9,-0.014296438907345232,0.027555359719372403,
marcel,P,2024,babip,25-27,>400,3+,6,0.003920256455408256,0.027692486366861155,
marcel,P,2024,babip,28-30,150-400,1,3,0.047389645163314856,0.05020336028325247,
marcel,P,2024,babip,28-30,150-400,2,8,0.02289412501625295,0.04817352956649042,
marcel,P,2024,babip,28-30,150-400,3+,34,0.0006335274150275599,0.03732249785783686,
marcel,P,2024,babip,28-30,<150,1,3,-0.02218726577028358,0.02493263510798261,
marcel,P,2024,babip,28-30,<150,2,9,0.007764943962006565,0.04611135099846572,
marcel,P,2024,babip,28-30,<150,3+,9,0.005674779508771476,0.032138704640184604,
marcel,P,2024,babip,28-30,>400,2,2,0.011009579013706356,0.011021364911609011,
marcel,P,2024,babip,28-30,>400,3+,31,0.01419151428380825,0.026364140989353302,
marcel,P,2024,babip,31-33,150-400,1,1,0.03341677265685028,0.03341677265685028,
marcel,P,2024,babip,31-33,150-400,2,4,-0.031703931824413396,0.03657390990636933,
marcel,P,2024,babip,31-33,150-400,3+,29,0.019723707818121484,0.0433913343289277,
marcel,P,2024,babip,31-33,<150,1,1,-0.009581583909331226,0.009581583909331226,
marcel,P,2024,babip,31-33,<150,2,6,0.0258498480750529,0.05109794790725812,
marcel,P,2024,babip,31-33,<150,3+,5,0.012863741646244015,0.025997828498837194,
marcel,P,2024,babip,31-33,>400,2,2,0.0030541197658290535,0.010104155409630697,
marcel,P,2024,babip,31-33,>400,3+,21,0.0026543470302781173,0.027427985525184544,
marcel,P,2024,babip,<=24,150-400,1,3,0.004871729056951945,0.03249882963669207,
marcel,P,2024,babip,<=24,150-400,2,1,0.008007002536002672,0.008007002536002672,
marcel,P,2024,babip,<=24,150-400,3+,3,0.004108900974531227,0.02824659662952634,
marcel,P,2024,babip,<=24,<150,1,7,-0.02111427433887237,0.02988720933498148,
marcel,P,2024,babip,<=24,<150,2,1,0.002429872597689897,0.002429872597689897,
marcel,P,2024,babip,<=24,>400,1,3,-0.005349035539761202,0.013310460749345363,
marcel,P,2024,babip,<=24,>400,2,1,0.0623052033348849,0.0623052033348849,
marcel,P,2024,babip,<=24,>400,3+,1,-0.06351449286313515,0.06351449286313515,
marcel,P,2024,babip,>=34,150-400,1,1,-0.027618526882987215,0.027618526882987215,
marcel,P,2024,babip,>=34,150-400,2,3,0.03208965070147651,0.06572950581294001,
marcel,P,2024,babip,>=34,150-400,3+,17,0.005605978222871071,0.041485329187405204,
marcel,P,2024,babip,>=34,<150,1,1,-0.03924162652057628,0.03924162652057628,
marcel,P,2024,babip,>=34,<150,2,2,0.020000255563463864,0.05530125154096578,
marcel,P,2024,babip,>=34,<150,3+,6,0.01911460343494463,0.03583563667581875,
marcel,P,2024,babip,>=34,>400,2,3,-0.004176068715866259,0.020934632577550648,
marcel,P,2024,babip,>=34,>400,3+,17,0.005912873836733013,0.02574210747721458,
tier2,P,2024,babip,25-27,150-400,1,11,0.0007404325803980327,0.021070879134356013,0.6363636363636364
tier2,P,2024,babip,25-27,150-400,2,19,0.00962011688941812,0.0394884266792981,0.2631578947368421
tier2,P,2024,babip,25-27,150-400,3+,16,0.0007787909937957442,0.030631128610592168,0.25
tier2,P,2024,babip,25-27,<150,1,13,0.002794876116820634,0.04809055024585982,0.15384615384615385
tier2,P,2024,babip,25-27,<150,2,7,0.004684549066776561,0.03974575933395275,0.2857142857142857
tier2,P,2024,babip,25-27,<150,3+,6,-0.008910502316198863,0.03426380611859504,0.0
tier2,P,2024,babip,25-27,>400,1,7,0.006113742088636306,0.03174855866977623,0.14285714285714285
tier2,P,2024,babip,25-27,>400,2,9,-0.015810566814617705,0.026298383866496942,0.3333333333333333
tier2,P,2024,babip,25-27,>400,3+,6,0.00565142030241133,0.02944342110836816,0.5
tier2,P,2024,babip,28-30,150-400,1,3,0.029740040395625826,0.03749354969574786,0.3333333333333333
tier2,P,2024,babip,28-30,150-400,2,8,0.026094217598139263,0.05070396852295918,0.0
tier2,P,2024,babip,28-30,150-400,3+,34,0.0002524801137947616,0.033931471927279945,0.2647058823529412
tier2,P,2024,babip,28-30,<150,1,3,-0.02729255149105869,0.03243142862287978,0.3333333333333333
tier2,P,2024,babip,28-30,<150,2,9,0.010650912195344291,0.054392753681361816,0.2222222222222222
tier2,P,2024,babip,28-30,<150,3+,9,0.00569727241581834,0.034432027473871134,0.3333333333333333
tier2,P,2024,babip,28-30,>400,2,2,0.008791870243432302,0.008947083038496622,1.0
tier2,P,2024,babip,28-30,>400,3+,31,0.011564754998021171,0.02432673108077592,0.4838709677419355
tier2,P,2024,babip,31-33,150-400,1,1,0.03252849703594529,0.03252849703594529,0.0
tier2,P,2024,babip,31-33,150-400,2,4,-0.03172252433443827,0.034925784774245634,0.0
tier2,P,2024,babip,31-33,150-400,3+,29,0.015360091340837882,0.04161191695801085,0.27586206896551724
tier2,P,2024,babip,31-33,<150,1,1,-0.007282790797554672,0.007282790797554672,1.0
tier2,P,2024,babip,31-33,<150,2,6,0.0200300033799534,0.04128937496604232,0.0
tier2,P,2024,babip,31-33,<150,3+,5,0.013179213991497688,0.02453311746906021,0.4
tier2,P,2024,babip,31-33,>400,2,2,0.0033604326420083935,0.008136580361567338,1.0
tier2,P,2024,babip,31-33,>400,3+,21,-0.00015047719837108734,0.025717996442470133,0.3333333333333333
tier2,P,2024,babip,<=24,150-400,1,3,0.01329095136164893,0.033367534188074026,0.3333333333333333
tier2,P,2024,babip,<=24,150-400,2,1,0.001350779805347091,0.001350779805347091,1.0
tier2,P,2024,babip,<=24,150-400,3+,3,0.011973031046822413,0.025246913360208227,0.0
tier2,P,2024,babip,<=24,<150,1,7,-0.01215447071796475,0.02170101513345277,0.2857142857142857
tier2,P,2024,babip,<=24,<150,2,1,0.013577130887396927,0.013577130887396927,1.0
tier2,P,2024,babip,<=24,>400,1,3,-0.004403174712272057,0.005203664958474894,1.0
tier2,P,2024,babip,<=24,>400,2,1,0.05880239312139171,0.05880239312139171,0.0
tier2,P,2024,babip,<=24,>400,3+,1,-0.0628378695554842,0.0628378695554842,0.0
tier2,P,2024,babip,>=34,150-400,1,1,-0.01850787229478834,0.01850787229478834,0.0
tier2,P,2024,babip,>=34,150-400,2,3,0.029566252470076854,0.07076477659125861,0.0
tier2,P,2024,babip,>=34,150-400,3+,17,0.002948853814713343,0.04097583869250098,0.17647058823529413
tier2,P,2024,babip,>=34,<150,1,1,-0.043054591544024856,0.043054591544024856,0.0
tier2,P,2024,babip,>=34,<150,2,2,0.013704394559695014,0.05298641908160288,0.0
tier2,P,2024,babip,>=34,<150,3+,6,0.008803719465968841,0.024639408416682856,0.5
tier2,P,2024,babip,>=34,>400,2,3,-0.00631083271211916,0.026628214822752388,0.0
tier2,P,2024,babip,>=34,>400,3+,17,-0.0008460510475982762,0.025441992130272303,0.47058823529411764
tier3,P,2024,babip,25-27,150-400,1,11,0.0007404325803980327,0.021070879134356013,0.6363636363636364
tier3,P,2024,babip,25-27,150-400,2,19,0.00962011688941812,0.0394884266792981,0.2631578947368421
tier3,P,2024,babip,25-27,150-400,3+,16,0.0007787909937957442,0.030631128610592168,0.25
tier3,P,2024,babip,25-27,<150,1,13,0.002794876116820634,0.04809055024585982,0.15384615384615385
tier3,P,2024,babip,25-27,<150,2,7,0.004684549066776561,0.03974575933395275,0.2857142857142857
tier3,P,2024,babip,25-27,<150,3+,6,-0.008910502316198863,0.03426380611859504,0.0
tier3,P,2024,babip,25-27,>400,1,7,0.006113742088636306,0.03174855866977623,0.14285714285714285
tier3,P,2024,babip,25-27,>400,2,9,-0.015810566814617705,0.026298383866496942,0.3333333333333333
tier3,P,2024,babip,25-27,>400,3+,6,0.00565142030241133,0.02944342110836816,0.5
tier3,P,2024,babip,28-30,150-400,1,3,0.029740040395625826,0.03749354969574786,0.3333333333333333
tier3,P,2024,babip,28-30,150-400,2,8,0.026094217598139263,0.05070396852295918,0.0
tier3,P,2024,babip,28-30,150-400,3+,34,0.0002524801137947616,0.033931471927279945,0.2647058823529412
tier3,P,2024,babip,28-30,<150,1,3,-0.02729255149105869,0.03243142862287978,0.3333333333333333
tier3,P,2024,babip,28-30,<150,2,9,0.010650912195344291,0.054392753681361816,0.2222222222222222
tier3,P,2024,babip,28-30,<150,3+,9,0.00569727241581834,0.034432027473871134,0.3333333333333333
tier3,P,2024,babip,28-30,>400,2,2,0.008791870243432302,0.008947083038496622,1.0
tier3,P,2024,babip,28-30,>400,3+,31,0.011564754998021171,0.02432673108077592,0.4838709677419355
tier3,P,2024,babip,31-33,150-400,1,1,0.03252849703594529,0.03252849703594529,0.0
tier3,P,2024,babip,31-33,150-400,2,4,-0.03172252433443827,0.034925784774245634,0.0
tier3,P,2024,babip,31-33,150-400,3+,29,0.015360091340837882,0.04161191695801085,0.27586206896551724
tier3,P,2024,babip,31-33,<150,1,1,-0.007282790797554672,0.007282790797554672,1.0
tier3,P,2024,babip,31-33,<150,2,6,0.0200300033799534,0.04128937496604232,0.0
tier3,P,2024,babip,31-33,<150,3+,5,0.013179213991497688,0.02453311746906021,0.4
tier3,P,2024,babip,31-33,>400,2,2,0.0033604326420083935,0.008136580361567338,1.0
tier3,P,2024,babip,31-33,>400,3+,21,-0.00015047719837108734,0.025717996442470133,0.3333333333333333
tier3,P,2024,babip,<=24,150-400,1,3,0.01329095136164893,0.033367534188074026,0.3333333333333333
tier3,P,2024,babip,<=24,150-400,2,1,0.001350779805347091,0.001350779805347091,1.0
tier3,P,2024,babip,<=24,150-400,3+,3,0.011973031046822413,0.025246913360208227,0.0
tier3,P,2024,babip,<=24,<150,1,7,-0.01215447071796475,0.02170101513345277,0.2857142857142857
tier3,P,2024,babip,<=24,<150,2,1,0.013577130887396927,0.013577130887396927,1.0
tier3,P,2024,babip,<=24,>400,1,3,-0.004403174712272057,0.005203664958474894,1.0
tier3,P,2024,babip,<=24,>400,2,1,0.05880239312139171,0.05880239312139171,0.0
tier3,P,2024,babip,<=24,>400,3+,1,-0.0628378695554842,0.0628378695554842,0.0
tier3,P,2024,babip,>=34,150-400,1,1,-0.01850787229478834,0.01850787229478834,0.0
tier3,P,2024,babip,>=34,150-400,2,3,0.029566252470076854,0.07076477659125861,0.0
tier3,P,2024,babip,>=34,150-400,3+,17,0.002948853814713343,0.04097583869250098,0.17647058823529413
tier3,P,2024,babip,>=34,<150,1,1,-0.043054591544024856,0.043054591544024856,0.0
tier3,P,2024,babip,>=34,<150,2,2,0.013704394559695014,0.05298641908160288,0.0
tier3,P,2024,babip,>=34,<150,3+,6,0.008803719465968841,0.024639408416682856,0.5
tier3,P,2024,babip,>=34,>400,2,3,-0.00631083271211916,0.026628214822752388,0.0
tier3,P,2024,babip,>=34,>400,3+,17,-0.0008460510475982762,0.025441992130272303,0.47058823529411764
marcel,P,2021,bb_pct,25-27,150-400,1,2,0.008784569824843767,0.013647391194824303,
marcel,P,2021,bb_pct,25-27,150-400,2,12,-0.0035604947954276838,0.020858121371669123,
marcel,P,2021,bb_pct,25-27,150-400,3+,17,0.00867599546124358,0.02111452590190929,
marcel,P,2021,bb_pct,25-27,<150,1,18,0.006201822926381353,0.018113825554648567,
marcel,P,2021,bb_pct,25-27,<150,2,22,0.008572144365920034,0.026059681785252312,
marcel,P,2021,bb_pct,25-27,<150,3+,24,-0.01112375788233331,0.03064024333045077,
marcel,P,2021,bb_pct,28-30,150-400,2,3,-0.01587661380014506,0.016405001414889514,
marcel,P,2021,bb_pct,28-30,150-400,3+,33,0.003952244388968978,0.01957060327391884,
marcel,P,2021,bb_pct,28-30,<150,1,4,-0.025075030628906553,0.03224671887192058,
marcel,P,2021,bb_pct,28-30,<150,2,18,0.0112024400084594,0.01962532381197382,
marcel,P,2021,bb_pct,28-30,<150,3+,40,-0.006752336794627893,0.024233736525192135,
marcel,P,2021,bb_pct,31-33,150-400,1,1,0.0008442322624861026,0.0008442322624861026,
marcel,P,2021,bb_pct,31-33,150-400,3+,21,0.0089637556079408,0.01575245823316826,
marcel,P,2021,bb_pct,31-33,<150,1,1,0.008828592174388875,0.008828592174388875,
marcel,P,2021,bb_pct,31-33,<150,2,9,0.0029919359645830678,0.021293849625327585,
marcel,P,2021,bb_pct,31-33,<150,3+,34,0.003900713286796765,0.022033375492829167,
marcel,P,2021,bb_pct,<=24,150-400,1,3,-0.017928221115334042,0.022756217818157586,
marcel,P,2021,bb_pct,<=24,150-400,2,3,-0.0029251336504398477,0.02529785482996093,
marcel,P,2021,bb_pct,<=24,150-400,3+,2,0.0335047196075419,0.033536417402979364,
marcel,P,2021,bb_pct,<=24,<150,1,14,-0.0015035644815146907,0.021070484904571255,
marcel,P,2021,bb_pct,<=24,<150,2,4,0.005899364597344196,0.01714562628408708,
marcel,P,2021,bb_pct,<=24,<150,3+,2,0.0167950491011523,0.02227666358863416,
marcel,P,2021,bb_pct,>=34,150-400,3+,15,0.008096422262160992,0.013002818047166709,
marcel,P,2021,bb_pct,>=34,<150,1,4,0.016913557345355754,0.031173186476477373,
marcel,P,2021,bb_pct,>=34,<150,2,3,0.0160993852625148,0.024633489930678404,
marcel,P,2021,bb_pct,>=34,<150,3+,20,0.00020444291728317497,0.023788472632681017,
tier2,P,2021,bb_pct,25-27,150-400,1,2,0.006265216487601788,0.008401535533263144,1.0
tier2,P,2021,bb_pct,25-27,150-400,2,12,-0.003966245529980587,0.02076277101637328,0.75
tier2,P,2021,bb_pct,25-27,150-400,3+,17,0.009814399647147429,0.021953808860848446,0.47058823529411764
tier2,P,2021,bb_pct,25-27,<150,1,18,0.007710004255609743,0.016916423898997415,0.8333333333333334
tier2,P,2021,bb_pct,25-27,<150,2,22,0.02095918096025678,0.04040309413885304,0.36363636363636365
tier2,P,2021,bb_pct,25-27,<150,3+,24,-0.003097618639487866,0.026750114999996227,0.5416666666666666
tier2,P,2021,bb_pct,28-30,150-400,2,3,-0.012700971619097034,0.013020977668946089,0.6666666666666666
tier2,P,2021,bb_pct,28-30,150-400,3+,33,0.003444668198602216,0.021822918969341857,0.48484848484848486
tier2,P,2021,bb_pct,28-30,<150,1,4,-0.02071713097094582,0.026393275631428105,0.75
tier2,P,2021,bb_pct,28-30,<150,2,18,0.015858892883689656,0.023940320864651348,0.5
tier2,P,2021,bb_pct,28-30,<150,3+,40,-0.0018589205979530588,0.02332461857370928,0.575
tier2,P,2021,bb_pct,31-33,150-400,1,1,-0.008995068026445258,0.008995068026445258,1.0
tier2,P,2021,bb_pct,31-33,150-400,3+,21,0.006314225349153726,0.015049775293138359,0.6666666666666666
tier2,P,2021,bb_pct,31-33,<150,1,1,-0.0007492362254865326,0.0007492362254865326,1.0
tier2,P,2021,bb_pct,31-33,<150,2,9,0.005396648435119707,0.01810971379764056,0.5555555555555556
tier2,P,2021,bb_pct,31-33,<150,3+,34,0.005167843073578232,0.023024135022877618,0.5588235294117647
tier2,P,2021,bb_pct,<=24,150-400,1,3,-0.021653822428767372,0.026283569708389683,0.6666666666666666
tier2,P,2021,bb_pct,<=24,150-400,2,3,-0.0036333951230660723,0.027835373665781742,0.3333333333333333
tier2,P,2021,bb_pct,<=24,150-400,3+,2,0.04098354519379452,0.04117779331056638,0.0
tier2,P,2021,bb_pct,<=24,<150,1,14,-0.0023953585118272947,0.023608554035771973,0.5714285714285714
tier2,P,2021,bb_pct,<=24,<150,2,4,0.018332410885621285,0.023709651516130595,0.5
tier2,P,2021,bb_pct,<=24,<150,3+,2,0.025150452729849226,0.03313680610212869,0.5
tier2,P,2021,bb_pct,>=34,150-400,3+,15,0.004377595474016855,0.009863102416095736,0.7333333333333333
tier2,P,2021,bb_pct,>=34,<150,1,4,0.012777162535930801,0.03159575526901971,0.5
tier2,P,2021,bb_pct,>=34,<150,2,3,0.013721023898386852,0.024603146819029583,0.6666666666666666
tier2,P,2021,bb_pct,>=34,<150,3+,20,-0.00018015873616085713,0.022147193899818313,0.4
tier3,P,2021,bb_pct,25-27,150-400,1,2,0.006265216487601788,0.008401535533263144,1.0
tier3,P,2021,bb_pct,25-27,150-400,2,12,-0.003966245529980587,0.02076277101637328,0.75
tier3,P,2021,bb_pct,25-27,150-400,3+,17,0.009814399647147429,0.021953808860848446,0.47058823529411764
tier3,P,2021,bb_pct,25-27,<150,1,18,0.007710004255609743,0.016916423898997415,0.8333333333333334
tier3,P,2021,bb_pct,25-27,<150,2,22,0.02095918096025678,0.04040309413885304,0.36363636363636365
tier3,P,2021,bb_pct,25-27,<150,3+,24,-0.003097618639487866,0.026750114999996227,0.5416666666666666
tier3,P,2021,bb_pct,28-30,150-400,2,3,-0.012700971619097034,0.013020977668946089,0.6666666666666666
tier3,P,2021,bb_pct,28-30,150-400,3+,33,0.003444668198602216,0.021822918969341857,0.48484848484848486
tier3,P,2021,bb_pct,28-30,<150,1,4,-0.02071713097094582,0.026393275631428105,0.75
tier3,P,2021,bb_pct,28-30,<150,2,18,0.015858892883689656,0.023940320864651348,0.5
tier3,P,2021,bb_pct,28-30,<150,3+,40,-0.0018589205979530588,0.02332461857370928,0.575
tier3,P,2021,bb_pct,31-33,150-400,1,1,-0.008995068026445258,0.008995068026445258,1.0
tier3,P,2021,bb_pct,31-33,150-400,3+,21,0.006314225349153726,0.015049775293138359,0.6666666666666666
tier3,P,2021,bb_pct,31-33,<150,1,1,-0.0007492362254865326,0.0007492362254865326,1.0
tier3,P,2021,bb_pct,31-33,<150,2,9,0.005396648435119707,0.01810971379764056,0.5555555555555556
tier3,P,2021,bb_pct,31-33,<150,3+,34,0.005167843073578232,0.023024135022877618,0.5588235294117647
tier3,P,2021,bb_pct,<=24,150-400,1,3,-0.021653822428767372,0.026283569708389683,0.6666666666666666
tier3,P,2021,bb_pct,<=24,150-400,2,3,-0.0036333951230660723,0.027835373665781742,0.3333333333333333
tier3,P,2021,bb_pct,<=24,150-400,3+,2,0.04098354519379452,0.04117779331056638,0.0
tier3,P,2021,bb_pct,<=24,<150,1,14,-0.0023953585118272947,0.023608554035771973,0.5714285714285714
tier3,P,2021,bb_pct,<=24,<150,2,4,0.018332410885621285,0.023709651516130595,0.5
tier3,P,2021,bb_pct,<=24,<150,3+,2,0.025150452729849226,0.03313680610212869,0.5
tier3,P,2021,bb_pct,>=34,150-400,3+,15,0.004377595474016855,0.009863102416095736,0.7333333333333333
tier3,P,2021,bb_pct,>=34,<150,1,4,0.012777162535930801,0.03159575526901971,0.5
tier3,P,2021,bb_pct,>=34,<150,2,3,0.013721023898386852,0.024603146819029583,0.6666666666666666
tier3,P,2021,bb_pct,>=34,<150,3+,20,-0.00018015873616085713,0.022147193899818313,0.4
marcel,P,2022,bb_pct,25-27,150-400,1,13,0.003696714650527164,0.01861844016704384,
marcel,P,2022,bb_pct,25-27,150-400,2,12,0.011544775085888637,0.021192080526256037,
marcel,P,2022,bb_pct,25-27,150-400,3+,17,-0.0028281497174592733,0.02194611652922139,
marcel,P,2022,bb_pct,25-27,<150,1,15,-0.005953268950862586,0.022986102022868358,
marcel,P,2022,bb_pct,25-27,<150,2,8,-0.013129367044015659,0.02986333691709236,
marcel,P,2022,bb_pct,25-27,<150,3+,5,0.013032781812653712,0.022739074394410027,
marcel,P,2022,bb_pct,25-27,>400,1,2,0.009393077834140066,0.011836040571639155,
marcel,P,2022,bb_pct,25-27,>400,2,9,0.00642175109734967,0.016681008314570242,
marcel,P,2022,bb_pct,25-27,>400,3+,24,0.0046284044202236216,0.011280609900780522,
marcel,P,2022,bb_pct,28-30,150-400,1,3,0.002533846900637764,0.010944878448464021,
marcel,P,2022,bb_pct,28-30,150-400,2,5,0.009904559383174721,0.022923126253125724,
marcel,P,2022,bb_pct,28-30,150-400,3+,31,0.012819168487441232,0.023518650195623683,
marcel,P,2022,bb_pct,28-30,<150,1,8,0.00316185838544726,0.019789956732391364,
marcel,P,2022,bb_pct,28-30,<150,2,5,0.005543744871151085,0.011991689123661598,
marcel,P,2022,bb_pct,28-30,<150,3+,8,0.00354183712535545,0.02390750501883452,
marcel,P,2022,bb_pct,28-30,>400,2,6,0.005426304127256553,0.02017105744029587,
marcel,P,2022,bb_pct,28-30,>400,3+,30,0.008129724517137317,0.0154149957590677,
marcel,P,2022,bb_pct,31-33,150-400,2,3,0.004895291883161383,0.017755917649992903,
marcel,P,2022,bb_pct,31-33,150-400,3+,23,0.00932305980083351,0.020473189772883926,
marcel,P,2022,bb_pct,31-33,<150,1,1,0.0026265376510106048,0.0026265376510106048,
marcel,P,2022,bb_pct,31-33,<150,2,4,0.006708764608386028,0.020205242390334797,
marcel,P,2022,bb_pct,31-33,<150,3+,3,0.015389850986231414,0.032225258285948036,
marcel,P,2022,bb_pct,31-33,>400,2,1,0.005416107458797476,0.005416107458797476,
marcel,P,2022,bb_pct,31-33,>400,3+,21,0.008866517487260389,0.01829121362015529,
marcel,P,2022,bb_pct,<=24,150-400,1,2,-0.0057951497766913825,0.011680557452215896,
marcel,P,2022,bb_pct,<=24,150-400,2,3,0.025917962683211802,0.02995167305796308,
marcel,P,2022,bb_pct,<=24,150-400,3+,1,0.014031057568638754,0.014031057568638754,
marcel,P,2022,bb_pct,<=24,<150,1,7,-0.013151377493610223,0.017785733396053164,
marcel,P,2022,bb_pct,<=24,<150,2,2,0.031195150439530556,0.03167315562534042,
marcel,P,2022,bb_pct,<=24,>400,1,1,0.018025056789572433,0.018025056789572433,
marcel,P,2022,bb_pct,<=24,>400,2,4,0.0017135656871680059,0.024792079054473413,
marcel,P,2022,bb_pct,<=24,>400,3+,2,0.00944852864381687,0.01223128203501762,
marcel,P,2022,bb_pct,>=34,150-400,1,2,-0.005541476027828123,0.01274872942409254,
marcel,P,2022,bb_pct,>=34,150-400,2,4,0.013514474036639612,0.016117792348235353,
marcel,P,2022,bb_pct,>=34,150-400,3+,19,0.01692127435697502,0.029503708834497024,
marcel,P,2022,bb_pct,>=34,<150,1,1,0.0178497140728454,0.0178497140728454,
marcel,P,2022,bb_pct,>=34,<150,2,3,-0.0012718727094373243,0.03114028373402166,
marcel,P,2022,bb_pct,>=34,<150,3+,4,0.011786665882517994,0.027392748416376216,
marcel,P,2022,bb_pct,>=34,>400,2,1,0.018747054542000416,0.018747054542000416,
marcel,P,2022,bb_pct,>=34,>400,3+,12,0.012902689814215454,0.019227964832530572,
tier2,P,2022,bb_pct,25-27,150-400,1,13,0.0063647823584666,0.02111583285961989,0.6153846153846154
tier2,P,2022,bb_pct,25-27,150-400,2,12,0.01728623043225679,0.02428237226765429,0.6666666666666666
tier2,P,2022,bb_pct,25-27,150-400,3+,17,0.006618641929288298,0.023060439615117934,0.6470588235294118
tier2,P,2022,bb_pct,25-27,<150,1,15,0.001043579631462272,0.02535102789373245,0.7333333333333333
tier2,P,2022,bb_pct,25-27,<150,2,8,0.007772407037576322,0.024266039698997783,0.75
tier2,P,2022,bb_pct,25-27,<150,3+,5,0.0343816582175284,0.045865578588653644,0.4
tier2,P,2022,bb_pct,25-27,>400,1,2,0.006484449231727602,0.010992376281476954,0.5
tier2,P,2022,bb_pct,25-27,>400,2,9,0.011115655945059992,0.01882992744284845,0.6666666666666666
tier2,P,2022,bb_pct,25-27,>400,3+,24,0.004697399042921727,0.011910718901280754,0.7916666666666666
tier2,P,2022,bb_pct,28-30,150-400,1,3,0.005502224048947828,0.009174386707721966,1.0
tier2,P,2022,bb_pct,28-30,150-400,2,5,0.018149275153719484,0.03199811115761345,0.2
tier2,P,2022,bb_pct,28-30,150-400,3+,31,0.01602423402752897,0.02570958611190425,0.4838709677419355
tier2,P,2022,bb_pct,28-30,<150,1,8,0.011858238830507965,0.027022996555656535,0.625
tier2,P,2022,bb_pct,28-30,<150,2,5,0.0006328031707925956,0.004427515794998289,1.0
tier2,P,2022,bb_pct,28-30,<150,3+,8,0.01395494896873308,0.0290847359231632,0.375
tier2,P,2022,bb_pct,28-30,>400,2,6,0.004703451802577153,0.018445469040025052,0.5
tier2,P,2022,bb_pct,28-30,>400,3+,30,0.008439877189351167,0.015462434977666414,0.5333333333333333
tier2,P,2022,bb_pct,31-33,150-400,2,3,-0.005036305799506506,0.009747875797849992,0.6666666666666666
tier2,P,2022,bb_pct,31-33,150-400,3+,23,0.006554226566780629,0.0231500577317934,0.4782608695652174
tier2,P,2022,bb_pct,31-33,<150,1,1,0.03331343509914979,0.03331343509914979,0.0
tier2,P,2022,bb_pct,31-33,<150,2,4,0.004882685530142964,0.014734691446092902,1.0
tier2,P,2022,bb_pct,31-33,<150,3+,3,0.007522439041431922,0.02299173324518271,0.3333333333333333
tier2,P,2022,bb_pct,31-33,>400,2,1,0.0022951168599853744,0.0022951168599853744,1.0
tier2,P,2022,bb_pct,31-33,>400,3+,21,0.005317522468835625,0.016366287591000533,0.47619047619047616
tier2,P,2022,bb_pct,<=24,150-400,1,2,-0.0002895815661301147,0.008838186065939304,1.0
tier2,P,2022,bb_pct,<=24,150-400,2,3,0.03662652569241812,0.040550299965510316,0.3333333333333333
tier2,P,2022,bb_pct,<=24,150-400,3+,1,0.018928854036231672,0.018928854036231672,0.0
tier2,P,2022,bb_pct,<=24,<150,1,7,-0.0011795342319435966,0.015654987124058384,0.8571428571428571
tier2,P,2022,bb_pct,<=24,<150,2,2,0.046614071242909776,0.04875349882639822,0.0
tier2,P,2022,bb_pct,<=24,>400,1,1,0.020809859154836116,0.020809859154836116,0.0
tier2,P,2022,bb_pct,<=24,>400,2,4,0.008502168153610476,0.027466810361256908,0.75
tier2,P,2022,bb_pct,<=24,>400,3+,2,0.015426461129229505,0.017231706636991216,0.5
tier2,P,2022,bb_pct,>=34,150-400,1,2,-0.007615869486734822,0.008519981766495389,1.0
tier2,P,2022,bb_pct,>=34,150-400,2,4,0.010686516952053852,0.011696606169365473,0.75
tier2,P,2022,bb_pct,>=34,150-400,3+,19,0.013755824456254768,0.025153187916352533,0.7894736842105263
tier2,P,2022,bb_pct,>=34,<150,1,1,0.024976079601637627,0.024976079601637627,1.0
tier2,P,2022,bb_pct,>=34,<150,2,3,-0.008182233766253199,0.02460484958907301,0.3333333333333333
tier2,P,2022,bb_pct,>=34,<150,3+,4,0.009641406793404512,0.02489120440476491,0.5
tier2,P,2022,bb_pct,>=34,>400,2,1,0.011896647299389787,0.011896647299389787,1.0
tier2,P,2022,bb_pct,>=34,>400,3+,12,0.008069279658327622,0.016606427236721944,0.4166666666666667
tier3,P,2022,bb_pct,25-27,150-400,1,13,0.0063647823584666,0.02111583285961989,0.6153846153846154
tier3,P,2022,bb_pct,25-27,150-400,2,12,0.01728623043225679,0.02428237226765429,0.6666666666666666
tier3,P,2022,bb_pct,25-27,150-400,3+,17,0.006618641929288298,0.023060439615117934,0.6470588235294118
tier3,P,2022,bb_pct,25-27,<150,1,15,0.001043579631462272,0.02535102789373245,0.7333333333333333
tier3,P,2022,bb_pct,25-27,<150,2,8,0.007772407037576322,0.024266039698997783,0.75
tier3,P,2022,bb_pct,25-27,<150,3+,5,0.0343816582175284,0.045865578588653644,0.4
tier3,P,2022,bb_pct,25-27,>400,1,2,0.006484449231727602,0.010992376281476954,0.5
tier3,P,2022,bb_pct,25-27,>400,2,9,0.011115655945059992,0.01882992744284845,0.6666666666666666
tier3,P,2022,bb_pct,25-27,>400,3+,24,0.004697399042921727,0.011910718901280754,0.7916666666666666
tier3,P,2022,bb_pct,28-30,150-400,1,3,0.005502224048947828,0.009174386707721966,1.0
tier3,P,2022,bb_pct,28-30,150-400,2,5,0.018149275153719484,0.03199811115761345,0.2
tier3,P,2022,bb_pct,28-30,150-400,3+,31,0.01602423402752897,0.02570958611190425,0.4838709677419355
tier3,P,2022,bb_pct,28-30,<150,1,8,0.011858238830507965,0.027022996555656535,0.625
tier3,P,2022,bb_pct,28-30,<150,2,5,0.0006328031707925956,0.004427515794998289,1.0
tier3,P,2022,bb_pct,28-30,<150,3+,8,0.01395494896873308,0.0290847359231632,0.375
tier3,P,2022,bb_pct,28-30,>400,2,6,0.004703451802577153,0.018445469040025052,0.5
tier3,P,2022,bb_pct,28-30,>400,3+,30,0.008439877189351167,0.015462434977666414,0.5333333333333333
tier3,P,2022,bb_pct,31-33,150-400,2,3,-0.005036305799506506,0.009747875797849992,0.6666666666666666
tier3,P,2022,bb_pct,31-33,150-400,3+,23,0.006554226566780629,0.0231500577317934,0.4782608695652174
tier3,P,2022,bb_pct,31-33,<150,1,1,0.03331343509914979,0.03331343509914979,0.0
tier3,P,2022,bb_pct,31-33,<150,2,4,0.004882685530142964,0.014734691446092902,1.0
tier3,P,2022,bb_pct,31-33,<150,3+,3,0.007522439041431922,0.02299173324518271,0.3333333333333333
tier3,P,2022,bb_pct,31-33,>400,2,1,0.0022951168599853744,0.0022951168599853744,1.0
tier3,P,2022,bb_pct,31-33,>400,3+,21,0.005317522468835625,0.016366287591000533,0.47619047619047616
tier3,P,2022,bb_pct,<=24,150-400,1,2,-0.0002895815661301147,0.008838186065939304,1.0
tier3,P,2022,bb_pct,<=24,150-400,2,3,0.03662652569241812,0.040550299965510316,0.3333333333333333
tier3,P,2022,bb_pct,<=24,150-400,3+,1,0.018928854036231672,0.018928854036231672,0.0
tier3,P,2022,bb_pct,<=24,<150,1,7,-0.0011795342319435966,0.015654987124058384,0.8571428571428571
tier3,P,2022,bb_pct,<=24,<150,2,2,0.046614071242909776,0.04875349882639822,0.0
tier3,P,2022,bb_pct,<=24,>400,1,1,0.020809859154836116,0.020809859154836116,0.0
tier3,P,2022,bb_pct,<=24,>400,2,4,0.008502168153610476,0.027466810361256908,0.75
tier3,P,2022,bb_pct,<=24,>400,3+,2,0.015426461129229505,0.017231706636991216,0.5
tier3,P,2022,bb_pct,>=34,150-400,1,2,-0.007615869486734822,0.008519981766495389,1.0
tier3,P,2022,bb_pct,>=34,150-400,2,4,0.010686516952053852,0.011696606169365473,0.75
tier3,P,2022,bb_pct,>=34,150-400,3+,19,0.013755824456254768,0.025153187916352533,0.7894736842105263
tier3,P,2022,bb_pct,>=34,<150,1,1,0.024976079601637627,0.024976079601637627,1.0
tier3,P,2022,bb_pct,>=34,<150,2,3,-0.008182233766253199,0.02460484958907301,0.3333333333333333
tier3,P,2022,bb_pct,>=34,<150,3+,4,0.009641406793404512,0.02489120440476491,0.5
tier3,P,2022,bb_pct,>=34,>400,2,1,0.011896647299389787,0.011896647299389787,1.0
tier3,P,2022,bb_pct,>=34,>400,3+,12,0.008069279658327622,0.016606427236721944,0.4166666666666667
marcel,P,2023,bb_pct,25-27,150-400,1,13,-0.000684736994168061,0.01957104049258679,
marcel,P,2023,bb_pct,25-27,150-400,2,19,-0.0027410095128821677,0.025652955021237163,
marcel,P,2023,bb_pct,25-27,150-400,3+,20,0.004370649024658302,0.0226290151223905,
marcel,P,2023,bb_pct,25-27,<150,1,11,-0.0032786341949050525,0.017175149940224167,
marcel,P,2023,bb_pct,25-27,<150,2,9,-0.003203538285126744,0.020671482894867005,
marcel,P,2023,bb_pct,25-27,<150,3+,2,-0.03168145852816117,0.035554252183782935,
marcel,P,2023,bb_pct,25-27,>400,1,3,0.01331889936329908,0.023561486879538636,
marcel,P,2023,bb_pct,25-27,>400,2,9,-0.007813888439009138,0.03849127402668385,
marcel,P,2023,bb_pct,25-27,>400,3+,16,0.004025928482986057,0.023681796359333165,
marcel,P,2023,bb_pct,28-30,150-400,1,4,-0.02506767990809107,0.026468791663024908,
marcel,P,2023,bb_pct,28-30,150-400,2,9,0.004209995842234009,0.01606369837117857,
marcel,P,2023,bb_pct,28-30,150-400,3+,30,0.0003428784714715716,0.023023280795269923,
marcel,P,2023,bb_pct,28-30,<150,1,3,0.004705426438661233,0.04239160392981326,
marcel,P,2023,bb_pct,28-30,<150,2,5,-0.016329023559979436,0.02235914177548334,
marcel,P,2023,bb_pct,28-30,<150,3+,11,-0.001753126258875799,0.027233930574399868,
marcel,P,2023,bb_pct,28-30,>400,2,4,-0.00030801795616420874,0.009458741419023937,
marcel,P,2023,bb_pct,28-30,>400,3+,32,-0.0036458691824831535,0.015330224875802824,
marcel,P,2023,bb_pct,31-33,150-400,1,3,0.004491276862442115,0.012795046566049408,
marcel,P,2023,bb_pct,31-33,150-400,2,3,0.0018245912041831573,0.007829124486297594,
marcel,P,2023,bb_pct,31-33,150-400,3+,32,0.0009505284731827239,0.019937639016687943,
marcel,P,2023,bb_pct,31-33,<150,1,4,-0.0075068993616294825,0.010529235895966146,
marcel,P,2023,bb_pct,31-33,<150,2,3,0.011635870052789783,0.02781571882027888,
marcel,P,2023,bb_pct,31-33,<150,3+,7,0.007057564995904863,0.027157163448235686,
marcel,P,2023,bb_pct,31-33,>400,1,1,0.0010552188417298214,0.0010552188417298214,
marcel,P,2023,bb_pct,31-33,>400,2,3,-0.006638731631422635,0.013431246694621075,
marcel,P,2023,bb_pct,31-33,>400,3+,18,-0.0006841226221610807,0.0192367228445191,
marcel,P,2023,bb_pct,<=24,150-400,1,4,0.0027929440011640566,0.009412075826414122,
marcel,P,2023,bb_pct,<=24,150-400,2,2,-0.007199459688305069,0.01710003195318154,
marcel,P,2023,bb_pct,<=24,150-400,3+,1,0.020584941695258333,0.020584941695258333,
marcel,P,2023,bb_pct,<=24,<150,1,5,-0.009423534910817412,0.020934210323971067,
marcel,P,2023,bb_pct,<=24,<150,2,2,-0.001042808702353579,0.03042548999759263,
marcel,P,2023,bb_pct,<=24,>400,1,2,-0.016416473658977762,0.016688324294552064,
marcel,P,2023,bb_pct,<=24,>400,2,3,-0.0051687227150035014,0.010910972309851117,
marcel,P,2023,bb_pct,>=34,150-400,2,3,0.012623071907504411,0.027306054727180257,
marcel,P,2023,bb_pct,>=34,150-400,3+,12,-0.01621242092460071,0.03268080424476021,
marcel,P,2023,bb_pct,>=34,<150,2,4,-0.0009891805724098956,0.02322253512255922,
marcel,P,2023,bb_pct,>=34,<150,3+,3,0.00843270347075255,0.011052755972434205,
marcel,P,2023,bb_pct,>=34,>400,2,2,0.0044693606829947635,0.012127223602391931,
marcel,P,2023,bb_pct,>=34,>400,3+,17,-0.008655542290695187,0.01744574566571463,
tier2,P,2023,bb_pct,25-27,150-400,1,13,0.009191119362167122,0.021382292150087603,0.6153846153846154
tier2,P,2023,bb_pct,25-27,150-400,2,19,0.002046754077006457,0.025302543756695432,0.5263157894736842
tier2,P,2023,bb_pct,25-27,150-400,3+,20,0.014042931685516857,0.028220375347475974,0.45
tier2,P,2023,bb_pct,25-27,<150,1,11,0.0027816357530127925,0.01841620697074503,0.8181818181818182
tier2,P,2023,bb_pct,25-27,<150,2,9,0.008852915038838862,0.021488495810981716,0.6666666666666666
tier2,P,2023,bb_pct,25-27,<150,3+,2,-0.012297621914522303,0.012868897230090272,1.0
tier2,P,2023,bb_pct,25-27,>400,1,3,0.014929431261248753,0.02353165701448265,0.3333333333333333
tier2,P,2023,bb_pct,25-27,>400,2,9,-0.002294896428980997,0.03702514364353388,0.1111111111111111
tier2,P,2023,bb_pct,25-27,>400,3+,16,0.007674821380293141,0.02342626097501919,0.625
tier2,P,2023,bb_pct,28-30,150-400,1,4,-0.015310493854744683,0.01848739543739071,0.5
tier2,P,2023,bb_pct,28-30,150-400,2,9,0.014369029437376814,0.020944323354637088,0.5555555555555556
tier2,P,2023,bb_pct,28-30,150-400,3+,30,0.0045837843052190345,0.028165811175132907,0.4
tier2,P,2023,bb_pct,28-30,<150,1,3,0.025850103836541478,0.0537807126810962,0.6666666666666666
tier2,P,2023,bb_pct,28-30,<150,2,5,-0.01319372930333049,0.019359433517378347,0.8
tier2,P,2023,bb_pct,28-30,<150,3+,11,0.006718980793708785,0.02793803336612206,0.45454545454545453
tier2,P,2023,bb_pct,28-30,>400,2,4,-1.5847277936928287e-05,0.0063084904720274336,0.75
tier2,P,2023,bb_pct,28-30,>400,3+,32,-0.0020287780354625003,0.015697726045728038,0.5625
tier2,P,2023,bb_pct,31-33,150-400,1,3,0.006294260034606275,0.014798066270525097,0.6666666666666666
tier2,P,2023,bb_pct,31-33,150-400,2,3,0.008886310683490082,0.010127159369056992,1.0
tier2,P,2023,bb_pct,31-33,150-400,3+,32,-0.0018604175588307664,0.01986365146050319,0.625
tier2,P,2023,bb_pct,31-33,<150,1,4,0.00920221920940776,0.011317998713952136,1.0
tier2,P,2023,bb_pct,31-33,<150,2,3,0.015413339366875813,0.036136021498184165,0.6666666666666666
tier2,P,2023,bb_pct,31-33,<150,3+,7,0.008095512591855926,0.02705992386270953,0.42857142857142855
tier2,P,2023,bb_pct,31-33,>400,1,1,0.002996330591884089,0.002996330591884089,1.0
tier2,P,2023,bb_pct,31-33,>400,2,3,-0.00698274813303109,0.015307161219684538,0.6666666666666666
tier2,P,2023,bb_pct,31-33,>400,3+,18,-0.0007029862938705687,0.022142965862696463,0.3888888888888889
tier2,P,2023,bb_pct,<=24,150-400,1,4,0.015825044535253054,0.0174974238111585,0.75
tier2,P,2023,bb_pct,<=24,150-400,2,2,0.006362941935596155,0.028274355458687384,0.0
tier2,P,2023,bb_pct,<=24,150-400,3+,1,0.010822609154980914,0.010822609154980914,1.0
tier2,P,2023,bb_pct,<=24,<150,1,5,0.007625646791758056,0.02277248062020302,0.6
tier2,P,2023,bb_pct,<=24,<150,2,2,0.015961018648877695,0.04659116522950232,0.0
tier2,P,2023,bb_pct,<=24,>400,1,2,-0.009865810336310588,0.010260152810847972,1.0
tier2,P,2023,bb_pct,<=24,>400,2,3,0.0037573926008811973,0.00892289415123798,1.0
tier2,P,2023,bb_pct,>=34,150-400,2,3,0.02061135687201556,0.03693179033148126,0.0
tier2,P,2023,bb_pct,>=34,150-400,3+,12,-0.008958431793860657,0.02920377610240071,0.8333333333333334
tier2,P,2023,bb_pct,>=34,<150,2,4,-0.00806311119444207,0.02235237168711573,0.75
tier2,P,2023,bb_pct,>=34,<150,3+,3,0.01404723059179412,0.024009673689525373,0.6666666666666666
tier2,P,2023,bb_pct,>=34,>400,2,2,-0.004775940499004937,0.01136310340976528,0.5
tier2,P,2023,bb_pct,>=34,>400,3+,17,-0.011399237874749458,0.018545123139885288,0.29411764705882354
tier3,P,2023,bb_pct,25-27,150-400,1,13,0.009191119362167122,0.021382292150087603,0.6153846153846154
tier3,P,2023,bb_pct,25-27,150-400,2,19,0.002046754077006457,0.025302543756695432,0.5263157894736842
tier3,P,2023,bb_pct,25-27,150-400,3+,20,0.014042931685516857,0.028220375347475974,0.45
tier3,P,2023,bb_pct,25-27,<150,1,11,0.0027816357530127925,0.01841620697074503,0.8181818181818182
tier3,P,2023,bb_pct,25-27,<150,2,9,0.008852915038838862,0.021488495810981716,0.6666666666666666
tier3,P,2023,bb_pct,25-27,<150,3+,2,-0.012297621914522303,0.012868897230090272,1.0
tier3,P,2023,bb_pct,25-27,>400,1,3,0.014929431261248753,0.02353165701448265,0.3333333333333333
tier3,P,2023,bb_pct,25-27,>400,2,9,-0.002294896428980997,0.03702514364353388,0.1111111111111111
tier3,P,2023,bb_pct,25-27,>400,3+,16,0.007674821380293141,0.02342626097501919,0.625
tier3,P,2023,bb_pct,28-30,150-400,1,4,-0.015310493854744683,0.01848739543739071,0.5
tier3,P,2023,bb_pct,28-30,150-400,2,9,0.014369029437376814,0.020944323354637088,0.5555555555555556
tier3,P,2023,bb_pct,28-30,150-400,3+,30,0.0045837843052190345,0.028165811175132907,0.4
tier3,P,2023,bb_pct,28-30,<150,1,3,0.025850103836541478,0.0537807126810962,0.6666666666666666
tier3,P,2023,bb_pct,28-30,<150,2,5,-0.01319372930333049,0.019359433517378347,0.8
tier3,P,2023,bb_pct,28-30,<150,3+,11,0.006718980793708785,0.02793803336612206,0.45454545454545453
tier3,P,2023,bb_pct,28-30,>400,2,4,-1.5847277936928287e-05,0.0063084904720274336,0.75
tier3,P,2023,bb_pct,28-30,>400,3+,32,-0.0020287780354625003,0.015697726045728038,0.5625
tier3,P,2023,bb_pct,31-33,150-400,1,3,0.006294260034606275,0.014798066270525097,0.6666666666666666
tier3,P,2023,bb_pct,31-33,150-400,2,3,0.008886310683490082,0.010127159369056992,1.0
tier3,P,2023,bb_pct,31-33,150-400,3+,32,-0.0018604175588307664,0.01986365146050319,0.625
tier3,P,2023,bb_pct,31-33,<150,1,4,0.00920221920940776,0.011317998713952136,1.0
tier3,P,2023,bb_pct,31-33,<150,2,3,0.015413339366875813,0.036136021498184165,0.6666666666666666
tier3,P,2023,bb_pct,31-33,<150,3+,7,0.008095512591855926,0.02705992386270953,0.42857142857142855
tier3,P,2023,bb_pct,31-33,>400,1,1,0.002996330591884089,0.002996330591884089,1.0
tier3,P,2023,bb_pct,31-33,>400,2,3,-0.00698274813303109,0.015307161219684538,0.6666666666666666
tier3,P,2023,bb_pct,31-33,>400,3+,18,-0.0007029862938705687,0.022142965862696463,0.3888888888888889
tier3,P,2023,bb_pct,<=24,150-400,1,4,0.015825044535253054,0.0174974238111585,0.75
tier3,P,2023,bb_pct,<=24,150-400,2,2,0.006362941935596155,0.028274355458687384,0.0
tier3,P,2023,bb_pct,<=24,150-400,3+,1,0.010822609154980914,0.010822609154980914,1.0
tier3,P,2023,bb_pct,<=24,<150,1,5,0.007625646791758056,0.02277248062020302,0.6
tier3,P,2023,bb_pct,<=24,<150,2,2,0.015961018648877695,0.04659116522950232,0.0
tier3,P,2023,bb_pct,<=24,>400,1,2,-0.009865810336310588,0.010260152810847972,1.0
tier3,P,2023,bb_pct,<=24,>400,2,3,0.0037573926008811973,0.00892289415123798,1.0
tier3,P,2023,bb_pct,>=34,150-400,2,3,0.02061135687201556,0.03693179033148126,0.0
tier3,P,2023,bb_pct,>=34,150-400,3+,12,-0.008958431793860657,0.02920377610240071,0.8333333333333334
tier3,P,2023,bb_pct,>=34,<150,2,4,-0.00806311119444207,0.02235237168711573,0.75
tier3,P,2023,bb_pct,>=34,<150,3+,3,0.01404723059179412,0.024009673689525373,0.6666666666666666
tier3,P,2023,bb_pct,>=34,>400,2,2,-0.004775940499004937,0.01136310340976528,0.5
tier3,P,2023,bb_pct,>=34,>400,3+,17,-0.011399237874749458,0.018545123139885288,0.29411764705882354
marcel,P,2024,bb_pct,25-27,150-400,1,11,0.011857904660471888,0.020730101681754726,
marcel,P,2024,bb_pct,25-27,150-400,2,19,0.0015843107181327662,0.016975580098565923,
marcel,P,2024,bb_pct,25-27,150-400,3+,16,-0.000595564327355112,0.01863953160594989,
marcel,P,2024,bb_pct,25-27,<150,1,13,-0.0012611603329521818,0.02393985549065682,
marcel,P,2024,bb_pct,25-27,<150,2,7,0.013445271429246248,0.033856876473834625,
marcel,P,2024,bb_pct,25-27,<150,3+,6,-0.010353198015800473,0.027616248242148526,
marcel,P,2024,bb_pct,25-27,>400,1,7,0.006746649343765812,0.018913344423856795,
marcel,P,2024,bb_pct,25-27,>400,2,9,0.0012896300651292507,0.013553345497896847,
marcel,P,2024,bb_pct,25-27,>400,3+,6,0.0025578524598434795,0.006461565330570435,
marcel,P,2024,bb_pct,28-30,150-400,1,3,0.023180292329793916,0.03417615767351474,
marcel,P,2024,bb_pct,28-30,150-400,2,8,-0.0063709329756549155,0.018068756104900243,
marcel,P,2024,bb_pct,28-30,150-400,3+,34,0.0004217782345996246,0.017924641408884112,
marcel,P,2024,bb_pct,28-30,<150,1,3,-0.001905318196361491,0.027305982952348762,
marcel,P,2024,bb_pct,28-30,<150,2,9,0.0045615706007629915,0.01903323238558146,
marcel,P,2024,bb_pct,28-30,<150,3+,9,0.01089659311405675,0.018255049077032726,
marcel,P,2024,bb_pct,28-30,>400,2,2,-0.0016148125712051832,0.01122225094138992,
marcel,P,2024,bb_pct,28-30,>400,3+,31,0.0033565692204992888,0.0147868766804838,
marcel,P,2024,bb_pct,31-33,150-400,1,1,-0.0020725648340929326,0.0020725648340929326,
marcel,P,2024,bb_pct,31-33,150-400,2,4,0.008177753699084977,0.010717179646025555,
marcel,P,2024,bb_pct,31-33,150-400,3+,29,0.007879098824240512,0.02336193160287618,
marcel,P,2024,bb_pct,31-33,<150,1,1,-0.008344502081844826,0.008344502081844826,
marcel,P,2024,bb_pct,31-33,<150,2,6,-0.0024256692550944955,0.023481607207999716,
marcel,P,2024,bb_pct,31-33,<150,3+,5,-0.012762284141938127,0.026390209804081393,
marcel,P,2024,bb_pct,31-33,>400,2,2,0.03527361489255458,0.03943893292967021,
marcel,P,2024,bb_pct,31-33,>400,3+,21,0.0038382320057777537,0.016244387642245027,
marcel,P,2024,bb_pct,<=24,150-400,1,3,0.028632723992047367,0.03837334188254825,
marcel,P,2024,bb_pct,<=24,150-400,2,1,0.01512909141874269,0.01512909141874269,
marcel,P,2024,bb_pct,<=24,150-400,3+,3,0.01140406421802089,0.01782334997398936,
marcel,P,2024,bb_pct,<=24,<150,1,7,-0.008340438158445708,0.035231730830051204,
marcel,P,2024,bb_pct,<=24,<150,2,1,-0.0023001408130872286,0.0023001408130872286,
marcel,P,2024,bb_pct,<=24,>400,1,3,0.004378150079710402,0.005765325433615701,
marcel,P,2024,bb_pct,<=24,>400,2,1,-0.006133503347293609,0.006133503347293609,
marcel,P,2024,bb_pct,<=24,>400,3+,1,-0.013016363146301627,0.013016363146301627,
marcel,P,2024,bb_pct,>=34,150-400,1,1,-0.007431207093162334,0.007431207093162334,
marcel,P,2024,bb_pct,>=34,150-400,2,3,-0.008432766023482231,0.016020130878486236,
marcel,P,2024,bb_pct,>=34,150-400,3+,17,0.0006396137501851497,0.019880211330619346,
marcel,P,2024,bb_pct,>=34,<150,1,1,0.031141632476024098,0.031141632476024098,
marcel,P,2024,bb_pct,>=34,<150,2,2,0.019969192049711294,0.02118260487270445,
marcel,P,2024,bb_pct,>=34,<150,3+,6,0.00794907885356783,0.017929849959670667,
marcel,P,2024,bb_pct,>=34,>400,2,3,-0.006635031758899641,0.019018294648666816,
marcel,P,2024,bb_pct,>=34,>400,3+,17,0.0014885480730957542,0.01452901421054505,
tier2,P,2024,bb_pct,25-27,150-400,1,11,0.013264822356717054,0.02134748462324379,0.5454545454545454
tier2,P,2024,bb_pct,25-27,150-400,2,19,0.0058252714285949875,0.018956418403331742,0.6842105263157895
tier2,P,2024,bb_pct,25-27,150-400,3+,16,0.002399090441123284,0.020172203082973322,0.5
tier2,P,2024,bb_pct,25-27,<150,1,13,0.002002427109764348,0.025508840886774707,0.7692307692307693
tier2,P,2024,bb_pct,25-27,<150,2,7,0.028060075961637343,0.04279825994696543,0.42857142857142855
tier2,P,2024,bb_pct,25-27,<150,3+,6,-0.0029684387639724447,0.02805810106581532,0.6666666666666666
tier2,P,2024,bb_pct,25-27,>400,1,7,0.003934087887648512,0.01934882908342599,0.7142857142857143
tier2,P,2024,bb_pct,25-27,>400,2,9,0.001781779742013714,0.012636043066407398,0.7777777777777778
tier2,P,2024,bb_pct,25-27,>400,3+,6,0.0029465788603231504,0.00883360544333937,1.0
tier2,P,2024,bb_pct,28-30,150-400,1,3,0.026764375290108035,0.04014783076385164,0.3333333333333333
tier2,P,2024,bb_pct,28-30,150-400,2,8,-0.0003709215825869255,0.017468992768472604,0.5
tier2,P,2024,bb_pct,28-30,150-400,3+,34,0.0022303919626013424,0.01827911044115069,0.5882352941176471
tier2,P,2024,bb_pct,28-30,<150,1,3,0.0002207918754620966,0.026410727903360142,0.6666666666666666
tier2,P,2024,bb_pct,28-30,<150,2,9,0.012863375076109865,0.026063491901236,0.5555555555555556
tier2,P,2024,bb_pct,28-30,<150,3+,9,0.011839395956489822,0.020170551582139453,0.7777777777777778
tier2,P,2024,bb_pct,28-30,>400,2,2,-0.004528874145323046,0.012041406867683587,0.5
tier2,P,2024,bb_pct,28-30,>400,3+,31,0.0022124699963988604,0.015582162572875041,0.6451612903225806
tier2,P,2024,bb_pct,31-33,150-400,1,1,-0.007087530262706851,0.007087530262706851,1.0
tier2,P,2024,bb_pct,31-33,150-400,2,4,0.0065542491044159636,0.009361244059750444,1.0
tier2,P,2024,bb_pct,31-33,150-400,3+,29,0.009376785186641532,0.025685743482814747,0.4482758620689655
tier2,P,2024,bb_pct,31-33,<150,1,1,-0.010389266258340718,0.010389266258340718,1.0
tier2,P,2024,bb_pct,31-33,<150,2,6,0.0068801662778270704,0.02167580563971831,0.6666666666666666
tier2,P,2024,bb_pct,31-33,<150,3+,5,-0.008486808684916332,0.020759415548814233,0.6
tier2,P,2024,bb_pct,31-33,>400,2,2,0.03163168208704827,0.03829250831616974,0.5
tier2,P,2024,bb_pct,31-33,>400,3+,21,0.0026880844827789382,0.01601016476943081,0.5238095238095238
tier2,P,2024,bb_pct,<=24,150-400,1,3,0.031001767311318033,0.03866729914136922,0.3333333333333333
tier2,P,2024,bb_pct,<=24,150-400,2,1,0.02129635739810941,0.02129635739810941,0.0
tier2,P,2024,bb_pct,<=24,150-400,3+,3,0.015487791030093578,0.023199567195567525,0.6666666666666666
tier2,P,2024,bb_pct,<=24,<150,1,7,-0.0036775078299900957,0.035086774443031196,0.5714285714285714
tier2,P,2024,bb_pct,<=24,<150,2,1,0.014232509261357232,0.014232509261357232,1.0
tier2,P,2024,bb_pct,<=24,>400,1,3,0.0028522710239915466,0.0045717905543180394,1.0
tier2,P,2024,bb_pct,<=24,>400,2,1,-0.0018581792426781152,0.0018581792426781152,1.0
tier2,P,2024,bb_pct,<=24,>400,3+,1,-0.00959526048902043,0.00959526048902043,1.0
tier2,P,2024,bb_pct,>=34,150-400,1,1,-0.014064603711000767,0.014064603711000767,1.0
tier2,P,2024,bb_pct,>=34,150-400,2,3,0.0018972826494378801,0.01608509830136737,0.6666666666666666
tier2,P,2024,bb_pct,>=34,150-400,3+,17,0.0024002684287595753,0.017225549417916177,0.6470588235294118
tier2,P,2024,bb_pct,>=34,<150,1,1,0.03160633364437908,0.03160633364437908,0.0
tier2,P,2024,bb_pct,>=34,<150,2,2,0.03595123716634917,0.037858381197569284,0.0
tier2,P,2024,bb_pct,>=34,<150,3+,6,0.0032861394558222844,0.01884788561103204,0.8333333333333334
tier2,P,2024,bb_pct,>=34,>400,2,3,-0.011648059647081297,0.019134794110256786,0.6666666666666666
tier2,P,2024,bb_pct,>=34,>400,3+,17,-0.0011517317547661882,0.014208331021890888,0.5294117647058824
tier3,P,2024,bb_pct,25-27,150-400,1,11,0.013264822356717054,0.02134748462324379,0.5454545454545454
tier3,P,2024,bb_pct,25-27,150-400,2,19,0.0058252714285949875,0.018956418403331742,0.6842105263157895
tier3,P,2024,bb_pct,25-27,150-400,3+,16,0.002399090441123284,0.020172203082973322,0.5
tier3,P,2024,bb_pct,25-27,<150,1,13,0.002002427109764348,0.025508840886774707,0.7692307692307693
tier3,P,2024,bb_pct,25-27,<150,2,7,0.028060075961637343,0.04279825994696543,0.42857142857142855
tier3,P,2024,bb_pct,25-27,<150,3+,6,-0.0029684387639724447,0.02805810106581532,0.6666666666666666
tier3,P,2024,bb_pct,25-27,>400,1,7,0.003934087887648512,0.01934882908342599,0.7142857142857143
tier3,P,2024,bb_pct,25-27,>400,2,9,0.001781779742013714,0.012636043066407398,0.7777777777777778
tier3,P,2024,bb_pct,25-27,>400,3+,6,0.0029465788603231504,0.00883360544333937,1.0
tier3,P,2024,bb_pct,28-30,150-400,1,3,0.026764375290108035,0.04014783076385164,0.3333333333333333
tier3,P,2024,bb_pct,28-30,150-400,2,8,-0.0003709215825869255,0.017468992768472604,0.5
tier3,P,2024,bb_pct,28-30,150-400,3+,34,0.0022303919626013424,0.01827911044115069,0.5882352941176471
tier3,P,2024,bb_pct,28-30,<150,1,3,0.0002207918754620966,0.026410727903360142,0.6666666666666666
tier3,P,2024,bb_pct,28-30,<150,2,9,0.012863375076109865,0.026063491901236,0.5555555555555556
tier3,P,2024,bb_pct,28-30,<150,3+,9,0.011839395956489822,0.020170551582139453,0.7777777777777778
tier3,P,2024,bb_pct,28-30,>400,2,2,-0.004528874145323046,0.012041406867683587,0.5
tier3,P,2024,bb_pct,28-30,>400,3+,31,0.0022124699963988604,0.015582162572875041,0.6451612903225806
tier3,P,2024,bb_pct,31-33,150-400,1,1,-0.007087530262706851,0.007087530262706851,1.0
tier3,P,2024,bb_pct,31-33,150-400,2,4,0.0065542491044159636,0.009361244059750444,1.0
tier3,P,2024,bb_pct,31-33,150-400,3+,29,0.009376785186641532,0.025685743482814747,0.4482758620689655
tier3,P,2024,bb_pct,31-33,<150,1,1,-0.010389266258340718,0.010389266258340718,1.0
tier3,P,2024,bb_pct,31-33,<150,2,6,0.0068801662778270704,0.02167580563971831,0.6666666666666666
tier3,P,2024,bb_pct,31-33,<150,3+,5,-0.008486808684916332,0.020759415548814233,0.6
tier3,P,2024,bb_pct,31-33,>400,2,2,0.03163168208704827,0.03829250831616974,0.5
tier3,P,2024,bb_pct,31-33,>400,3+,21,0.0026880844827789382,0.01601016476943081,0.5238095238095238
tier3,P,2024,bb_pct,<=24,150-400,1,3,0.031001767311318033,0.03866729914136922,0.3333333333333333
tier3,P,2024,bb_pct,<=24,150-400,2,1,0.02129635739810941,0.02129635739810941,0.0
tier3,P,2024,bb_pct,<=24,150-400,3+,3,0.015487791030093578,0.023199567195567525,0.6666666666666666
tier3,P,2024,bb_pct,<=24,<150,1,7,-0.0036775078299900957,0.035086774443031196,0.5714285714285714
tier3,P,2024,bb_pct,<=24,<150,2,1,0.014232509261357232,0.014232509261357232,1.0
tier3,P,2024,bb_pct,<=24,>400,1,3,0.0028522710239915466,0.0045717905543180394,1.0
tier3,P,2024,bb_pct,<=24,>400,2,1,-0.0018581792426781152,0.0018581792426781152,1.0
tier3,P,2024,bb_pct,<=24,>400,3+,1,-0.00959526048902043,0.00959526048902043,1.0
tier3,P,2024,bb_pct,>=34,150-400,1,1,-0.014064603711000767,0.014064603711000767,1.0
tier3,P,2024,bb_pct,>=34,150-400,2,3,0.0018972826494378801,0.01608509830136737,0.6666666666666666
tier3,P,2024,bb_pct,>=34,150-400,3+,17,0.0024002684287595753,0.017225549417916177,0.6470588235294118
tier3,P,2024,bb_pct,>=34,<150,1,1,0.03160633364437908,0.03160633364437908,0.0
tier3,P,2024,bb_pct,>=34,<150,2,2,0.03595123716634917,0.037858381197569284,0.0
tier3,P,2024,bb_pct,>=34,<150,3+,6,0.0032861394558222844,0.01884788561103204,0.8333333333333334
tier3,P,2024,bb_pct,>=34,>400,2,3,-0.011648059647081297,0.019134794110256786,0.6666666666666666
tier3,P,2024,bb_pct,>=34,>400,3+,17,-0.0011517317547661882,0.014208331021890888,0.5294117647058824
marcel,P,2021,fip,25-27,150-400,1,2,-0.7602132226337645,0.7921685110945145,
marcel,P,2021,fip,25-27,150-400,2,12,-0.101191314482992,0.8902556279224995,
marcel,P,2021,fip,25-27,150-400,3+,17,0.33388381869724093,0.8136756041256634,
marcel,P,2021,fip,25-27,<150,1,18,-0.024339253159782873,0.940433619251854,
marcel,P,2021,fip,25-27,<150,2,22,0.15890287540461145,0.5560095926443759,
marcel,P,2021,fip,25-27,<150,3+,24,0.39363992795024016,0.8561064864008004,
marcel,P,2021,fip,28-30,150-400,2,3,-0.17709419915537938,0.37921193831463984,
marcel,P,2021,fip,28-30,150-400,3+,33,0.02338012406040155,0.5997777410267983,
marcel,P,2021,fip,28-30,<150,1,4,0.4120625594979256,0.5751559961103673,
marcel,P,2021,fip,28-30,<150,2,18,0.42426552016608793,0.7458273833066338,
marcel,P,2021,fip,28-30,<150,3+,40,0.1865514727193337,0.8441079389239761,
marcel,P,2021,fip,31-33,150-400,1,1,-0.04973899162991646,0.04973899162991646,
marcel,P,2021,fip,31-33,150-400,3+,21,0.1691697274169386,0.9938771840455275,
marcel,P,2021,fip,31-33,<150,1,1,1.0702983704910647,1.0702983704910647,
marcel,P,2021,fip,31-33,<150,2,9,-0.004449136570975093,0.6056119666300704,
marcel,P,2021,fip,31-33,<150,3+,34,0.4373615751049586,0.817349870210771,
marcel,P,2021,fip,<=24,150-400,1,3,-0.23763130493457854,0.5199127813633574,
marcel,P,2021,fip,<=24,150-400,2,3,0.27530152314393885,1.1776248750010263,
marcel,P,2021,fip,<=24,150-400,3+,2,-0.09557481951924979,0.8858294876854633,
marcel,P,2021,fip,<=24,<150,1,14,0.18688151352219667,0.8135897175681764,
marcel,P,2021,fip,<=24,<150,2,4,0.3633986966031829,0.983196274757431,
marcel,P,2021,fip,<=24,<150,3+,2,-0.6669608228862385,0.7540549810189109,
marcel,P,2021,fip,>=34,150-400,3+,15,-0.10738047793690945,0.6777400088636056,
marcel,P,2021,fip,>=34,<150,1,4,0.1546116723968472,0.30605186797578066,
marcel,P,2021,fip,>=34,<150,2,3,0.790680956010599,1.1689390600052108,
marcel,P,2021,fip,>=34,<150,3+,20,0.1289936362008065,0.6885770352439241,
tier2,P,2021,fip,25-27,150-400,1,2,-0.6727604960988102,0.7756790293402595,0.5
tier2,P,2021,fip,25-27,150-400,2,12,-0.11301749862267006,0.9420922054063362,0.3333333333333333
tier2,P,2021,fip,25-27,150-400,3+,17,0.2966631483798479,0.7174890005505018,0.47058823529411764
tier2,P,2021,fip,25-27,<150,1,18,0.04567783841282477,0.9050858230665615,0.5
tier2,P,2021,fip,25-27,<150,2,22,0.3551546937781571,0.8753231043069074,0.6818181818181818
tier2,P,2021,fip,25-27,<150,3+,24,0.26851297643677824,0.862520826489653,0.4166666666666667
tier2,P,2021,fip,28-30,150-400,2,3,-0.2195412226996766,0.4288489279583353,0.6666666666666666
tier2,P,2021,fip,28-30,150-400,3+,33,0.05959941947488396,0.6060813922859654,0.6363636363636364
tier2,P,2021,fip,28-30,<150,1,4,0.384660714093202,0.573057775249507,1.0
tier2,P,2021,fip,28-30,<150,2,18,0.49653292865589327,0.750498834118754,0.5
tier2,P,2021,fip,28-30,<150,3+,40,0.23911529302891013,0.8318817694472495,0.6
tier2,P,2021,fip,31-33,150-400,1,1,0.20166254238619263,0.20166254238619263,1.0
tier2,P,2021,fip,31-33,150-400,3+,21,0.3091718962225603,0.999518258837634,0.2857142857142857
tier2,P,2021,fip,31-33,<150,1,1,0.6891216891944527,0.6891216891944527,1.0
tier2,P,2021,fip,31-33,<150,2,9,0.10981819741688464,0.7927372882833761,0.6666666666666666
tier2,P,2021,fip,31-33,<150,3+,34,0.3455241273321189,0.8357858275191226,0.5882352941176471
tier2,P,2021,fip,<=24,150-400,1,3,-0.28255013174835253,0.5066450434928871,0.6666666666666666
tier2,P,2021,fip,<=24,150-400,2,3,0.32086030207637223,1.3236427475279946,0.3333333333333333
tier2,P,2021,fip,<=24,150-400,3+,2,0.0972914606591434,0.6562019115445218,0.0
tier2,P,2021,fip,<=24,<150,1,14,0.1576636983584919,0.8738721109611802,0.5714285714285714
tier2,P,2021,fip,<=24,<150,2,4,0.6151861025923121,0.9470744268980954,0.0
tier2,P,2021,fip,<=24,<150,3+,2,-0.4577881179382999,0.536579340284953,0.5
tier2,P,2021,fip,>=34,150-400,3+,15,0.038634849937948273,0.6444326225367862,0.4666666666666667
tier2,P,2021,fip,>=34,<150,1,4,0.5274645531866016,0.5879086379988844,1.0
tier2,P,2021,fip,>=34,<150,2,3,0.9754455951323174,1.3366947425661357,0.3333333333333333
tier2,P,2021,fip,>=34,<150,3+,20,0.3565342756601194,0.793188572865983,0.6
tier3,P,2021,fip,25-27,150-400,1,2,-0.6312874032255475,0.7383814634266084,0.5
tier3,P,2021,fip,25-27,150-400,2,12,0.032237074645346656,1.0461371581838141,0.25
tier3,P,2021,fip,25-27,150-400,3+,17,0.17556201928143747,0.7161237647172803,0.5882352941176471
tier3,P,2021,fip,25-27,<150,1,18,0.12129459207189677,0.9608624043766738,0.5555555555555556
tier3,P,2021,fip,25-27,<150,2,22,0.339199563260646,0.9098462216787392,0.6818181818181818
tier3,P,2021,fip,25-27,<150,3+,24,0.3670737265367507,0.9062898193506531,0.625
tier3,P,2021,fip,28-30,150-400,2,3,-0.17910474676521182,0.35968096816693235,0.6666666666666666
tier3,P,2021,fip,28-30,150-400,3+,33,0.09640156273808403,0.6950437797593523,0.6363636363636364
tier3,P,2021,fip,28-30,<150,1,4,0.27906916491048317,0.5855070988526857,1.0
tier3,P,2021,fip,28-30,<150,2,18,0.512884132224808,0.8624428139610425,0.5555555555555556
tier3,P,2021,fip,28-30,<150,3+,40,0.31218728354687786,0.8867250384464727,0.625
tier3,P,2021,fip,31-33,150-400,1,1,0.07378689143544825,0.07378689143544825,1.0
tier3,P,2021,fip,31-33,150-400,3+,21,0.3788508533049444,1.1007883199649715,0.2857142857142857
tier3,P,2021,fip,31-33,<150,1,1,0.7710000654787121,0.7710000654787121,1.0
tier3,P,2021,fip,31-33,<150,2,9,0.37793573098753286,0.9462629858456466,0.6666666666666666
tier3,P,2021,fip,31-33,<150,3+,34,0.4084868091339398,0.9589552723063288,0.5882352941176471
tier3,P,2021,fip,<=24,150-400,1,3,-0.36078812632900226,0.4790656550733577,0.6666666666666666
tier3,P,2021,fip,<=24,150-400,2,3,0.2667348947755534,1.2303912024730552,0.3333333333333333
tier3,P,2021,fip,<=24,150-400,3+,2,-0.04067820910923792,0.7028374694253731,0.0
tier3,P,2021,fip,<=24,<150,1,14,0.2484989806473348,0.8508173266015562,0.5714285714285714
tier3,P,2021,fip,<=24,<150,2,4,0.7698685621899155,1.1594742167037284,0.0
tier3,P,2021,fip,<=24,<150,3+,2,-0.20396067408622526,0.20994497293935444,1.0
tier3,P,2021,fip,>=34,150-400,3+,15,0.015767584533542878,0.7210909306016727,0.3333333333333333
tier3,P,2021,fip,>=34,<150,1,4,0.6593501385734903,0.8431823040625123,0.75
tier3,P,2021,fip,>=34,<150,2,3,1.6865101382510432,2.1614218180074034,0.3333333333333333
tier3,P,2021,fip,>=34,<150,3+,20,0.2763025638639209,0.7137318870377517,0.55
marcel,P,2022,fip,25-27,150-400,1,13,0.4815025935785628,1.09778836289865,
marcel,P,2022,fip,25-27,150-400,2,12,0.34388476238665966,0.9463721255066312,
marcel,P,2022,fip,25-27,150-400,3+,17,0.8811022005810254,1.3029669823884278,
marcel,P,2022,fip,25-27,<150,1,15,-0.2415389352648931,0.9689781441316416,
marcel,P,2022,fip,25-27,<150,2,8,0.3556713851065463,0.8638274619842025,
marcel,P,2022,fip,25-27,<150,3+,5,0.6499813954585221,1.1679699153308498,
marcel,P,2022,fip,25-27,>400,1,2,0.3936296215236254,0.40662583857951273,
marcel,P,2022,fip,25-27,>400,2,9,0.42386741171642106,0.8638620838012221,
marcel,P,2022,fip,25-27,>400,3+,24,-0.03193152667959489,0.4986359887309558,
marcel,P,2022,fip,28-30,150-400,1,3,-0.20197087154846122,0.7537705495420571,
marcel,P,2022,fip,28-30,150-400,2,5,0.14391877527705538,0.48664171032849934,
marcel,P,2022,fip,28-30,150-400,3+,31,0.413769372099751,0.9896004164843354,
marcel,P,2022,fip,28-30,<150,1,8,0.31120409807679317,0.7659783963849186,
marcel,P,2022,fip,28-30,<150,2,5,0.34515171488379126,0.5472278273404185,
marcel,P,2022,fip,28-30,<150,3+,8,0.7045179383769422,1.132843508045089,
marcel,P,2022,fip,28-30,>400,2,6,-0.004161823298118039,0.49032178508014795,
marcel,P,2022,fip,28-30,>400,3+,30,0.21900529037151606,0.6087851518640239,
marcel,P,2022,fip,31-33,150-400,2,3,0.7131565779345063,0.9124851467146379,
marcel,P,2022,fip,31-33,150-400,3+,23,0.5166519532245241,0.7705087615005444,
marcel,P,2022,fip,31-33,<150,1,1,-0.643130086193664,0.643130086193664,
marcel,P,2022,fip,31-33,<150,2,4,-0.30750855237622626,0.7813416057561111,
marcel,P,2022,fip,31-33,<150,3+,3,0.3530877514663458,1.0006704596213125,
marcel,P,2022,fip,31-33,>400,2,1,-0.07493188257624617,0.07493188257624617,
marcel,P,2022,fip,31-33,>400,3+,21,0.2843184742440003,0.7521749494241506,
marcel,P,2022,fip,<=24,150-400,1,2,-0.6703145666314169,0.9509657008875954,
marcel,P,2022,fip,<=24,150-400,2,3,0.8373894184328596,0.8709924849274342,
marcel,P,2022,fip,<=24,150-400,3+,1,-0.4089829849195237,0.4089829849195237,
marcel,P,2022,fip,<=24,<150,1,7,0.3821617296898879,1.1028455701416333,
marcel,P,2022,fip,<=24,<150,2,2,1.1303287794847523,1.5237137540901358,
marcel,P,2022,fip,<=24,>400,1,1,0.40330734271678503,0.40330734271678503,
marcel,P,2022,fip,<=24,>400,2,4,-0.21024389838806873,0.6803684560862434,
marcel,P,2022,fip,<=24,>400,3+,2,0.8191061938243088,0.9051282490705674,
marcel,P,2022,fip,>=34,150-400,1,2,0.5336506923074761,0.5532538621648466,
marcel,P,2022,fip,>=34,150-400,2,4,1.1863014372019316,1.2086553493672183,
marcel,P,2022,fip,>=34,150-400,3+,19,0.44492471330316974,0.8054745117022329,
marcel,P,2022,fip,>=34,<150,1,1,0.4931029596603205,0.4931029596603205,
marcel,P,2022,fip,>=34,<150,2,3,0.6965034918950771,1.2718026881771018,
marcel,P,2022,fip,>=34,<150,3+,4,1.0291464374408241,1.0912462949268196,
marcel,P,2022,fip,>=34,>400,2,1,-0.5518180309822975,0.5518180309822975,
marcel,P,2022,fip,>=34,>400,3+,12,0.09040342588779002,0.6636914829702639,
tier2,P,2022,fip,25-27,150-400,1,13,0.617784080493814,1.240177672876687,0.23076923076923078
tier2,P,2022,fip,25-27,150-400,2,12,0.5795475776235813,0.9889149682698405,0.4166666666666667
tier2,P,2022,fip,25-27,150-400,3+,17,1.0564310103517782,1.418375599077618,0.11764705882352941
tier2,P,2022,fip,25-27,<150,1,15,0.14253808171574178,1.0307176072763335,0.6
tier2,P,2022,fip,25-27,<150,2,8,0.6423256290793731,1.0453524235889313,0.5
tier2,P,2022,fip,25-27,<150,3+,5,1.091937982402267,1.5892274715173587,0.2
tier2,P,2022,fip,25-27,>400,1,2,0.4286557915863353,0.43653037131416744,0.5
tier2,P,2022,fip,25-27,>400,2,9,0.6198008882827638,0.8654253543743534,0.3333333333333333
tier2,P,2022,fip,25-27,>400,3+,24,0.03197793611945985,0.49736315362501965,0.5
tier2,P,2022,fip,28-30,150-400,1,3,0.3484593043664217,0.9568008031853162,0.3333333333333333
tier2,P,2022,fip,28-30,150-400,2,5,0.3255522401606797,0.5736914344546584,0.4
tier2,P,2022,fip,28-30,150-400,3+,31,0.46838024727276334,0.992139291524152,0.45161290322580644
tier2,P,2022,fip,28-30,<150,1,8,0.45250986335419424,0.961514892289351,0.625
tier2,P,2022,fip,28-30,<150,2,5,0.0775359322147444,0.8456138575902649,0.8
tier2,P,2022,fip,28-30,<150,3+,8,0.8393960846000028,1.1978624166880625,0.5
tier2,P,2022,fip,28-30,>400,2,6,0.007604660131043439,0.43881779642855623,0.6666666666666666
tier2,P,2022,fip,28-30,>400,3+,30,0.29121298764815146,0.6538606046813376,0.4666666666666667
tier2,P,2022,fip,31-33,150-400,2,3,0.8312728399808822,1.1427584110670765,0.3333333333333333
tier2,P,2022,fip,31-33,150-400,3+,23,0.39929397021917795,0.8322859810812758,0.391304347826087
tier2,P,2022,fip,31-33,<150,1,1,1.1347850399763315,1.1347850399763315,0.0
tier2,P,2022,fip,31-33,<150,2,4,-0.4515097455955507,0.7726095196174079,0.75
tier2,P,2022,fip,31-33,<150,3+,3,0.7706753324902043,1.0249491346075268,0.3333333333333333
tier2,P,2022,fip,31-33,>400,2,1,-0.01911609396514935,0.01911609396514935,1.0
tier2,P,2022,fip,31-33,>400,3+,21,0.36488833228627804,0.784986091924753,0.3333333333333333
tier2,P,2022,fip,<=24,150-400,1,2,-0.5105983468794268,1.1026530154613206,0.0
tier2,P,2022,fip,<=24,150-400,2,3,1.2194933059940833,1.2207014498793598,0.0
tier2,P,2022,fip,<=24,150-400,3+,1,0.08873665220485982,0.08873665220485982,1.0
tier2,P,2022,fip,<=24,<150,1,7,0.641686051340112,1.346830472564589,0.7142857142857143
tier2,P,2022,fip,<=24,<150,2,2,1.2826048798735308,1.4593413396457795,0.5
tier2,P,2022,fip,<=24,>400,1,1,0.5007408296728522,0.5007408296728522,0.0
tier2,P,2022,fip,<=24,>400,2,4,-0.08306119165250991,0.6200608877037622,0.5
tier2,P,2022,fip,<=24,>400,3+,2,1.132291850666846,1.143286780586917,0.0
tier2,P,2022,fip,>=34,150-400,1,2,0.6199799299098602,0.6768192979253354,0.5
tier2,P,2022,fip,>=34,150-400,2,4,1.1270827897708802,1.1782892087961254,0.0
tier2,P,2022,fip,>=34,150-400,3+,19,0.5070619475931838,0.8801289361757716,0.5263157894736842
tier2,P,2022,fip,>=34,<150,1,1,0.7462012655909298,0.7462012655909298,1.0
tier2,P,2022,fip,>=34,<150,2,3,0.5278759904238514,0.8482835579880782,0.6666666666666666
tier2,P,2022,fip,>=34,<150,3+,4,0.9230299300380858,0.9755822859704346,0.25
tier2,P,2022,fip,>=34,>400,2,1,-0.08626259692575555,0.08626259692575555,1.0
tier2,P,2022,fip,>=34,>400,3+,12,0.18724405803136468,0.672100965528481,0.25
tier3,P,2022,fip,25-27,150-400,1,13,0.7483763333826425,1.3610224897541443,0.3076923076923077
tier3,P,2022,fip,25-27,150-400,2,12,0.6853473213054699,1.2033275707467779,0.5
tier3,P,2022,fip,25-27,150-400,3+,17,0.901484074512847,1.2885223827630665,0.29411764705882354
tier3,P,2022,fip,25-27,<150,1,15,0.2189752317559851,1.0547825160748863,0.6666666666666666
tier3,P,2022,fip,25-27,<150,2,8,0.6273617906048543,1.01094118029821,0.625
tier3,P,2022,fip,25-27,<150,3+,5,1.218097533074318,1.8718592804367744,0.2
tier3,P,2022,fip,25-27,>400,1,2,0.5996723553485724,0.6265810326147754,0.5
tier3,P,2022,fip,25-27,>400,2,9,0.6205299989648099,0.9708805734318383,0.4444444444444444
tier3,P,2022,fip,25-27,>400,3+,24,-0.018240299543582632,0.5832994204414024,0.5
tier3,P,2022,fip,28-30,150-400,1,3,0.3797782723398137,1.1278510331133658,0.3333333333333333
tier3,P,2022,fip,28-30,150-400,2,5,0.391652676786379,0.48216256661904705,0.4
tier3,P,2022,fip,28-30,150-400,3+,31,0.5119293166776759,1.062712264900213,0.3548387096774194
tier3,P,2022,fip,28-30,<150,1,8,0.5603956029829835,0.9706067964928603,0.75
tier3,P,2022,fip,28-30,<150,2,5,0.1758972087884307,1.0809250445196195,0.8
tier3,P,2022,fip,28-30,<150,3+,8,0.72618386282378,1.1732265926396659,0.5
tier3,P,2022,fip,28-30,>400,2,6,0.1186733989464753,0.5211449641108687,0.6666666666666666
tier3,P,2022,fip,28-30,>400,3+,30,0.3508994648965536,0.6578121978942435,0.43333333333333335
tier3,P,2022,fip,31-33,150-400,2,3,0.8840075355279411,1.218370279264216,0.6666666666666666
tier3,P,2022,fip,31-33,150-400,3+,23,0.4667037788774692,0.9017206898549629,0.4782608695652174
tier3,P,2022,fip,31-33,<150,1,1,0.7241217394990445,0.7241217394990445,1.0
tier3,P,2022,fip,31-33,<150,2,4,-0.3050065242166321,0.8029302814750265,0.75
tier3,P,2022,fip,31-33,<150,3+,3,0.9063038310475985,1.5448201365965715,0.0
tier3,P,2022,fip,31-33,>400,2,1,-0.023937092294235462,0.023937092294235462,1.0
tier3,P,2022,fip,31-33,>400,3+,21,0.40497675715543135,0.8559805370533009,0.38095238095238093
tier3,P,2022,fip,<=24,150-400,1,2,-0.21878488425485643,0.7809792385647089,0.5
tier3,P,2022,fip,<=24,150-400,2,3,1.0762135005862892,1.0984492467442408,0.0
tier3,P,2022,fip,<=24,150-400,3+,1,0.5308484262130975,0.5308484262130975,1.0
tier3,P,2022,fip,<=24,<150,1,7,0.7570575569273671,1.4405142526272137,0.7142857142857143
tier3,P,2022,fip,<=24,<150,2,2,1.5527299128566057,1.63997317366021,0.0
tier3,P,2022,fip,<=24,>400,1,1,0.2822753110132332,0.2822753110132332,1.0
tier3,P,2022,fip,<=24,>400,2,4,-0.023638616960725445,0.7755112122771245,0.5
tier3,P,2022,fip,<=24,>400,3+,2,1.0999268935420343,1.1722881130155425,0.0
tier3,P,2022,fip,>=34,150-400,1,2,0.5506813781762114,0.550813197959408,0.5
tier3,P,2022,fip,>=34,150-400,2,4,1.0273862899045871,1.1677969861796198,0.25
tier3,P,2022,fip,>=34,150-400,3+,19,0.403577125967652,0.7889564234559512,0.631578947368421
tier3,P,2022,fip,>=34,<150,1,1,1.4699475850803063,1.4699475850803063,0.0
tier3,P,2022,fip,>=34,<150,2,3,0.6380742091269254,0.9640672669238735,0.6666666666666666
tier3,P,2022,fip,>=34,<150,3+,4,0.9722715095214736,1.0224797153011833,0.5
tier3,P,2022,fip,>=34,>400,2,1,0.4655573907112487,0.4655573907112487,1.0
tier3,P,2022,fip,>=34,>400,3+,12,0.12428057406050462,0.6428001906642126,0.25
marcel,P,2023,fip,25-27,150-400,1,13,-0.011159055562959479,0.7893933211656267,
marcel,P,2023,fip,25-27,150-400,2,19,0.0729389615661118,0.6980130285992637,
marcel,P,2023,fip,25-27,150-400,3+,20,-0.21789885390148622,0.6802610320036048,
marcel,P,2023,fip,25-27,<150,1,11,-0.8513830080267744,1.1416548849884836,
marcel,P,2023,fip,25-27,<150,2,9,-0.29930866051762933,0.9094757753385927,
marcel,P,2023,fip,25-27,<150,3+,2,-0.44996255274723357,0.5125779903129034,
marcel,P,2023,fip,25-27,>400,1,3,0.04380449674786502,0.7578712874428742,
marcel,P,2023,fip,25-27,>400,2,9,-0.41222967874690614,1.1401316490823767,
marcel,P,2023,fip,25-27,>400,3+,16,-0.08724566568335936,0.5998347303226897,
marcel,P,2023,fip,28-30,150-400,1,4,0.44295928513231153,1.0064304221838374,
marcel,P,2023,fip,28-30,150-400,2,9,0.2302147997292524,0.7793785086958442,
marcel,P,2023,fip,28-30,150-400,3+,30,0.1795540554473806,0.8767908496709065,
marcel,P,2023,fip,28-30,<150,1,3,-0.3635362641521824,1.496071611985347,
marcel,P,2023,fip,28-30,<150,2,5,-0.023011380721726548,1.017312951249325,
marcel,P,2023,fip,28-30,<150,3+,11,0.41761119860997986,0.6987323722192816,
marcel,P,2023,fip,28-30,>400,2,4,-1.687037045857204,1.7828784816680896,
marcel,P,2023,fip,28-30,>400,3+,32,-0.34103093061515805,0.8035729726727007,
marcel,P,2023,fip,31-33,150-400,1,3,-0.6781581502740798,1.0729971580276878,
marcel,P,2023,fip,31-33,150-400,2,3,0.9476042491839418,1.1058649582113633,
marcel,P,2023,fip,31-33,150-400,3+,32,-0.05360568555741074,0.8535745149680192,
marcel,P,2023,fip,31-33,<150,1,4,0.49521656809957176,0.7396921537718065,
marcel,P,2023,fip,31-33,<150,2,3,-0.28318643190948956,0.31428547789732375,
marcel,P,2023,fip,31-33,<150,3+,7,0.5202165510007768,0.7847378813811459,
marcel,P,2023,fip,31-33,>400,1,1,0.46511553173557907,0.46511553173557907,
marcel,P,2023,fip,31-33,>400,2,3,0.09566982109653918,0.3539780280522026,
marcel,P,2023,fip,31-33,>400,3+,18,-0.09830643201785338,0.6969068357627073,
marcel,P,2023,fip,<=24,150-400,1,4,-0.7087243780643062,0.7756727158479161,
marcel,P,2023,fip,<=24,150-400,2,2,0.0749183881664901,0.49391722955049217,
marcel,P,2023,fip,<=24,150-400,3+,1,0.5913282420592418,0.5913282420592418,
marcel,P,2023,fip,<=24,<150,1,5,-0.6548373430109349,0.9438162781556473,
marcel,P,2023,fip,<=24,<150,2,2,0.22147248814047837,1.5250507780300735,
marcel,P,2023,fip,<=24,>400,1,2,-0.2814979875975211,0.3791578912908291,
marcel,P,2023,fip,<=24,>400,2,3,-0.26700592996312894,0.4435548758718519,
marcel,P,2023,fip,>=34,150-400,2,3,0.14732978789123416,0.6137574996048233,
marcel,P,2023,fip,>=34,150-400,3+,12,-0.06240376504785258,0.8711736346790037,
marcel,P,2023,fip,>=34,<150,2,4,0.06696500609530974,0.21263680066652368,
marcel,P,2023,fip,>=34,<150,3+,3,-0.5969795165292656,0.6287793498684532,
marcel,P,2023,fip,>=34,>400,2,2,-0.29122132994733885,0.3724933644941161,
marcel,P,2023,fip,>=34,>400,3+,17,-0.6177129150249042,1.0281628872288495,
tier2,P,2023,fip,25-27,150-400,1,13,0.36458117086981484,0.9303361718941265,0.46153846153846156
tier2,P,2023,fip,25-27,150-400,2,19,0.18582907154773246,0.782153524541053,0.42105263157894735
tier2,P,2023,fip,25-27,150-400,3+,20,0.034242465130466054,0.6032712685472735,0.65
tier2,P,2023,fip,25-27,<150,1,11,-0.4236231856532593,0.9220838501614789,0.36363636363636365
tier2,P,2023,fip,25-27,<150,2,9,0.09747814862163748,0.8818929786407328,0.5555555555555556
tier2,P,2023,fip,25-27,<150,3+,2,-0.10335432109998025,0.3209557949622117,1.0
tier2,P,2023,fip,25-27,>400,1,3,0.45020638969722343,0.7537844790392574,0.6666666666666666
tier2,P,2023,fip,25-27,>400,2,9,-0.2220110252695252,1.058727220637326,0.3333333333333333
tier2,P,2023,fip,25-27,>400,3+,16,0.04563274538353913,0.668796213779313,0.375
tier2,P,2023,fip,28-30,150-400,1,4,0.5649877045486151,0.8359040862323739,0.5
tier2,P,2023,fip,28-30,150-400,2,9,0.4558121547087416,0.8576024890171593,0.4444444444444444
tier2,P,2023,fip,28-30,150-400,3+,30,0.21718856934905165,0.8948515613639567,0.5666666666666667
tier2,P,2023,fip,28-30,<150,1,3,0.06404227631791759,1.4843286619013698,0.3333333333333333
tier2,P,2023,fip,28-30,<150,2,5,0.32473378921710555,1.3547604536072653,0.4
tier2,P,2023,fip,28-30,<150,3+,11,0.33028280380055464,0.6634615907271614,0.7272727272727273
tier2,P,2023,fip,28-30,>400,2,4,-1.5630061593463112,1.754837292578404,0.25
tier2,P,2023,fip,28-30,>400,3+,32,-0.22179083116399267,0.8063566505192564,0.375
tier2,P,2023,fip,31-33,150-400,1,3,-0.17857378993658846,0.7098666964221565,0.3333333333333333
tier2,P,2023,fip,31-33,150-400,2,3,1.0074793444725223,1.2290456514300123,0.3333333333333333
tier2,P,2023,fip,31-33,150-400,3+,32,-0.06718215903553766,0.8490560121453867,0.34375
tier2,P,2023,fip,31-33,<150,1,4,0.9064175887174437,1.0840281541760295,0.5
tier2,P,2023,fip,31-33,<150,2,3,0.16755290855075544,0.4157695511892543,1.0
tier2,P,2023,fip,31-33,<150,3+,7,0.7410312449580966,1.0542713115797475,0.42857142857142855
tier2,P,2023,fip,31-33,>400,1,1,1.0362498398603117,1.0362498398603117,0.0
tier2,P,2023,fip,31-33,>400,2,3,0.05822795503882133,0.3557947281284692,0.6666666666666666
tier2,P,2023,fip,31-33,>400,3+,18,-0.025440716761149028,0.5766866942547114,0.3888888888888889
tier2,P,2023,fip,<=24,150-400,1,4,-0.22299394299352981,0.35901519556859357,1.0
tier2,P,2023,fip,<=24,150-400,2,2,0.16977496412345178,0.3569388272922321,1.0
tier2,P,2023,fip,<=24,150-400,3+,1,0.754987905460573,0.754987905460573,0.0
tier2,P,2023,fip,<=24,<150,1,5,-0.2020896371934388,0.7310355411529614,0.8
tier2,P,2023,fip,<=24,<150,2,2,0.6860026259155045,1.7570495379784603,0.0
tier2,P,2023,fip,<=24,>400,1,2,-0.1195898457704806,0.13219845609046058,1.0
tier2,P,2023,fip,<=24,>400,2,3,-0.13397780999378275,0.3765930660687412,0.6666666666666666
tier2,P,2023,fip,>=34,150-400,2,3,0.19659731002733716,0.697624241122998,0.3333333333333333
tier2,P,2023,fip,>=34,150-400,3+,12,-0.009875187004423415,0.7911112472141543,0.5
tier2,P,2023,fip,>=34,<150,2,4,-0.3230235955474819,0.5355595680954506,0.75
tier2,P,2023,fip,>=34,<150,3+,3,-0.13533487759838655,0.28485848625434435,0.6666666666666666
tier2,P,2023,fip,>=34,>400,2,2,-0.1771468869852389,0.21370151335113252,1.0
tier2,P,2023,fip,>=34,>400,3+,17,-0.46244410607811,0.9511342252842356,0.47058823529411764
tier3,P,2023,fip,25-27,150-400,1,13,0.3702790142169611,0.9060259781683829,0.5384615384615384
tier3,P,2023,fip,25-27,150-400,2,19,0.1973832416235509,0.8283762561431711,0.47368421052631576
tier3,P,2023,fip,25-27,150-400,3+,20,-0.023181062795416655,0.6237183279769176,0.65
tier3,P,2023,fip,25-27,<150,1,11,-0.3821052538965054,0.9292042012407813,0.5454545454545454
tier3,P,2023,fip,25-27,<150,2,9,0.18311607417499587,0.8652668906236352,0.6666666666666666
tier3,P,2023,fip,25-27,<150,3+,2,-0.14502723498106973,0.3379701722952638,1.0
tier3,P,2023,fip,25-27,>400,1,3,0.37732076027364864,0.7942582983662102,0.3333333333333333
tier3,P,2023,fip,25-27,>400,2,9,-0.23208999908609482,1.0412950096467348,0.3333333333333333
tier3,P,2023,fip,25-27,>400,3+,16,0.012876219305979528,0.663397843935218,0.4375
tier3,P,2023,fip,28-30,150-400,1,4,0.5318752453632529,0.8984691988251069,0.5
tier3,P,2023,fip,28-30,150-400,2,9,0.3901594504940152,0.8845715069289046,0.4444444444444444
tier3,P,2023,fip,28-30,150-400,3+,30,0.13117428319646063,0.8383186506211732,0.5333333333333333
tier3,P,2023,fip,28-30,<150,1,3,0.1909337596779554,1.3373492665664757,0.3333333333333333
tier3,P,2023,fip,28-30,<150,2,5,0.2789434338134179,1.3818071217943797,0.4
tier3,P,2023,fip,28-30,<150,3+,11,0.315505041804939,0.6981875228757994,0.5454545454545454
tier3,P,2023,fip,28-30,>400,2,4,-1.4127592912321445,1.6012617266640148,0.25
tier3,P,2023,fip,28-30,>400,3+,32,-0.19020772690011584,0.8297635251606242,0.40625
tier3,P,2023,fip,31-33,150-400,1,3,-0.29767523439252447,0.7286485375151799,0.6666666666666666
tier3,P,2023,fip,31-33,150-400,2,3,0.8612205322918749,1.0808148080256692,0.3333333333333333
tier3,P,2023,fip,31-33,150-400,3+,32,-0.058606415122435626,0.8848114806785284,0.4375
tier3,P,2023,fip,31-33,<150,1,4,0.9434634585639681,1.0564220161390638,0.5
tier3,P,2023,fip,31-33,<150,2,3,0.47534899851360296,0.6655028405425104,0.6666666666666666
tier3,P,2023,fip,31-33,<150,3+,7,0.65904217468932,1.026531349998533,0.42857142857142855
tier3,P,2023,fip,31-33,>400,1,1,0.989894090983741,0.989894090983741,0.0
tier3,P,2023,fip,31-33,>400,2,3,0.33355358204940144,0.5150761511164881,0.3333333333333333
tier3,P,2023,fip,31-33,>400,3+,18,0.11055619965954164,0.7287533376740153,0.3333333333333333
tier3,P,2023,fip,<=24,150-400,1,4,-0.2389745472645579,0.43597267957171154,0.75
tier3,P,2023,fip,<=24,150-400,2,2,0.20970077239756005,0.5414537910763348,1.0
tier3,P,2023,fip,<=24,150-400,3+,1,0.40149996420752077,0.40149996420752077,0.0
tier3,P,2023,fip,<=24,<150,1,5,-0.19733871345607135,0.8270449482974682,0.6
tier3,P,2023,fip,<=24,<150,2,2,0.7980480788322494,1.9667324030591693,0.0
tier3,P,2023,fip,<=24,>400,1,2,-0.1706434056907682,0.2545216178254913,1.0
tier3,P,2023,fip,<=24,>400,2,3,-0.07811101620918615,0.3507203350234365,1.0
tier3,P,2023,fip,>=34,150-400,2,3,0.019770159678556665,0.7858250784876312,0.0
tier3,P,2023,fip,>=34,150-400,3+,12,-0.12441403853372002,0.9946198468029918,0.4166666666666667
tier3,P,2023,fip,>=34,<150,2,4,-0.30355367995846455,0.3407286952104554,1.0
tier3,P,2023,fip,>=34,<150,3+,3,-0.15790181072237608,0.19695869367090083,1.0
tier3,P,2023,fip,>=34,>400,2,2,-0.2660313155489457,0.40821617163182866,0.5
tier3,P,2023,fip,>=34,>400,3+,17,-0.4783713232758675,0.9967747922020801,0.29411764705882354
marcel,P,2024,fip,25-27,150-400,1,11,0.19764888498889,0.40667094109712887,
marcel,P,2024,fip,25-27,150-400,2,19,0.3188601910309232,0.6352598511193515,
marcel,P,2024,fip,25-27,150-400,3+,16,0.11070828366712973,0.6051697476317494,
marcel,P,2024,fip,25-27,<150,1,13,-0.14354006040707457,1.1713176456223664,
marcel,P,2024,fip,25-27,<150,2,7,0.7024153755885896,1.0675582889278366,
marcel,P,2024,fip,25-27,<150,3+,6,-0.5420800100624262,1.3302384967991803,
marcel,P,2024,fip,25-27,>400,1,7,-0.26050684768868787,1.13563914975089,
marcel,P,2024,fip,25-27,>400,2,9,0.213433074244287,0.5236285259720763,
marcel,P,2024,fip,25-27,>400,3+,6,0.07704961132795499,0.3244462228252588,
marcel,P,2024,fip,28-30,150-400,1,3,1.157878524346498,1.1945829286020289,
marcel,P,2024,fip,28-30,150-400,2,8,0.2703988713271648,0.5120962575064398,
marcel,P,2024,fip,28-30,150-400,3+,34,-0.002341390997314205,0.8435424075381174,
marcel,P,2024,fip,28-30,<150,1,3,1.0833607846685558,1.1771887664959197,
marcel,P,2024,fip,28-30,<150,2,9,0.040738021630504315,0.9992150966954637,
marcel,P,2024,fip,28-30,<150,3+,9,0.5855424816940189,0.7801525123985658,
marcel,P,2024,fip,28-30,>400,2,2,-0.5313465188544039,0.6805676568586241,
marcel,P,2024,fip,28-30,>400,3+,31,0.015631646163139674,0.5104750525360993,
marcel,P,2024,fip,31-33,150-400,1,1,0.07050544346547483,0.07050544346547483,
marcel,P,2024,fip,31-33,150-400,2,4,0.07911567869282085,1.0737751119825762,
marcel,P,2024,fip,31-33,150-400,3+,29,0.21239523680358358,0.663551264236264,
marcel,P,2024,fip,31-33,<150,1,1,0.4835235257934416,0.4835235257934416,
marcel,P,2024,fip,31-33,<150,2,6,0.4809500934778607,0.6181585696108388,
marcel,P,2024,fip,31-33,<150,3+,5,-0.5155783145186532,0.7848227879529784,
marcel,P,2024,fip,31-33,>400,2,2,0.3392640224028942,0.5889879768959672,
marcel,P,2024,fip,31-33,>400,3+,21,-0.0948077815412239,0.7885768176921583,
marcel,P,2024,fip,<=24,150-400,1,3,0.40726475229008774,0.44527333099003796,
marcel,P,2024,fip,<=24,150-400,2,1,0.06479968544137549,0.06479968544137549,
marcel,P,2024,fip,<=24,150-400,3+,3,0.17976857536230023,0.5793341807485252,
marcel,P,2024,fip,<=24,<150,1,7,0.05648759484696897,0.9364569689164848,
marcel,P,2024,fip,<=24,<150,2,1,-0.04895384046874174,0.04895384046874174,
marcel,P,2024,fip,<=24,>400,1,3,0.33169077477950915,0.428499391274074,
marcel,P,2024,fip,<=24,>400,2,1,0.5175270759579087,0.5175270759579087,
marcel,P,2024,fip,<=24,>400,3+,1,-0.8022753653113632,0.8022753653113632,
marcel,P,2024,fip,>=34,150-400,1,1,0.950975724106184,0.950975724106184,
marcel,P,2024,fip,>=34,150-400,2,3,1.0590973298525548,1.2821287934133712,
marcel,P,2024,fip,>=34,150-400,3+,17,0.03604794010152332,0.8321236078131897,
marcel,P,2024,fip,>=34,<150,1,1,0.6101680473769546,0.6101680473769546,
marcel,P,2024,fip,>=34,<150,2,2,-0.217086016250903,0.23486212895106068,
marcel,P,2024,fip,>=34,<150,3+,6,-0.044484529908947204,0.41736623734160666,
marcel,P,2024,fip,>=34,>400,2,3,-0.7110875953872959,0.788096357800482,
marcel,P,2024,fip,>=34,>400,3+,17,0.13053758196892712,0.5999431772037249,
tier2,P,2024,fip,25-27,150-400,1,11,0.2519714737379078,0.46607337794141024,0.6363636363636364
tier2,P,2024,fip,25-27,150-400,2,19,0.41348829763278444,0.7926782893795543,0.5263157894736842
tier2,P,2024,fip,25-27,150-400,3+,16,0.1815587619028854,0.662370536061538,0.375
tier2,P,2024,fip,25-27,<150,1,13,0.03487319196367239,1.0982542324665032,0.38461538461538464
tier2,P,2024,fip,25-27,<150,2,7,0.8109027486028452,1.2289685351980086,0.42857142857142855
tier2,P,2024,fip,25-27,<150,3+,6,-0.3549971101825594,1.3582868624716655,0.0
tier2,P,2024,fip,25-27,>400,1,7,-0.27248906903706216,1.1080929414936993,0.42857142857142855
tier2,P,2024,fip,25-27,>400,2,9,0.3022486860671382,0.5254118302862155,0.6666666666666666
tier2,P,2024,fip,25-27,>400,3+,6,0.14254421009739832,0.3339065461208684,0.6666666666666666
tier2,P,2024,fip,28-30,150-400,1,3,1.1090588829310426,1.1356813653098836,0.0
tier2,P,2024,fip,28-30,150-400,2,8,0.3088688809211879,0.5174198659743293,0.625
tier2,P,2024,fip,28-30,150-400,3+,34,0.04881122809607604,0.813736093513686,0.4117647058823529
tier2,P,2024,fip,28-30,<150,1,3,1.3765335071161455,1.4953388896385686,0.3333333333333333
tier2,P,2024,fip,28-30,<150,2,9,0.22971926222401684,1.198717883039102,0.3333333333333333
tier2,P,2024,fip,28-30,<150,3+,9,0.5820564893704708,0.8687734320888651,0.4444444444444444
tier2,P,2024,fip,28-30,>400,2,2,-0.7218488937966403,0.8616203725495803,0.5
tier2,P,2024,fip,28-30,>400,3+,31,0.0022510096179988517,0.5402497475892659,0.45161290322580644
tier2,P,2024,fip,31-33,150-400,1,1,0.18150228068696617,0.18150228068696617,1.0
tier2,P,2024,fip,31-33,150-400,2,4,0.19967902962741377,0.9897526042176618,0.25
tier2,P,2024,fip,31-33,150-400,3+,29,0.27139086398920764,0.7660994489398267,0.4482758620689655
tier2,P,2024,fip,31-33,<150,1,1,0.43736903108897707,0.43736903108897707,1.0
tier2,P,2024,fip,31-33,<150,2,6,0.7302302818803057,1.0207806909327424,0.3333333333333333
tier2,P,2024,fip,31-33,<150,3+,5,-0.4213301784038075,0.7281088337414459,0.4
tier2,P,2024,fip,31-33,>400,2,2,0.3402631069791549,0.6188320292652533,0.5
tier2,P,2024,fip,31-33,>400,3+,21,-0.09152252262726172,0.7602645942530156,0.2857142857142857
tier2,P,2024,fip,<=24,150-400,1,3,0.45274506177046747,0.4527651849705511,0.6666666666666666
tier2,P,2024,fip,<=24,150-400,2,1,0.4381743965061107,0.4381743965061107,1.0
tier2,P,2024,fip,<=24,150-400,3+,3,0.49063725080194676,0.7097163418678013,0.3333333333333333
tier2,P,2024,fip,<=24,<150,1,7,0.1390627423492834,0.9839652092354095,0.5714285714285714
tier2,P,2024,fip,<=24,<150,2,1,0.40706153532803757,0.40706153532803757,1.0
tier2,P,2024,fip,<=24,>400,1,3,0.14810809234307287,0.44787345604843204,0.6666666666666666
tier2,P,2024,fip,<=24,>400,2,1,0.3779511646448075,0.3779511646448075,1.0
tier2,P,2024,fip,<=24,>400,3+,1,-0.7256291309002609,0.7256291309002609,0.0
tier2,P,2024,fip,>=34,150-400,1,1,0.6682945050669669,0.6682945050669669,0.0
tier2,P,2024,fip,>=34,150-400,2,3,0.8528573066131304,1.040001271023487,0.3333333333333333
tier2,P,2024,fip,>=34,150-400,3+,17,0.11332430320265277,0.7689082272899138,0.47058823529411764
tier2,P,2024,fip,>=34,<150,1,1,1.216376423206679,1.216376423206679,0.0
tier2,P,2024,fip,>=34,<150,2,2,0.07631023789708717,0.2319906444951893,1.0
tier2,P,2024,fip,>=34,<150,3+,6,0.03761591643661949,0.6363321875095664,0.8333333333333334
tier2,P,2024,fip,>=34,>400,2,3,-0.7378356342988077,0.7828616274936456,0.3333333333333333
tier2,P,2024,fip,>=34,>400,3+,17,0.19480558299642015,0.517966508178385,0.6470588235294118
tier3,P,2024,fip,25-27,150-400,1,11,0.33811098137074663,0.5293958776519617,0.7272727272727273
tier3,P,2024,fip,25-27,150-400,2,19,0.44386598159022755,0.807461600283036,0.5263157894736842
tier3,P,2024,fip,25-27,150-400,3+,16,0.038226325139962665,0.5998100254110246,0.5625
tier3,P,2024,fip,25-27,<150,1,13,0.07883281885688621,1.062101350384401,0.5384615384615384
tier3,P,2024,fip,25-27,<150,2,7,0.901599551213619,1.3918146259541848,0.42857142857142855
tier3,P,2024,fip,25-27,<150,3+,6,-0.37415919457307634,1.368147874092008,0.16666666666666666
tier3,P,2024,fip,25-27,>400,1,7,-0.1790964297671116,1.1937765343038,0.14285714285714285
tier3,P,2024,fip,25-27,>400,2,9,0.4588025718752067,0.7707298912279482,0.5555555555555556
tier3,P,2024,fip,25-27,>400,3+,6,0.1793386029818852,0.3624336665310368,0.5
tier3,P,2024,fip,28-30,150-400,1,3,0.9219014528115326,0.961931658672905,0.0
tier3,P,2024,fip,28-30,150-400,2,8,0.31441721203170064,0.6323380319551306,0.625
tier3,P,2024,fip,28-30,150-400,3+,34,-0.06192305529416999,0.781695194022742,0.5
tier3,P,2024,fip,28-30,<150,1,3,1.2497583456582548,1.3290838442523893,0.3333333333333333
tier3,P,2024,fip,28-30,<150,2,9,0.26650055971908526,1.3144066109803603,0.3333333333333333
tier3,P,2024,fip,28-30,<150,3+,9,0.5924885414333838,0.8605493137140641,0.4444444444444444
tier3,P,2024,fip,28-30,>400,2,2,-0.4359494908945124,0.683746204950965,0.5
tier3,P,2024,fip,28-30,>400,3+,31,0.04845815283819289,0.5910209391712645,0.3548387096774194
tier3,P,2024,fip,31-33,150-400,1,1,0.20969144350396451,0.20969144350396451,1.0
tier3,P,2024,fip,31-33,150-400,2,4,0.3046550629232643,0.8771041618359902,0.25
tier3,P,2024,fip,31-33,150-400,3+,29,0.2268025258743277,0.7336524720676324,0.4482758620689655
tier3,P,2024,fip,31-33,<150,1,1,0.6227946385309275,0.6227946385309275,1.0
tier3,P,2024,fip,31-33,<150,2,6,0.8572452921768912,1.1501840147308346,0.3333333333333333
tier3,P,2024,fip,31-33,<150,3+,5,-0.41359473689741744,0.6232954928588681,0.6
tier3,P,2024,fip,31-33,>400,2,2,0.30620355877658234,0.583911516359815,0.5
tier3,P,2024,fip,31-33,>400,3+,21,-0.023592807681092787,0.7778447367057227,0.3333333333333333
tier3,P,2024,fip,<=24,150-400,1,3,0.3300545637712696,0.34852475601061184,1.0
tier3,P,2024,fip,<=24,150-400,2,1,0.511218155607641,0.511218155607641,0.0
tier3,P,2024,fip,<=24,150-400,3+,3,0.540350742617894,0.6806010491650059,0.3333333333333333
tier3,P,2024,fip,<=24,<150,1,7,0.22802154927485632,0.963662487164518,0.5714285714285714
tier3,P,2024,fip,<=24,<150,2,1,0.6525727141486595,0.6525727141486595,1.0
tier3,P,2024,fip,<=24,>400,1,3,0.27745268664065176,0.5000350268429046,0.6666666666666666
tier3,P,2024,fip,<=24,>400,2,1,0.4330219520416656,0.4330219520416656,0.0
tier3,P,2024,fip,<=24,>400,3+,1,-0.8528128128152259,0.8528128128152259,0.0
tier3,P,2024,fip,>=34,150-400,1,1,0.7389760338861442,0.7389760338861442,0.0
tier3,P,2024,fip,>=34,150-400,2,3,0.9639767838285724,1.2201291049193672,0.3333333333333333
tier3,P,2024,fip,>=34,150-400,3+,17,0.01877703337504002,0.7899859712005318,0.4117647058823529
tier3,P,2024,fip,>=34,<150,1,1,0.9200575650067373,0.9200575650067373,0.0
tier3,P,2024,fip,>=34,<150,2,2,0.211299115393389,0.36632444912278606,1.0
tier3,P,2024,fip,>=34,<150,3+,6,0.07463291191114758,0.6916695116212459,0.6666666666666666
tier3,P,2024,fip,>=34,>400,2,3,-0.7618889681065983,0.8263912391196699,0.3333333333333333
tier3,P,2024,fip,>=34,>400,3+,17,0.2540908916059612,0.5860527501199682,0.6470588235294118
marcel,P,2021,hr_pct,25-27,150-400,1,2,-0.015934987966922217,0.016936719733101055,
marcel,P,2021,hr_pct,25-27,150-400,2,12,-0.00044620243039467577,0.0104943004846016,
marcel,P,2021,hr_pct,25-27,150-400,3+,17,0.0032317987782219905,0.00845995792218508,
marcel,P,2021,hr_pct,25-27,<150,1,18,0.0014128218496789996,0.012778606936668145,
marcel,P,2021,hr_pct,25-27,<150,2,22,0.002100558509131874,0.010601760186788016,
marcel,P,2021,hr_pct,25-27,<150,3+,24,0.007806684761426758,0.013206772904907876,
marcel,P,2021,hr_pct,28-30,150-400,2,3,-0.0011521913541118552,0.0018760620247006098,
marcel,P,2021,hr_pct,28-30,150-400,3+,33,-0.0013108182435765685,0.00851842268940644,
marcel,P,2021,hr_pct,28-30,<150,1,4,0.01078242729982652,0.012945731129707202,
marcel,P,2021,hr_pct,28-30,<150,2,18,0.0049556352434180955,0.01063015792873224,
marcel,P,2021,hr_pct,28-30,<150,3+,40,0.004605210360540426,0.013238483605552192,
marcel,P,2021,hr_pct,31-33,150-400,1,1,0.004101579410523536,0.004101579410523536,
marcel,P,2021,hr_pct,31-33,150-400,3+,21,0.0016698791679423358,0.01124998125294187,
marcel,P,2021,hr_pct,31-33,<150,1,1,0.00599518503728905,0.00599518503728905,
marcel,P,2021,hr_pct,31-33,<150,2,9,0.0012640865813996673,0.007655868196549306,
marcel,P,2021,hr_pct,31-33,<150,3+,34,0.002788191184266892,0.010488654574309126,
marcel,P,2021,hr_pct,<=24,150-400,1,3,0.001467413132829152,0.0060180738372078,
marcel,P,2021,hr_pct,<=24,150-400,2,3,0.004131630257152274,0.0118731474990483,
marcel,P,2021,hr_pct,<=24,150-400,3+,2,-0.009748158354949386,0.016510101808858233,
marcel,P,2021,hr_pct,<=24,<150,1,14,0.004596287623497841,0.013038691445232042,
marcel,P,2021,hr_pct,<=24,<150,2,4,0.004989963640976402,0.017094715949429625,
marcel,P,2021,hr_pct,<=24,<150,3+,2,-0.004076306060733677,0.010677201955272103,
marcel,P,2021,hr_pct,>=34,150-400,3+,15,-0.002043845048044448,0.007994019038404127,
marcel,P,2021,hr_pct,>=34,<150,1,4,-0.0026060278291313846,0.005883119108148062,
marcel,P,2021,hr_pct,>=34,<150,2,3,0.013618953141923667,0.014675155019505781,
marcel,P,2021,hr_pct,>=34,<150,3+,20,0.0031223040891179433,0.01061252841136453,
tier2,P,2021,hr_pct,25-27,150-400,1,2,-0.015540389591205395,0.016725144546055778,0.0
tier2,P,2021,hr_pct,25-27,150-400,2,12,-0.0020918071090959,0.00957656019232366,0.3333333333333333
tier2,P,2021,hr_pct,25-27,150-400,3+,17,0.002690074821430414,0.007794386107358578,0.5882352941176471
tier2,P,2021,hr_pct,25-27,<150,1,18,0.0015859654202732768,0.012132304679055192,0.4444444444444444
tier2,P,2021,hr_pct,25-27,<150,2,22,0.0018780392811422924,0.011118219953287555,0.2727272727272727
tier2,P,2021,hr_pct,25-27,<150,3+,24,0.0051811767070645155,0.01232836660074817,0.375
tier2,P,2021,hr_pct,28-30,150-400,2,3,-0.0025664305822759117,0.00344812895777565,1.0
tier2,P,2021,hr_pct,28-30,150-400,3+,33,-0.0012992929177864747,0.008071013104839833,0.45454545454545453
tier2,P,2021,hr_pct,28-30,<150,1,4,0.010043388798044815,0.0117636357009127,0.25
tier2,P,2021,hr_pct,28-30,<150,2,18,0.0043189275973779615,0.0100226477090915,0.4444444444444444
tier2,P,2021,hr_pct,28-30,<150,3+,40,0.004595271697318718,0.012602719818152044,0.375
tier2,P,2021,hr_pct,31-33,150-400,1,1,0.005180270426219703,0.005180270426219703,1.0
tier2,P,2021,hr_pct,31-33,150-400,3+,21,0.0025209017634561194,0.011367527617420074,0.38095238095238093
tier2,P,2021,hr_pct,31-33,<150,1,1,0.0054447379465487784,0.0054447379465487784,1.0
tier2,P,2021,hr_pct,31-33,<150,2,9,0.0018658666000526244,0.008963366050663552,0.3333333333333333
tier2,P,2021,hr_pct,31-33,<150,3+,34,0.001638710337486123,0.010492461881636994,0.4411764705882353
tier2,P,2021,hr_pct,<=24,150-400,1,3,-5.3225021700092304e-05,0.0061098812531735994,0.6666666666666666
tier2,P,2021,hr_pct,<=24,150-400,2,3,0.0028026177211025747,0.011803180394746612,0.0
tier2,P,2021,hr_pct,<=24,150-400,3+,2,-0.012117880935653302,0.016222470686224687,0.5
tier2,P,2021,hr_pct,<=24,<150,1,14,0.0032317646230676654,0.012618488182564674,0.5
tier2,P,2021,hr_pct,<=24,<150,2,4,0.002323206544535871,0.014769279731965238,0.25
tier2,P,2021,hr_pct,<=24,<150,3+,2,-0.006351786843705922,0.013041714136452344,0.5
tier2,P,2021,hr_pct,>=34,150-400,3+,15,-0.0009731269430727941,0.007439079328255662,0.5333333333333333
tier2,P,2021,hr_pct,>=34,<150,1,4,0.0016210782931086155,0.004250391590973296,0.75
tier2,P,2021,hr_pct,>=34,<150,2,3,0.013585617168082657,0.01429857100004436,0.0
tier2,P,2021,hr_pct,>=34,<150,3+,20,0.004780447777590797,0.011270310428035085,0.4
tier3,P,2021,hr_pct,25-27,150-400,1,2,-0.014794592750899102,0.016013217263087836,0.5
tier3,P,2021,hr_pct,25-27,150-400,2,12,0.0005301673538110822,0.012517856347699101,0.25
tier3,P,2021,hr_pct,25-27,150-400,3+,17,0.0004906017290793405,0.00807276380042188,0.7058823529411765
tier3,P,2021,hr_pct,25-27,<150,1,18,0.0029526803091268596,0.012063942818004452,0.6666666666666666
tier3,P,2021,hr_pct,25-27,<150,2,22,0.0015559797891040285,0.011867634509375532,0.5454545454545454
tier3,P,2021,hr_pct,25-27,<150,3+,24,0.007041295902963877,0.01329597144063538,0.5416666666666666
tier3,P,2021,hr_pct,28-30,150-400,2,3,-0.0019068808883109375,0.008779970354947172,1.0
tier3,P,2021,hr_pct,28-30,150-400,3+,33,-0.0006405792541348628,0.008688752921711982,0.696969696969697
tier3,P,2021,hr_pct,28-30,<150,1,4,0.008094122431052725,0.011536766920021107,0.75
tier3,P,2021,hr_pct,28-30,<150,2,18,0.00457770251340868,0.01291781796956031,0.6111111111111112
tier3,P,2021,hr_pct,28-30,<150,3+,40,0.005925946393776567,0.01382069872183052,0.55
tier3,P,2021,hr_pct,31-33,150-400,1,1,0.002838225537011921,0.002838225537011921,1.0
tier3,P,2021,hr_pct,31-33,150-400,3+,21,0.003775982419613537,0.01416109750131126,0.47619047619047616
tier3,P,2021,hr_pct,31-33,<150,1,1,0.0069575737074570355,0.0069575737074570355,1.0
tier3,P,2021,hr_pct,31-33,<150,2,9,0.006713406000089339,0.013670351418593837,0.6666666666666666
tier3,P,2021,hr_pct,31-33,<150,3+,34,0.002750582239951257,0.012704519982434884,0.6176470588235294
tier3,P,2021,hr_pct,<=24,150-400,1,3,-0.0013661558477574371,0.0042890900243374485,1.0
tier3,P,2021,hr_pct,<=24,150-400,2,3,0.0017248658859856623,0.010321332128354403,0.3333333333333333
tier3,P,2021,hr_pct,<=24,150-400,3+,2,-0.01467496567403199,0.01874597797749431,0.5
tier3,P,2021,hr_pct,<=24,<150,1,14,0.004883597826703636,0.012963463808360217,0.5
tier3,P,2021,hr_pct,<=24,<150,2,4,0.005199262719633833,0.01829907755640002,0.25
tier3,P,2021,hr_pct,<=24,<150,3+,2,-0.0017668912828205212,0.005777652458610163,1.0
tier3,P,2021,hr_pct,>=34,150-400,3+,15,-0.0015141643909043609,0.009427323743891982,0.6
tier3,P,2021,hr_pct,>=34,<150,1,4,0.004217345680035324,0.01035701600055345,1.0
tier3,P,2021,hr_pct,>=34,<150,2,3,0.0265187669020323,0.03049553956988568,0.0
tier3,P,2021,hr_pct,>=34,<150,3+,20,0.003287000941897451,0.01125201941301678,0.6
marcel,P,2022,hr_pct,25-27,150-400,1,13,0.007997177753478584,0.01420161531726544,
marcel,P,2022,hr_pct,25-27,150-400,2,12,0.007311265998662828,0.01567469083414838,
marcel,P,2022,hr_pct,25-27,150-400,3+,17,0.012807814435500579,0.017477973918911028,
marcel,P,2022,hr_pct,25-27,<150,1,15,0.0009797889719326874,0.010343405021459045,
marcel,P,2022,hr_pct,25-27,<150,2,8,0.011646011743851107,0.013720795431135819,
marcel,P,2022,hr_pct,25-27,<150,3+,5,0.012355004006285418,0.01636213783968983,
marcel,P,2022,hr_pct,25-27,>400,1,2,0.0038566296980821636,0.005747385116109082,
marcel,P,2022,hr_pct,25-27,>400,2,9,0.005113511296906249,0.011209317391699314,
marcel,P,2022,hr_pct,25-27,>400,3+,24,0.001652825037489987,0.0069730956012704695,
marcel,P,2022,hr_pct,28-30,150-400,1,3,0.003724720990764703,0.012028974584064217,
marcel,P,2022,hr_pct,28-30,150-400,2,5,0.00245951576449217,0.00921560353656614,
marcel,P,2022,hr_pct,28-30,150-400,3+,31,0.005179371938649548,0.013094110870542278,
marcel,P,2022,hr_pct,28-30,<150,1,8,0.0012754992617354905,0.008720803768291157,
marcel,P,2022,hr_pct,28-30,<150,2,5,0.008902432467005643,0.012080423304391203,
marcel,P,2022,hr_pct,28-30,<150,3+,8,0.010364522128730697,0.014123811871370273,
marcel,P,2022,hr_pct,28-30,>400,2,6,0.00475459855269556,0.008250381476267799,
marcel,P,2022,hr_pct,28-30,>400,3+,30,0.004162191313672104,0.008201834004297132,
marcel,P,2022,hr_pct,31-33,150-400,2,3,0.010381260723737193,0.014409664200664307,
marcel,P,2022,hr_pct,31-33,150-400,3+,23,0.00862670783570445,0.012025476129766826,
marcel,P,2022,hr_pct,31-33,<150,1,1,-0.0033972691631224614,0.0033972691631224614,
marcel,P,2022,hr_pct,31-33,<150,2,4,0.002165999713437385,0.012073913532698283,
marcel,P,2022,hr_pct,31-33,<150,3+,3,0.006903053871225902,0.016751206480236213,
marcel,P,2022,hr_pct,31-33,>400,2,1,-0.0015091838853652402,0.0015091838853652402,
marcel,P,2022,hr_pct,31-33,>400,3+,21,0.004386922549562311,0.011520349797747648,
marcel,P,2022,hr_pct,<=24,150-400,1,2,-0.00830525987898163,0.01227209367412243,
marcel,P,2022,hr_pct,<=24,150-400,2,3,0.008486123017289602,0.00868953030634965,
marcel,P,2022,hr_pct,<=24,150-400,3+,1,-0.0012593459140658597,0.0012593459140658597,
marcel,P,2022,hr_pct,<=24,<150,1,7,0.00822539504569534,0.011701299572754568,
marcel,P,2022,hr_pct,<=24,<150,2,2,0.005267791347040581,0.010018013908092722,
marcel,P,2022,hr_pct,<=24,>400,1,1,0.008027432929237018,0.008027432929237018,
marcel,P,2022,hr_pct,<=24,>400,2,4,0.0014002899041527404,0.00606789402085466,
marcel,P,2022,hr_pct,<=24,>400,3+,2,0.007690693227169483,0.009145497397080586,
marcel,P,2022,hr_pct,>=34,150-400,1,2,0.014574572703188723,0.014849712215765578,
marcel,P,2022,hr_pct,>=34,150-400,2,4,0.01377365434916848,0.014454191941728046,
marcel,P,2022,hr_pct,>=34,150-400,3+,19,0.004697116801428963,0.009912178068406241,
marcel,P,2022,hr_pct,>=34,<150,1,1,-0.00625160763308634,0.00625160763308634,
marcel,P,2022,hr_pct,>=34,<150,2,3,0.013587695179915427,0.018511264716971308,
marcel,P,2022,hr_pct,>=34,<150,3+,4,0.013781784074854002,0.018384723051109195,
marcel,P,2022,hr_pct,>=34,>400,2,1,-0.010692775323781462,0.010692775323781462,
marcel,P,2022,hr_pct,>=34,>400,3+,12,0.0028772247082057105,0.010243536442372577,
tier2,P,2022,hr_pct,25-27,150-400,1,13,0.009918069854761808,0.014577163647035759,0.46153846153846156
tier2,P,2022,hr_pct,25-27,150-400,2,12,0.009797071513550134,0.016259140288915855,0.08333333333333333
tier2,P,2022,hr_pct,25-27,150-400,3+,17,0.014401831425222332,0.018823122485263737,0.17647058823529413
tier2,P,2022,hr_pct,25-27,<150,1,15,0.004183377483626782,0.011369425922498877,0.5333333333333333
tier2,P,2022,hr_pct,25-27,<150,2,8,0.011228188253878679,0.014622094566622128,0.5
tier2,P,2022,hr_pct,25-27,<150,3+,5,0.01204194129127175,0.016316872844004376,0.0
tier2,P,2022,hr_pct,25-27,>400,1,2,0.006239605436806662,0.007841386071650872,0.5
tier2,P,2022,hr_pct,25-27,>400,2,9,0.007568201449320333,0.011638629893425166,0.4444444444444444
tier2,P,2022,hr_pct,25-27,>400,3+,24,0.002982987783009243,0.007278904288969282,0.5
tier2,P,2022,hr_pct,28-30,150-400,1,3,0.008786144830854976,0.01513656799060584,0.3333333333333333
tier2,P,2022,hr_pct,28-30,150-400,2,5,0.001730808364647772,0.010270731552883265,0.2
tier2,P,2022,hr_pct,28-30,150-400,3+,31,0.006154639708000031,0.012671449310294585,0.41935483870967744
tier2,P,2022,hr_pct,28-30,<150,1,8,0.002114998957519928,0.010166960673692561,0.625
tier2,P,2022,hr_pct,28-30,<150,2,5,0.006338255029326604,0.01283185031353556,0.6
tier2,P,2022,hr_pct,28-30,<150,3+,8,0.01120104686214567,0.015778230356068113,0.375
tier2,P,2022,hr_pct,28-30,>400,2,6,0.005108806008804732,0.00858722563603588,0.5
tier2,P,2022,hr_pct,28-30,>400,3+,30,0.005089802958339742,0.008928391325077317,0.5
tier2,P,2022,hr_pct,31-33,150-400,2,3,0.01066839003933769,0.016692161629924766,0.3333333333333333
tier2,P,2022,hr_pct,31-33,150-400,3+,23,0.008464127237475989,0.012472823082600268,0.391304347826087
tier2,P,2022,hr_pct,31-33,<150,1,1,0.009423050855109937,0.009423050855109937,0.0
tier2,P,2022,hr_pct,31-33,<150,2,4,0.00024679374288425317,0.011633132964013802,0.0
tier2,P,2022,hr_pct,31-33,<150,3+,3,0.012772906672929515,0.017067530883864295,0.3333333333333333
tier2,P,2022,hr_pct,31-33,>400,2,1,-0.0007161501710814117,0.0007161501710814117,1.0
tier2,P,2022,hr_pct,31-33,>400,3+,21,0.005734439903456802,0.0118619281039462,0.19047619047619047
tier2,P,2022,hr_pct,<=24,150-400,1,2,-0.007794326946446358,0.014574016892701045,0.0
tier2,P,2022,hr_pct,<=24,150-400,2,3,0.010653787511888422,0.011126524711928595,0.0
tier2,P,2022,hr_pct,<=24,150-400,3+,1,0.00029394216439219273,0.00029394216439219273,1.0
tier2,P,2022,hr_pct,<=24,<150,1,7,0.009517087926330853,0.012415841929090126,0.5714285714285714
tier2,P,2022,hr_pct,<=24,<150,2,2,0.004292052318529876,0.007552858801450296,0.5
tier2,P,2022,hr_pct,<=24,>400,1,1,0.010787417078143492,0.010787417078143492,0.0
tier2,P,2022,hr_pct,<=24,>400,2,4,0.002093186557252406,0.005163187838561359,0.75
tier2,P,2022,hr_pct,<=24,>400,3+,2,0.009799603635440676,0.009926475053716896,0.0
tier2,P,2022,hr_pct,>=34,150-400,1,2,0.017451917813498165,0.017460555458367274,0.0
tier2,P,2022,hr_pct,>=34,150-400,2,4,0.015398969900260729,0.016020621208628336,0.0
tier2,P,2022,hr_pct,>=34,150-400,3+,19,0.006332882671255229,0.011329068779580658,0.3157894736842105
tier2,P,2022,hr_pct,>=34,<150,1,1,-0.008220926576536489,0.008220926576536489,1.0
tier2,P,2022,hr_pct,>=34,<150,2,3,0.013381350178536346,0.01656981001906953,0.3333333333333333
tier2,P,2022,hr_pct,>=34,<150,3+,4,0.01272770008120904,0.015855479250255464,0.25
tier2,P,2022,hr_pct,>=34,>400,2,1,-0.0045762768187483024,0.0045762768187483024,1.0
tier2,P,2022,hr_pct,>=34,>400,3+,12,0.00419477099160228,0.011059140561574823,0.16666666666666666
tier3,P,2022,hr_pct,25-27,150-400,1,13,0.012361164791305444,0.01742936145175488,0.46153846153846156
tier3,P,2022,hr_pct,25-27,150-400,2,12,0.01178537033967572,0.01983873155600877,0.25
tier3,P,2022,hr_pct,25-27,150-400,3+,17,0.01153463993474151,0.015834163533924684,0.35294117647058826
tier3,P,2022,hr_pct,25-27,<150,1,15,0.0055722255928559354,0.011238612257045645,0.6666666666666666
tier3,P,2022,hr_pct,25-27,<150,2,8,0.010811482774802244,0.015260553957931064,0.5
tier3,P,2022,hr_pct,25-27,<150,3+,5,0.014402933770130862,0.019792189729177564,0.0
tier3,P,2022,hr_pct,25-27,>400,1,2,0.00961423393042617,0.00998917927678581,0.5
tier3,P,2022,hr_pct,25-27,>400,2,9,0.0075931335729563,0.014466437846360793,0.4444444444444444
tier3,P,2022,hr_pct,25-27,>400,3+,24,0.0020305357715376072,0.007940305663916696,0.4583333333333333
tier3,P,2022,hr_pct,28-30,150-400,1,3,0.009362927100166944,0.018106679343072647,0.6666666666666666
tier3,P,2022,hr_pct,28-30,150-400,2,5,0.0027916411749323283,0.008587747332412209,0.6
tier3,P,2022,hr_pct,28-30,150-400,3+,31,0.006946999158076056,0.014951882548712204,0.45161290322580644
tier3,P,2022,hr_pct,28-30,<150,1,8,0.004148242347969451,0.009677137875581736,0.875
tier3,P,2022,hr_pct,28-30,<150,2,5,0.008134357069719711,0.01793174644081243,0.8
tier3,P,2022,hr_pct,28-30,<150,3+,8,0.009078684404956294,0.015460033580805405,0.375
tier3,P,2022,hr_pct,28-30,>400,2,6,0.0071250099656698426,0.010036942313325425,0.6666666666666666
tier3,P,2022,hr_pct,28-30,>400,3+,30,0.0061461878385002345,0.009824273661788356,0.5
tier3,P,2022,hr_pct,31-33,150-400,2,3,0.011770104168148745,0.017817566703959915,0.3333333333333333
tier3,P,2022,hr_pct,31-33,150-400,3+,23,0.009669334105188327,0.014414816517151473,0.5652173913043478
tier3,P,2022,hr_pct,31-33,<150,1,1,0.002220830689119109,0.002220830689119109,1.0
tier3,P,2022,hr_pct,31-33,<150,2,4,0.0029309755887596263,0.013922859878203355,0.25
tier3,P,2022,hr_pct,31-33,<150,3+,3,0.015259560427603638,0.027258430358338217,0.3333333333333333
tier3,P,2022,hr_pct,31-33,>400,2,1,-0.0008066853509703514,0.0008066853509703514,1.0
tier3,P,2022,hr_pct,31-33,>400,3+,21,0.006404149284673041,0.013343185302288414,0.5238095238095238
tier3,P,2022,hr_pct,<=24,150-400,1,2,-0.0026505946251837646,0.008683946026132362,0.5
tier3,P,2022,hr_pct,<=24,150-400,2,3,0.007601766194981864,0.00818294015469241,0.6666666666666666
tier3,P,2022,hr_pct,<=24,150-400,3+,1,0.008067976094708294,0.008067976094708294,1.0
tier3,P,2022,hr_pct,<=24,<150,1,7,0.011670449574080753,0.014657573178784106,0.5714285714285714
tier3,P,2022,hr_pct,<=24,<150,2,2,0.009522099403522303,0.010010038976928747,1.0
tier3,P,2022,hr_pct,<=24,>400,1,1,0.006571867104007732,0.006571867104007732,0.0
tier3,P,2022,hr_pct,<=24,>400,2,4,0.0032697451708951944,0.008406351363159646,0.5
tier3,P,2022,hr_pct,<=24,>400,3+,2,0.009324931681727374,0.011211628225103252,0.5
tier3,P,2022,hr_pct,>=34,150-400,1,2,0.016246384213848268,0.016850363872501942,0.0
tier3,P,2022,hr_pct,>=34,150-400,2,4,0.013389268780996492,0.015365315525698454,0.25
tier3,P,2022,hr_pct,>=34,150-400,3+,19,0.004401928843053624,0.010646675966303492,0.5789473684210527
tier3,P,2022,hr_pct,>=34,<150,1,1,0.005619948550450525,0.005619948550450525,1.0
tier3,P,2022,hr_pct,>=34,<150,2,3,0.015542624078850728,0.018945957259689162,0.3333333333333333
tier3,P,2022,hr_pct,>=34,<150,3+,4,0.013611849588310172,0.0177169901999323,0.5
tier3,P,2022,hr_pct,>=34,>400,2,1,0.005302036022644931,0.005302036022644931,1.0
tier3,P,2022,hr_pct,>=34,>400,3+,12,0.0029873651350867322,0.010946570389639558,0.16666666666666666
marcel,P,2023,hr_pct,25-27,150-400,1,13,-0.0012330724725497296,0.012754543437477915,
marcel,P,2023,hr_pct,25-27,150-400,2,19,0.001639592952143492,0.011437803189597823,
marcel,P,2023,hr_pct,25-27,150-400,3+,20,-0.004521444415757835,0.010863596584371889,
marcel,P,2023,hr_pct,25-27,<150,1,11,-0.012251321352568182,0.01575354208558981,
marcel,P,2023,hr_pct,25-27,<150,2,9,-0.0012188271459313703,0.012237181009448563,
marcel,P,2023,hr_pct,25-27,<150,3+,2,0.0036758068722437314,0.006271328696665696,
marcel,P,2023,hr_pct,25-27,>400,1,3,-0.0016672706536154324,0.008844704780996158,
marcel,P,2023,hr_pct,25-27,>400,2,9,-0.0036072459375981435,0.01382067768101407,
marcel,P,2023,hr_pct,25-27,>400,3+,16,-0.002061716448470165,0.007581618256839057,
marcel,P,2023,hr_pct,28-30,150-400,1,4,0.005523387147766092,0.010911028210464144,
marcel,P,2023,hr_pct,28-30,150-400,2,9,0.0008496850294844286,0.013967604372099282,
marcel,P,2023,hr_pct,28-30,150-400,3+,30,-0.0003472678024264887,0.01050510842820497,
marcel,P,2023,hr_pct,28-30,<150,1,3,-0.004368276165393366,0.01684658097941374,
marcel,P,2023,hr_pct,28-30,<150,2,5,0.007494518402322131,0.016180377476045782,
marcel,P,2023,hr_pct,28-30,<150,3+,11,0.0038945694683625797,0.009801531767845609,
marcel,P,2023,hr_pct,28-30,>400,2,4,-0.024167607966406237,0.024477528746779973,
marcel,P,2023,hr_pct,28-30,>400,3+,32,-0.0038679964109009,0.010186962465620389,
marcel,P,2023,hr_pct,31-33,150-400,1,3,-0.008400463487341945,0.012690412260359257,
marcel,P,2023,hr_pct,31-33,150-400,2,3,0.012240790460866608,0.01746438925680015,
marcel,P,2023,hr_pct,31-33,150-400,3+,32,-0.0003241296143779266,0.012351141749067599,
marcel,P,2023,hr_pct,31-33,<150,1,4,0.005149725490325573,0.006439742032630853,
marcel,P,2023,hr_pct,31-33,<150,2,3,-0.00409992416232187,0.006791755519289394,
marcel,P,2023,hr_pct,31-33,<150,3+,7,0.003883103688938267,0.010415606604019573,
marcel,P,2023,hr_pct,31-33,>400,1,1,0.005169642186122019,0.005169642186122019,
marcel,P,2023,hr_pct,31-33,>400,2,3,0.003975789643084782,0.008523067041344671,
marcel,P,2023,hr_pct,31-33,>400,3+,18,0.0004049251529832876,0.01059860111877145,
marcel,P,2023,hr_pct,<=24,150-400,1,4,-0.01016845922520705,0.014970812253316932,
marcel,P,2023,hr_pct,<=24,150-400,2,2,0.003454073811089064,0.011452611578796361,
marcel,P,2023,hr_pct,<=24,150-400,3+,1,0.010941120966610028,0.010941120966610028,
marcel,P,2023,hr_pct,<=24,<150,1,5,-0.007903862169361835,0.010271278938423122,
marcel,P,2023,hr_pct,<=24,<150,2,2,0.008613002492213813,0.019281850170004323,
marcel,P,2023,hr_pct,<=24,>400,1,2,0.00030632620955957455,0.0023930858469480448,
marcel,P,2023,hr_pct,<=24,>400,2,3,-0.006382930229926767,0.007013225657579461,
marcel,P,2023,hr_pct,>=34,150-400,2,3,0.0007993920198971121,0.0038506673903240586,
marcel,P,2023,hr_pct,>=34,150-400,3+,12,0.002521980530184302,0.010134231879153665,
marcel,P,2023,hr_pct,>=34,<150,2,4,-0.005174003827874893,0.005592645737159257,
marcel,P,2023,hr_pct,>=34,<150,3+,3,-0.009289126885564243,0.009830648805816512,
marcel,P,2023,hr_pct,>=34,>400,2,2,-0.001135036999528521,0.0024619355648976523,
marcel,P,2023,hr_pct,>=34,>400,3+,17,-0.007379901803662185,0.01399101085729117,
tier2,P,2023,hr_pct,25-27,150-400,1,13,0.0029150128886871888,0.013002727031553505,0.38461538461538464
tier2,P,2023,hr_pct,25-27,150-400,2,19,0.0037189225264852343,0.011848005216558908,0.21052631578947367
tier2,P,2023,hr_pct,25-27,150-400,3+,20,-0.002560964399976203,0.009251495886356674,0.5
tier2,P,2023,hr_pct,25-27,<150,1,11,-0.008318295325992897,0.012758773165010394,0.5454545454545454
tier2,P,2023,hr_pct,25-27,<150,2,9,0.0007669273152795526,0.014161893563717292,0.0
tier2,P,2023,hr_pct,25-27,<150,3+,2,0.003396448582772952,0.00514541862063538,0.5
tier2,P,2023,hr_pct,25-27,>400,1,3,0.0049056252484615355,0.008547505309790373,0.6666666666666666
tier2,P,2023,hr_pct,25-27,>400,2,9,-0.001136848265774384,0.01330647070511187,0.1111111111111111
tier2,P,2023,hr_pct,25-27,>400,3+,16,-0.0002112718101419808,0.007896683863271744,0.625
tier2,P,2023,hr_pct,28-30,150-400,1,4,0.00824489128774517,0.011304708193947445,0.5
tier2,P,2023,hr_pct,28-30,150-400,2,9,0.0030242117090908734,0.01343704136437223,0.3333333333333333
tier2,P,2023,hr_pct,28-30,150-400,3+,30,0.0017248496878671305,0.010425775379365392,0.4666666666666667
tier2,P,2023,hr_pct,28-30,<150,1,3,-0.002513240305350922,0.016560861149437518,0.3333333333333333
tier2,P,2023,hr_pct,28-30,<150,2,5,0.009083275339293739,0.01675992510829644,0.2
tier2,P,2023,hr_pct,28-30,<150,3+,11,0.0028737751043832814,0.009530676202158158,0.45454545454545453
tier2,P,2023,hr_pct,28-30,>400,2,4,-0.022545775391156164,0.023254763694145943,0.0
tier2,P,2023,hr_pct,28-30,>400,3+,32,-0.002425881463579844,0.009819544785057234,0.46875
tier2,P,2023,hr_pct,31-33,150-400,1,3,-0.002831146606220968,0.010662534007511637,0.0
tier2,P,2023,hr_pct,31-33,150-400,2,3,0.01309173801094994,0.019123372302570586,0.3333333333333333
tier2,P,2023,hr_pct,31-33,150-400,3+,32,0.0006233196040756042,0.011717870869485711,0.5625
tier2,P,2023,hr_pct,31-33,<150,1,4,0.008708308800643424,0.010435913451005809,0.25
tier2,P,2023,hr_pct,31-33,<150,2,3,-0.0031200828002600463,0.007871654549973494,0.6666666666666666
tier2,P,2023,hr_pct,31-33,<150,3+,7,0.005310002413760189,0.0113464886317864,0.2857142857142857
tier2,P,2023,hr_pct,31-33,>400,1,1,0.01339052810807385,0.01339052810807385,0.0
tier2,P,2023,hr_pct,31-33,>400,2,3,0.0025523878338539153,0.007814452283338444,0.3333333333333333
tier2,P,2023,hr_pct,31-33,>400,3+,18,0.0013350170386603989,0.009293354038591512,0.2777777777777778
tier2,P,2023,hr_pct,<=24,150-400,1,4,-0.004950042702262832,0.010722347650608267,0.25
tier2,P,2023,hr_pct,<=24,150-400,2,2,0.006425168020366945,0.01011724492982672,0.5
tier2,P,2023,hr_pct,<=24,150-400,3+,1,0.013950228524352496,0.013950228524352496,0.0
tier2,P,2023,hr_pct,<=24,<150,1,5,-0.0038189023832896404,0.0066339968228056895,0.8
tier2,P,2023,hr_pct,<=24,<150,2,2,0.008512826801472844,0.01839585409959355,0.0
tier2,P,2023,hr_pct,<=24,>400,1,2,0.003059767618836961,0.005106013755825911,0.5
tier2,P,2023,hr_pct,<=24,>400,2,3,-0.0030241140792705485,0.005335241406830959,0.6666666666666666
tier2,P,2023,hr_pct,>=34,150-400,2,3,0.0027669479805636317,0.004044624569332202,0.6666666666666666
tier2,P,2023,hr_pct,>=34,150-400,3+,12,0.0028991955191990113,0.008573930461157668,0.5
tier2,P,2023,hr_pct,>=34,<150,2,4,-0.007239969467579839,0.008097255618672672,0.75
tier2,P,2023,hr_pct,>=34,<150,3+,3,-0.006351314697925971,0.007703681439539053,0.3333333333333333
tier2,P,2023,hr_pct,>=34,>400,2,2,0.0029856590718271483,0.003985385432621066,0.5
tier2,P,2023,hr_pct,>=34,>400,3+,17,-0.005287939270763389,0.012814829142204654,0.35294117647058826
tier3,P,2023,hr_pct,25-27,150-400,1,13,0.0029858729618895395,0.012459375645621074,0.38461538461538464
tier3,P,2023,hr_pct,25-27,150-400,2,19,0.0038821232059864123,0.013243296854216977,0.5263157894736842
tier3,P,2023,hr_pct,25-27,150-400,3+,20,-0.003606763841510763,0.010479461587482784,0.6
tier3,P,2023,hr_pct,25-27,<150,1,11,-0.007623056142406022,0.01325505822208576,0.6363636363636364
tier3,P,2023,hr_pct,25-27,<150,2,9,0.002284688437818152,0.0133309275861508,0.5555555555555556
tier3,P,2023,hr_pct,25-27,<150,3+,2,0.002666170360310724,0.00471449944142816,1.0
tier3,P,2023,hr_pct,25-27,>400,1,3,0.0036338587144410335,0.009256548859931622,0.6666666666666666
tier3,P,2023,hr_pct,25-27,>400,2,9,-0.001365003038432558,0.013593119373392493,0.3333333333333333
tier3,P,2023,hr_pct,25-27,>400,3+,16,-0.0008143992640694696,0.007425710349677842,0.625
tier3,P,2023,hr_pct,28-30,150-400,1,4,0.007792687089234173,0.013521914185846706,0.5
tier3,P,2023,hr_pct,28-30,150-400,2,9,0.0017651039726365525,0.014174742359325013,0.5555555555555556
tier3,P,2023,hr_pct,28-30,150-400,3+,30,3.358205250172022e-05,0.010205650263565352,0.5
tier3,P,2023,hr_pct,28-30,<150,1,3,-0.0003700781287012409,0.013595648364321446,0.3333333333333333
tier3,P,2023,hr_pct,28-30,<150,2,5,0.008265549670753589,0.017373630268775288,0.6
tier3,P,2023,hr_pct,28-30,<150,3+,11,0.0026620345985640813,0.00980731301731704,0.7272727272727273
tier3,P,2023,hr_pct,28-30,>400,2,4,-0.019955764481316998,0.02049299314333109,0.0
tier3,P,2023,hr_pct,28-30,>400,3+,32,-0.0018866754064279885,0.010494423545246495,0.5625
tier3,P,2023,hr_pct,31-33,150-400,1,3,-0.00494646993512185,0.010866907566771496,0.6666666666666666
tier3,P,2023,hr_pct,31-33,150-400,2,3,0.010342332751492735,0.016580443404731224,0.3333333333333333
tier3,P,2023,hr_pct,31-33,150-400,3+,32,0.0008039889666966874,0.013617685986275675,0.4375
tier3,P,2023,hr_pct,31-33,<150,1,4,0.009327651729515659,0.009720194136843252,0.75
tier3,P,2023,hr_pct,31-33,<150,2,3,0.002706020012849237,0.006037074630101777,1.0
tier3,P,2023,hr_pct,31-33,<150,3+,7,0.0038360513925946088,0.011942755228626858,0.42857142857142855
tier3,P,2023,hr_pct,31-33,>400,1,1,0.012527743983121922,0.012527743983121922,0.0
tier3,P,2023,hr_pct,31-33,>400,2,3,0.007592260567009807,0.010640895774916613,0.3333333333333333
tier3,P,2023,hr_pct,31-33,>400,3+,18,0.003863419399828135,0.011625988528243227,0.3888888888888889
tier3,P,2023,hr_pct,<=24,150-400,1,4,-0.005265308802201675,0.011379258574563933,0.25
tier3,P,2023,hr_pct,<=24,150-400,2,2,0.007003116343242816,0.008376199849326704,0.5
tier3,P,2023,hr_pct,<=24,150-400,3+,1,0.006770282407397585,0.006770282407397585,0.0
tier3,P,2023,hr_pct,<=24,<150,1,5,-0.0036495232133944375,0.007686328866991315,0.8
tier3,P,2023,hr_pct,<=24,<150,2,2,0.01051240907456936,0.022135888872544845,0.5
tier3,P,2023,hr_pct,<=24,>400,1,2,0.002171842338915053,0.0021786924454155728,1.0
tier3,P,2023,hr_pct,<=24,>400,2,3,-0.0020867601974469065,0.006376517014635075,0.6666666666666666
tier3,P,2023,hr_pct,>=34,150-400,2,3,-0.0003473636755705911,0.004409898963481839,1.0
tier3,P,2023,hr_pct,>=34,150-400,3+,12,0.000879006200356162,0.0104531055995371,0.4166666666666667
tier3,P,2023,hr_pct,>=34,<150,2,4,-0.006947452856153728,0.0077977586886041825,1.0
tier3,P,2023,hr_pct,>=34,<150,3+,3,-0.006676408717934578,0.011067564311739619,0.6666666666666666
tier3,P,2023,hr_pct,>=34,>400,2,2,0.0013002123860125835,0.0015728243699346042,1.0
tier3,P,2023,hr_pct,>=34,>400,3+,17,-0.005594373384532174,0.0140090014636749,0.35294117647058826
marcel,P,2024,hr_pct,25-27,150-400,1,11,0.004273112769418171,0.006433517876447564,
marcel,P,2024,hr_pct,25-27,150-400,2,19,0.004831086983152534,0.009090238489120913,
marcel,P,2024,hr_pct,25-27,150-400,3+,16,0.0035497518489998096,0.010009470064061091,
marcel,P,2024,hr_pct,25-27,<150,1,13,-0.0003976613193068002,0.016458085080378944,
marcel,P,2024,hr_pct,25-27,<150,2,7,0.004063814121979369,0.007969116450561224,
marcel,P,2024,hr_pct,25-27,<150,3+,6,-0.004142660025073241,0.012960302440974372,
marcel,P,2024,hr_pct,25-27,>400,1,7,-0.005297174111859778,0.013326892226512684,
marcel,P,2024,hr_pct,25-27,>400,2,9,0.004676990623592393,0.008270051245023334,
marcel,P,2024,hr_pct,25-27,>400,3+,6,0.0005886675657402295,0.004787791138253021,
marcel,P,2024,hr_pct,28-30,150-400,1,3,0.013045550756927475,0.013291272910787097,
marcel,P,2024,hr_pct,28-30,150-400,2,8,0.005021367185448636,0.007085307507604602,
marcel,P,2024,hr_pct,28-30,150-400,3+,34,0.000540139559269257,0.011726648147253525,
marcel,P,2024,hr_pct,28-30,<150,1,3,0.013968172805340458,0.014086690695339245,
marcel,P,2024,hr_pct,28-30,<150,2,9,-0.000891526999916678,0.014338885429539608,
marcel,P,2024,hr_pct,28-30,<150,3+,9,0.00453489547886022,0.0076884678224694285,
marcel,P,2024,hr_pct,28-30,>400,2,2,-0.0009633631504072758,0.0030094084601446133,
marcel,P,2024,hr_pct,28-30,>400,3+,31,-0.0004571955710274979,0.007022116403524127,
marcel,P,2024,hr_pct,31-33,150-400,1,1,0.005847576539903518,0.005847576539903518,
marcel,P,2024,hr_pct,31-33,150-400,2,4,-0.0017107143420227009,0.011548991176345643,
marcel,P,2024,hr_pct,31-33,150-400,3+,29,0.0031184636437243704,0.008537469556410033,
marcel,P,2024,hr_pct,31-33,<150,1,1,0.012428957548099775,0.012428957548099775,
marcel,P,2024,hr_pct,31-33,<150,2,6,0.004957851218945533,0.005680584272791382,
marcel,P,2024,hr_pct,31-33,<150,3+,5,-0.0040273816597040015,0.00738997293761431,
marcel,P,2024,hr_pct,31-33,>400,2,2,0.0027048441569942796,0.004698866759293697,
marcel,P,2024,hr_pct,31-33,>400,3+,21,-0.0004276017845416371,0.009739424694387525,
marcel,P,2024,hr_pct,<=24,150-400,1,3,0.004574009812462334,0.0048345203853605795,
marcel,P,2024,hr_pct,<=24,150-400,2,1,-0.005343411798009033,0.005343411798009033,
marcel,P,2024,hr_pct,<=24,150-400,3+,3,0.0032857892352212313,0.00730816586484664,
marcel,P,2024,hr_pct,<=24,<150,1,7,0.005464552750705071,0.012854497316784808,
marcel,P,2024,hr_pct,<=24,<150,2,1,0.0026626499213926735,0.0026626499213926735,
marcel,P,2024,hr_pct,<=24,>400,1,3,0.0057275094606433685,0.009204271565976007,
marcel,P,2024,hr_pct,<=24,>400,2,1,0.016944939632445803,0.016944939632445803,
marcel,P,2024,hr_pct,<=24,>400,3+,1,-0.017813398380121206,0.017813398380121206,
marcel,P,2024,hr_pct,>=34,150-400,1,1,0.018545721555923347,0.018545721555923347,
marcel,P,2024,hr_pct,>=34,150-400,2,3,0.010293154889286227,0.01573088222852383,
marcel,P,2024,hr_pct,>=34,150-400,3+,17,0.0013579291343452165,0.01271901101701649,
marcel,P,2024,hr_pct,>=34,<150,1,1,0.007321760591920724,0.007321760591920724,
marcel,P,2024,hr_pct,>=34,<150,2,2,-0.008421931834591001,0.010011337671416208,
marcel,P,2024,hr_pct,>=34,<150,3+,6,-0.002629818188729547,0.008869967703094027,
marcel,P,2024,hr_pct,>=34,>400,2,3,-0.0030371079723091224,0.010446511679387083,
marcel,P,2024,hr_pct,>=34,>400,3+,17,0.0013518051002547086,0.00860276358947719,
tier2,P,2024,hr_pct,25-27,150-400,1,11,0.002883273136917038,0.0059110993382869,0.6363636363636364
tier2,P,2024,hr_pct,25-27,150-400,2,19,0.004907104171963578,0.009734156537055299,0.42105263157894735
tier2,P,2024,hr_pct,25-27,150-400,3+,16,0.004159879797264409,0.01082707648535299,0.25
tier2,P,2024,hr_pct,25-27,<150,1,13,-0.0003828565249551426,0.01557118832871927,0.23076923076923078
tier2,P,2024,hr_pct,25-27,<150,2,7,0.002586163306192508,0.007775672563759093,0.42857142857142855
tier2,P,2024,hr_pct,25-27,<150,3+,6,-0.0032156475684309675,0.013263149739357737,0.3333333333333333
tier2,P,2024,hr_pct,25-27,>400,1,7,-0.005728340530161231,0.012612322137088915,0.5714285714285714
tier2,P,2024,hr_pct,25-27,>400,2,9,0.004793208902935733,0.007486837021167062,0.4444444444444444
tier2,P,2024,hr_pct,25-27,>400,3+,6,0.0008102510521848605,0.004776599526889999,0.6666666666666666
tier2,P,2024,hr_pct,28-30,150-400,1,3,0.012829552240586154,0.013171620876622152,0.0
tier2,P,2024,hr_pct,28-30,150-400,2,8,0.004395640473788301,0.006555717360651855,0.625
tier2,P,2024,hr_pct,28-30,150-400,3+,34,0.001969013024772018,0.011791068753400679,0.35294117647058826
tier2,P,2024,hr_pct,28-30,<150,1,3,0.01703334277687902,0.0170420528125774,0.0
tier2,P,2024,hr_pct,28-30,<150,2,9,-7.661236038815919e-05,0.013971442641615381,0.4444444444444444
tier2,P,2024,hr_pct,28-30,<150,3+,9,0.005203887054963089,0.007379709777020392,0.4444444444444444
tier2,P,2024,hr_pct,28-30,>400,2,2,-0.003423322402323404,0.004408812892589745,1.0
tier2,P,2024,hr_pct,28-30,>400,3+,31,-0.0006068924991768079,0.006846971271422028,0.41935483870967744
tier2,P,2024,hr_pct,31-33,150-400,1,1,0.005922375561852135,0.005922375561852135,1.0
tier2,P,2024,hr_pct,31-33,150-400,2,4,-0.0009671168726688162,0.011644790774919981,0.5
tier2,P,2024,hr_pct,31-33,150-400,3+,29,0.003173060140991632,0.008945508305363042,0.3793103448275862
tier2,P,2024,hr_pct,31-33,<150,1,1,0.00849187352485441,0.00849187352485441,0.0
tier2,P,2024,hr_pct,31-33,<150,2,6,0.0037940912728620536,0.006463202326206269,0.5
tier2,P,2024,hr_pct,31-33,<150,3+,5,-0.0031981755219555926,0.00761039343912294,0.4
tier2,P,2024,hr_pct,31-33,>400,2,2,0.0023270869176225577,0.00505084501409596,0.5
tier2,P,2024,hr_pct,31-33,>400,3+,21,-0.0008578289354999289,0.009756927927491433,0.42857142857142855
tier2,P,2024,hr_pct,<=24,150-400,1,3,0.0035393818677323234,0.004551920526003906,0.6666666666666666
tier2,P,2024,hr_pct,<=24,150-400,2,1,-0.004140116774740403,0.004140116774740403,1.0
tier2,P,2024,hr_pct,<=24,150-400,3+,3,0.0033009252827658443,0.006703241524636799,0.6666666666666666
tier2,P,2024,hr_pct,<=24,<150,1,7,0.00403877101033387,0.013266213302118541,0.14285714285714285
tier2,P,2024,hr_pct,<=24,<150,2,1,0.003528130287550439,0.003528130287550439,1.0
tier2,P,2024,hr_pct,<=24,>400,1,3,0.00301726976521241,0.00942570977651524,0.6666666666666666
tier2,P,2024,hr_pct,<=24,>400,2,1,0.015543071876914845,0.015543071876914845,0.0
tier2,P,2024,hr_pct,<=24,>400,3+,1,-0.01687399397771488,0.01687399397771488,0.0
tier2,P,2024,hr_pct,>=34,150-400,1,1,0.014727619406289662,0.014727619406289662,0.0
tier2,P,2024,hr_pct,>=34,150-400,2,3,0.008374859138486915,0.01294657022252576,0.3333333333333333
tier2,P,2024,hr_pct,>=34,150-400,3+,17,0.0021391869260040082,0.01170169628250493,0.4117647058823529
tier2,P,2024,hr_pct,>=34,<150,1,1,0.009015722763847017,0.009015722763847017,0.0
tier2,P,2024,hr_pct,>=34,<150,2,2,-0.009515125693904782,0.012478693958938662,0.5
tier2,P,2024,hr_pct,>=34,<150,3+,6,-0.00240440467909055,0.008711442509524471,0.5
tier2,P,2024,hr_pct,>=34,>400,2,3,-0.0023130462812866242,0.009304701620636551,0.3333333333333333
tier2,P,2024,hr_pct,>=34,>400,3+,17,0.0013232786747749477,0.007812945710050817,0.4117647058823529
tier3,P,2024,hr_pct,25-27,150-400,1,11,0.00444582995325706,0.006754174677839581,0.7272727272727273
tier3,P,2024,hr_pct,25-27,150-400,2,19,0.0054212933024200965,0.010645274806414985,0.6842105263157895
tier3,P,2024,hr_pct,25-27,150-400,3+,16,0.001437668201018525,0.009932062154185186,0.4375
tier3,P,2024,hr_pct,25-27,<150,1,13,0.000388485426248105,0.015141836044174625,0.46153846153846156
tier3,P,2024,hr_pct,25-27,<150,2,7,0.00422651527686581,0.01245778000277898,0.42857142857142855
tier3,P,2024,hr_pct,25-27,<150,3+,6,-0.0035708739813474916,0.01493571677571447,0.3333333333333333
tier3,P,2024,hr_pct,25-27,>400,1,7,-0.003935998558301046,0.014157025616203365,0.2857142857142857
tier3,P,2024,hr_pct,25-27,>400,2,9,0.007627765732386356,0.011923275203717857,0.4444444444444444
tier3,P,2024,hr_pct,25-27,>400,3+,6,0.0015562899209863774,0.005613831433325282,0.6666666666666666
tier3,P,2024,hr_pct,28-30,150-400,1,3,0.009218204034300187,0.009439481374810106,0.0
tier3,P,2024,hr_pct,28-30,150-400,2,8,0.004520666329189212,0.007387277897185679,0.75
tier3,P,2024,hr_pct,28-30,150-400,3+,34,-9.66243772541337e-05,0.010798051829711327,0.5588235294117647
tier3,P,2024,hr_pct,28-30,<150,1,3,0.014645513249143233,0.01496375311850722,0.0
tier3,P,2024,hr_pct,28-30,<150,2,9,0.0005867555187095545,0.016232400747993862,0.4444444444444444
tier3,P,2024,hr_pct,28-30,<150,3+,9,0.005406638943049427,0.007609199955447003,0.7777777777777778
tier3,P,2024,hr_pct,28-30,>400,2,2,0.001786696317443483,0.004260392610013374,1.0
tier3,P,2024,hr_pct,28-30,>400,3+,31,0.00023666628987970267,0.008165306496202219,0.5161290322580645
tier3,P,2024,hr_pct,31-33,150-400,1,1,0.006440457789866613,0.006440457789866613,1.0
tier3,P,2024,hr_pct,31-33,150-400,2,4,0.0007783254434364363,0.009946155509242148,0.75
tier3,P,2024,hr_pct,31-33,150-400,3+,29,0.002303974052015469,0.009216472053981743,0.6206896551724138
tier3,P,2024,hr_pct,31-33,<150,1,1,0.011800649736743576,0.011800649736743576,1.0
tier3,P,2024,hr_pct,31-33,<150,2,6,0.006170337552221308,0.008878484991152137,1.0
tier3,P,2024,hr_pct,31-33,<150,3+,5,-0.003138925920101946,0.007287585989962488,0.8
tier3,P,2024,hr_pct,31-33,>400,2,2,0.0016787039287711279,0.004421673556797522,1.0
tier3,P,2024,hr_pct,31-33,>400,3+,21,0.00042548265375662195,0.009884166639407251,0.6666666666666666
tier3,P,2024,hr_pct,<=24,150-400,1,3,0.0012492567386012373,0.002890927181747073,1.0
tier3,P,2024,hr_pct,<=24,150-400,2,1,-0.0027712426664964346,0.0027712426664964346,1.0
tier3,P,2024,hr_pct,<=24,150-400,3+,3,0.004195468469308647,0.005875612468823324,1.0
tier3,P,2024,hr_pct,<=24,<150,1,7,0.005687987307296399,0.012207709626751032,0.42857142857142855
tier3,P,2024,hr_pct,<=24,<150,2,1,0.007980261735434889,0.007980261735434889,1.0
tier3,P,2024,hr_pct,<=24,>400,1,3,0.005421303225770565,0.010910852242172297,0.6666666666666666
tier3,P,2024,hr_pct,<=24,>400,2,1,0.01659051305083451,0.01659051305083451,0.0
tier3,P,2024,hr_pct,<=24,>400,3+,1,-0.019059194624427518,0.019059194624427518,0.0
tier3,P,2024,hr_pct,>=34,150-400,1,1,0.01600000454046741,0.01600000454046741,0.0
tier3,P,2024,hr_pct,>=34,150-400,2,3,0.010682287617374202,0.01532955506245712,0.3333333333333333
tier3,P,2024,hr_pct,>=34,150-400,3+,17,0.00036549452568287414,0.0132354558011127,0.35294117647058826
tier3,P,2024,hr_pct,>=34,<150,1,1,0.0036205614800945765,0.0036205614800945765,1.0
tier3,P,2024,hr_pct,>=34,<150,2,2,-0.006941622134985653,0.011897617434448449,0.5
tier3,P,2024,hr_pct,>=34,<150,3+,6,-0.0017836727157119231,0.010768929837722364,0.6666666666666666
tier3,P,2024,hr_pct,>=34,>400,2,3,-0.0027350086485234994,0.010621758181377257,0.3333333333333333
tier3,P,2024,hr_pct,>=34,>400,3+,17,0.002387392436484847,0.009088211389645868,0.5882352941176471
marcel,P,2021,k_pct,25-27,150-400,1,2,-0.007837980238851691,0.009258360668478054,
marcel,P,2021,k_pct,25-27,150-400,2,12,0.005762682277164111,0.05032321808484618,
marcel,P,2021,k_pct,25-27,150-400,3+,17,-0.010670937807663127,0.03164609546121193,
marcel,P,2021,k_pct,25-27,<150,1,18,0.02023363714670765,0.05568950600783137,
marcel,P,2021,k_pct,25-27,<150,2,22,0.008545442782257164,0.04483948013801836,
marcel,P,2021,k_pct,25-27,<150,3+,24,-0.019988100880385287,0.03916160510927398,
marcel,P,2021,k_pct,28-30,150-400,2,3,-0.01606977322095867,0.03390311976206709,
marcel,P,2021,k_pct,28-30,150-400,3+,33,-0.0059827609312019525,0.02914345172972,
marcel,P,2021,k_pct,28-30,<150,1,4,-0.004680288188352261,0.021251882868192396,
marcel,P,2021,k_pct,28-30,<150,2,18,-0.005075554539127287,0.042401405640535315,
marcel,P,2021,k_pct,28-30,<150,3+,40,-0.008119043377681339,0.04491000815750512,
marcel,P,2021,k_pct,31-33,150-400,1,1,0.03404846749390175,0.03404846749390175,
marcel,P,2021,k_pct,31-33,150-400,3+,21,0.001476279034709004,0.04485510062488631,
marcel,P,2021,k_pct,31-33,<150,1,1,-0.07023224101299277,0.07023224101299277,
marcel,P,2021,k_pct,31-33,<150,2,9,0.01414965810782345,0.039972141879394914,
marcel,P,2021,k_pct,31-33,<150,3+,34,-0.029538467835996774,0.06867776235046333,
marcel,P,2021,k_pct,<=24,150-400,1,3,0.0028021738249099162,0.03839397023199297,
marcel,P,2021,k_pct,<=24,150-400,2,3,-0.016066549019527775,0.03328077736051671,
marcel,P,2021,k_pct,<=24,150-400,3+,2,-0.004355628596175087,0.023983146952711424,
marcel,P,2021,k_pct,<=24,<150,1,14,0.008136839844176368,0.03168879092582892,
marcel,P,2021,k_pct,<=24,<150,2,4,-0.0013652399980618561,0.031056737665377115,
marcel,P,2021,k_pct,<=24,<150,3+,2,0.08246696297931679,0.08255139021569927,
marcel,P,2021,k_pct,>=34,150-400,3+,15,0.011030158939645703,0.032282325883600436,
marcel,P,2021,k_pct,>=34,<150,1,4,-0.006162375429913748,0.03497254944490769,
marcel,P,2021,k_pct,>=34,<150,2,3,0.01312685816212951,0.04978416906043915,
marcel,P,2021,k_pct,>=34,<150,3+,20,0.004568012158474676,0.04648250315098684,
tier2,P,2021,k_pct,25-27,150-400,1,2,-0.021132236075295137,0.025096988418243253,1.0
tier2,P,2021,k_pct,25-27,150-400,2,12,-0.004391941136341542,0.054618917585328504,0.75
tier2,P,2021,k_pct,25-27,150-400,3+,17,-0.006147921929384692,0.027092479207838166,0.9411764705882353
tier2,P,2021,k_pct,25-27,<150,1,18,0.015754233133600595,0.05638610712587572,0.7222222222222222
tier2,P,2021,k_pct,25-27,<150,2,22,0.0020506509294014423,0.03620680631131595,0.8181818181818182
tier2,P,2021,k_pct,25-27,<150,3+,24,-0.0101316169469702,0.04005783022845087,0.75
tier2,P,2021,k_pct,28-30,150-400,2,3,-0.016100936930981993,0.04456013389847989,0.3333333333333333
tier2,P,2021,k_pct,28-30,150-400,3+,33,-0.010596368113867194,0.03174078250910962,0.8484848484848485
tier2,P,2021,k_pct,28-30,<150,1,4,0.0012655235199420692,0.008165915110712357,1.0
tier2,P,2021,k_pct,28-30,<150,2,18,-0.01094022291744211,0.043052878963096286,0.8333333333333334
tier2,P,2021,k_pct,28-30,<150,3+,40,-0.006698774544798271,0.046254068559423434,0.775
tier2,P,2021,k_pct,31-33,150-400,1,1,-0.002745818269617839,0.002745818269617839,1.0
tier2,P,2021,k_pct,31-33,150-400,3+,21,-0.014984255270568226,0.04403359141858468,0.7142857142857143
tier2,P,2021,k_pct,31-33,<150,1,1,-0.04560854581246948,0.04560854581246948,1.0
tier2,P,2021,k_pct,31-33,<150,2,9,0.006510132162405034,0.03729593351079158,0.7777777777777778
tier2,P,2021,k_pct,31-33,<150,3+,34,-0.023053641044578688,0.06270956902141599,0.6470588235294118
tier2,P,2021,k_pct,<=24,150-400,1,3,-0.00828126338034687,0.03566020467487313,0.6666666666666666
tier2,P,2021,k_pct,<=24,150-400,2,3,-0.032746735704943276,0.050298204021162196,0.6666666666666666
tier2,P,2021,k_pct,<=24,150-400,3+,2,-0.029318983494163696,0.03383104710328448,1.0
tier2,P,2021,k_pct,<=24,<150,1,14,0.0007439485258988743,0.029275768675898397,1.0
tier2,P,2021,k_pct,<=24,<150,2,4,-0.0289837303920653,0.04514379056326521,0.75
tier2,P,2021,k_pct,<=24,<150,3+,2,0.05668339306130191,0.05685236160105003,0.0
tier2,P,2021,k_pct,>=34,150-400,3+,15,-0.004264581525091103,0.028913695451151467,0.8666666666666667
tier2,P,2021,k_pct,>=34,<150,1,4,-0.02811427229929534,0.03559512905855768,0.75
tier2,P,2021,k_pct,>=34,<150,2,3,-0.011961717767897355,0.06045241602076405,0.3333333333333333
tier2,P,2021,k_pct,>=34,<150,3+,20,-0.011853161612541298,0.04900054778459802,0.65
tier3,P,2021,k_pct,25-27,150-400,1,2,-0.021132236075295137,0.025096988418243253,1.0
tier3,P,2021,k_pct,25-27,150-400,2,12,-0.004391941136341542,0.054618917585328504,0.75
tier3,P,2021,k_pct,25-27,150-400,3+,17,-0.006147921929384692,0.027092479207838166,0.9411764705882353
tier3,P,2021,k_pct,25-27,<150,1,18,0.015754233133600595,0.05638610712587572,0.7222222222222222
tier3,P,2021,k_pct,25-27,<150,2,22,0.0020506509294014423,0.03620680631131595,0.8181818181818182
tier3,P,2021,k_pct,25-27,<150,3+,24,-0.0101316169469702,0.04005783022845087,0.75
tier3,P,2021,k_pct,28-30,150-400,2,3,-0.016100936930981993,0.04456013389847989,0.3333333333333333
tier3,P,2021,k_pct,28-30,150-400,3+,33,-0.010596368113867194,0.03174078250910962,0.8484848484848485
tier3,P,2021,k_pct,28-30,<150,1,4,0.0012655235199420692,0.008165915110712357,1.0
tier3,P,2021,k_pct,28-30,<150,2,18,-0.01094022291744211,0.043052878963096286,0.8333333333333334
tier3,P,2021,k_pct,28-30,<150,3+,40,-0.006698774544798271,0.046254068559423434,0.775
tier3,P,2021,k_pct,31-33,150-400,1,1,-0.002745818269617839,0.002745818269617839,1.0
tier3,P,2021,k_pct,31-33,150-400,3+,21,-0.014984255270568226,0.04403359141858468,0.7142857142857143
tier3,P,2021,k_pct,31-33,<150,1,1,-0.04560854581246948,0.04560854581246948,1.0
tier3,P,2021,k_pct,31-33,<150,2,9,0.006510132162405034,0.03729593351079158,0.7777777777777778
tier3,P,2021,k_pct,31-33,<150,3+,34,-0.023053641044578688,0.06270956902141599,0.6470588235294118
tier3,P,2021,k_pct,<=24,150-400,1,3,-0.00828126338034687,0.03566020467487313,0.6666666666666666
tier3,P,2021,k_pct,<=24,150-400,2,3,-0.032746735704943276,0.050298204021162196,0.6666666666666666
tier3,P,2021,k_pct,<=24,150-400,3+,2,-0.029318983494163696,0.03383104710328448,1.0
tier3,P,2021,k_pct,<=24,<150,1,14,0.0007439485258988743,0.029275768675898397,1.0
tier3,P,2021,k_pct,<=24,<150,2,4,-0.0289837303920653,0.04514379056326521,0.75
tier3,P,2021,k_pct,<=24,<150,3+,2,0.05668339306130191,0.05685236160105003,0.0
tier3,P,2021,k_pct,>=34,150-400,3+,15,-0.004264581525091103,0.028913695451151467,0.8666666666666667
tier3,P,2021,k_pct,>=34,<150,1,4,-0.02811427229929534,0.03559512905855768,0.75
tier3,P,2021,k_pct,>=34,<150,2,3,-0.011961717767897355,0.06045241602076405,0.3333333333333333
tier3,P,2021,k_pct,>=34,<150,3+,20,-0.011853161612541298,0.04900054778459802,0.65
marcel,P,2022,k_pct,25-27,150-400,1,13,-0.0001447330639741352,0.04862020876430266,
marcel,P,2022,k_pct,25-27,150-400,2,12,0.024712634507338908,0.056375636611550685,
marcel,P,2022,k_pct,25-27,150-400,3+,17,-0.025355757275165265,0.06343997145780357,
marcel,P,2022,k_pct,25-27,<150,1,15,0.021625784076230354,0.04410761893353531,
marcel,P,2022,k_pct,25-27,<150,2,8,0.004883559147985038,0.04277450026155052,
marcel,P,2022,k_pct,25-27,<150,3+,5,0.02081298204701524,0.0629596320340164,
marcel,P,2022,k_pct,25-27,>400,1,2,-0.006138140449889574,0.03294980599820538,
marcel,P,2022,k_pct,25-27,>400,2,9,-0.005504587196583034,0.034463664577685696,
marcel,P,2022,k_pct,25-27,>400,3+,24,0.023744015239454054,0.03385529182636442,
marcel,P,2022,k_pct,28-30,150-400,1,3,0.057253293401213365,0.05747652379260858,
marcel,P,2022,k_pct,28-30,150-400,2,5,0.018543491557356018,0.038511690645985766,
marcel,P,2022,k_pct,28-30,150-400,3+,31,0.001372459230712506,0.046956459939725866,
marcel,P,2022,k_pct,28-30,<150,1,8,-0.021595178156999642,0.051353448457065416,
marcel,P,2022,k_pct,28-30,<150,2,5,0.029508765109714803,0.05918540118249718,
marcel,P,2022,k_pct,28-30,<150,3+,8,-0.018491139859334777,0.04469141487674732,
marcel,P,2022,k_pct,28-30,>400,2,6,0.04303217536309149,0.04922662468547562,
marcel,P,2022,k_pct,28-30,>400,3+,30,0.012875186271301506,0.029691267356728772,
marcel,P,2022,k_pct,31-33,150-400,2,3,-0.0034253792080838194,0.02986397526536824,
marcel,P,2022,k_pct,31-33,150-400,3+,23,0.0022380657279655724,0.03369027366769729,
marcel,P,2022,k_pct,31-33,<150,1,1,0.06307766090318626,0.06307766090318626,
marcel,P,2022,k_pct,31-33,<150,2,4,0.05936426676646032,0.06009709382870091,
marcel,P,2022,k_pct,31-33,<150,3+,3,0.01504080428900453,0.02720115812714278,
marcel,P,2022,k_pct,31-33,>400,2,1,0.009926040205044673,0.009926040205044673,
marcel,P,2022,k_pct,31-33,>400,3+,21,0.006649978802733351,0.0307396400039641,
marcel,P,2022,k_pct,<=24,150-400,1,2,0.012961361019771502,0.013055219153931203,
marcel,P,2022,k_pct,<=24,150-400,2,3,-0.01708390481200373,0.02003233502954746,
marcel,P,2022,k_pct,<=24,150-400,3+,1,0.04454249858624995,0.04454249858624995,
marcel,P,2022,k_pct,<=24,<150,1,7,-0.01782991169751486,0.06938830225380072,
marcel,P,2022,k_pct,<=24,<150,2,2,-0.08078127339000384,0.10690729912742447,
marcel,P,2022,k_pct,<=24,>400,1,1,0.034984075013661936,0.034984075013661936,
marcel,P,2022,k_pct,<=24,>400,2,4,0.03623705386836594,0.039918671709649835,
marcel,P,2022,k_pct,<=24,>400,3+,2,-0.029859700257788568,0.04123229826633619,
marcel,P,2022,k_pct,>=34,150-400,1,2,0.0287703740694386,0.04121679443401881,
marcel,P,2022,k_pct,>=34,150-400,2,4,-0.03791130559999449,0.04408955620146817,
marcel,P,2022,k_pct,>=34,150-400,3+,19,-0.0008630650562412192,0.04595676380148831,
marcel,P,2022,k_pct,>=34,<150,1,1,-0.076727821657682,0.076727821657682,
marcel,P,2022,k_pct,>=34,<150,2,3,-0.008133500838001826,0.03825611631566589,
marcel,P,2022,k_pct,>=34,<150,3+,4,-0.013507332183587874,0.023832321844190485,
marcel,P,2022,k_pct,>=34,>400,2,1,0.026684230679187376,0.026684230679187376,
marcel,P,2022,k_pct,>=34,>400,3+,12,0.022524662248375137,0.03522501995235103,
tier2,P,2022,k_pct,25-27,150-400,1,13,0.0012754680216976958,0.06508384662392665,0.46153846153846156
tier2,P,2022,k_pct,25-27,150-400,2,12,0.022906304847900405,0.04900741807087797,0.5
tier2,P,2022,k_pct,25-27,150-400,3+,17,-0.02148126139990137,0.056758159358235166,0.7058823529411765
tier2,P,2022,k_pct,25-27,<150,1,15,0.010421924944316305,0.04572711929530894,0.8
tier2,P,2022,k_pct,25-27,<150,2,8,0.002861716808306266,0.03494816582540107,0.875
tier2,P,2022,k_pct,25-27,<150,3+,5,-0.003280183703250989,0.057532927703320025,0.4
tier2,P,2022,k_pct,25-27,>400,1,2,0.0008483671249228785,0.03005646199897049,1.0
tier2,P,2022,k_pct,25-27,>400,2,9,-0.006061412090518506,0.024231071639413057,1.0
tier2,P,2022,k_pct,25-27,>400,3+,24,0.025306239618648772,0.036309765220728936,0.5833333333333334
tier2,P,2022,k_pct,28-30,150-400,1,3,0.0332812022532758,0.03723237192155511,0.6666666666666666
tier2,P,2022,k_pct,28-30,150-400,2,5,0.004764873402421679,0.029441896102048157,1.0
tier2,P,2022,k_pct,28-30,150-400,3+,31,0.006432776323865643,0.04366548869982736,0.7419354838709677
tier2,P,2022,k_pct,28-30,<150,1,8,-0.017752934353874313,0.059870837735134755,0.75
tier2,P,2022,k_pct,28-30,<150,2,5,0.03900222197523808,0.058428663929294494,0.6
tier2,P,2022,k_pct,28-30,<150,3+,8,-0.012509396736682351,0.04218254772866494,0.875
tier2,P,2022,k_pct,28-30,>400,2,6,0.04283265669708351,0.050500193123063856,0.3333333333333333
tier2,P,2022,k_pct,28-30,>400,3+,30,0.011026224163771815,0.026088047570739556,0.9
tier2,P,2022,k_pct,31-33,150-400,2,3,-0.03130556100689232,0.04384545884708883,0.6666666666666666
tier2,P,2022,k_pct,31-33,150-400,3+,23,0.0114854917908383,0.03667800957978109,0.7391304347826086
tier2,P,2022,k_pct,31-33,<150,1,1,-0.00755121770519443,0.00755121770519443,1.0
tier2,P,2022,k_pct,31-33,<150,2,4,0.05959033213107301,0.06509496160705862,0.25
tier2,P,2022,k_pct,31-33,<150,3+,3,-0.006858335334477498,0.017434114870334257,1.0
tier2,P,2022,k_pct,31-33,>400,2,1,0.0010860131351467517,0.0010860131351467517,1.0
tier2,P,2022,k_pct,31-33,>400,3+,21,-0.00034783245856467594,0.026910405951785774,0.7619047619047619
tier2,P,2022,k_pct,<=24,150-400,1,2,0.005661259885597767,0.015946128901261975,1.0
tier2,P,2022,k_pct,<=24,150-400,2,3,-0.030813195926848315,0.031725635271457296,0.6666666666666666
tier2,P,2022,k_pct,<=24,150-400,3+,1,0.006365877471972148,0.006365877471972148,1.0
tier2,P,2022,k_pct,<=24,<150,1,7,-0.02107001234378383,0.08538722450084879,0.7142857142857143
tier2,P,2022,k_pct,<=24,<150,2,2,-0.08186483223087215,0.08758255602261263,0.5
tier2,P,2022,k_pct,<=24,>400,1,1,0.0440327716837515,0.0440327716837515,0.0
tier2,P,2022,k_pct,<=24,>400,2,4,0.036968744130383945,0.041608070107928365,0.5
tier2,P,2022,k_pct,<=24,>400,3+,2,-0.042699147015680616,0.04931036449567236,0.5
tier2,P,2022,k_pct,>=34,150-400,1,2,0.03415839403501325,0.047670654698187306,0.5
tier2,P,2022,k_pct,>=34,150-400,2,4,-0.02391854894728143,0.03803503450692339,0.75
tier2,P,2022,k_pct,>=34,150-400,3+,19,-0.0012031793596852295,0.04903635499362332,0.5789473684210527
tier2,P,2022,k_pct,>=34,<150,1,1,-0.10811776670637288,0.10811776670637288,0.0
tier2,P,2022,k_pct,>=34,<150,2,3,0.0014672806503299874,0.021307980016639676,1.0
tier2,P,2022,k_pct,>=34,<150,3+,4,-0.01322538952152199,0.0429042508877433,1.0
tier2,P,2022,k_pct,>=34,>400,2,1,0.005046791612454554,0.005046791612454554,1.0
tier2,P,2022,k_pct,>=34,>400,3+,12,0.01298549291852577,0.023501406790015247,0.8333333333333334
tier3,P,2022,k_pct,25-27,150-400,1,13,0.0012754680216976958,0.06508384662392665,0.46153846153846156
tier3,P,2022,k_pct,25-27,150-400,2,12,0.022906304847900405,0.04900741807087797,0.5
tier3,P,2022,k_pct,25-27,150-400,3+,17,-0.02148126139990137,0.056758159358235166,0.7058823529411765
tier3,P,2022,k_pct,25-27,<150,1,15,0.010421924944316305,0.04572711929530894,0.8
tier3,P,2022,k_pct,25-27,<150,2,8,0.002861716808306266,0.03494816582540107,0.875
tier3,P,2022,k_pct,25-27,<150,3+,5,-0.003280183703250989,0.057532927703320025,0.4
tier3,P,2022,k_pct,25-27,>400,1,2,0.0008483671249228785,0.03005646199897049,1.0
tier3,P,2022,k_pct,25-27,>400,2,9,-0.006061412090518506,0.024231071639413057,1.0
tier3,P,2022,k_pct,25-27,>400,3+,24,0.025306239618648772,0.036309765220728936,0.5833333333333334
tier3,P,2022,k_pct,28-30,150-400,1,3,0.0332812022532758,0.03723237192155511,0.6666666666666666
tier3,P,2022,k_pct,28-30,150-400,2,5,0.004764873402421679,0.029441896102048157,1.0
tier3,P,2022,k_pct,28-30,150-400,3+,31,0.006432776323865643,0.04366548869982736,0.7419354838709677
tier3,P,2022,k_pct,28-30,<150,1,8,-0.017752934353874313,0.059870837735134755,0.75
tier3,P,2022,k_pct,28-30,<150,2,5,0.03900222197523808,0.058428663929294494,0.6
tier3,P,2022,k_pct,28-30,<150,3+,8,-0.012509396736682351,0.04218254772866494,0.875
tier3,P,2022,k_pct,28-30,>400,2,6,0.04283265669708351,0.050500193123063856,0.3333333333333333
tier3,P,2022,k_pct,28-30,>400,3+,30,0.011026224163771815,0.026088047570739556,0.9
tier3,P,2022,k_pct,31-33,150-400,2,3,-0.03130556100689232,0.04384545884708883,0.6666666666666666
tier3,P,2022,k_pct,31-33,150-400,3+,23,0.0114854917908383,0.03667800957978109,0.7391304347826086
tier3,P,2022,k_pct,31-33,<150,1,1,-0.00755121770519443,0.00755121770519443,1.0
tier3,P,2022,k_pct,31-33,<150,2,4,0.05959033213107301,0.06509496160705862,0.25
tier3,P,2022,k_pct,31-33,<150,3+,3,-0.006858335334477498,0.017434114870334257,1.0
tier3,P,2022,k_pct,31-33,>400,2,1,0.0010860131351467517,0.0010860131351467517,1.0
tier3,P,2022,k_pct,31-33,>400,3+,21,-0.00034783245856467594,0.026910405951785774,0.7619047619047619
tier3,P,2022,k_pct,<=24,150-400,1,2,0.005661259885597767,0.015946128901261975,1.0
tier3,P,2022,k_pct,<=24,150-400,2,3,-0.030813195926848315,0.031725635271457296,0.6666666666666666
tier3,P,2022,k_pct,<=24,150-400,3+,1,0.006365877471972148,0.006365877471972148,1.0
tier3,P,2022,k_pct,<=24,<150,1,7,-0.02107001234378383,0.08538722450084879,0.7142857142857143
tier3,P,2022,k_pct,<=24,<150,2,2,-0.08186483223087215,0.08758255602261263,0.5
tier3,P,2022,k_pct,<=24,>400,1,1,0.0440327716837515,0.0440327716837515,0.0
tier3,P,2022,k_pct,<=24,>400,2,4,0.036968744130383945,0.041608070107928365,0.5
tier3,P,2022,k_pct,<=24,>400,3+,2,-0.042699147015680616,0.04931036449567236,0.5
tier3,P,2022,k_pct,>=34,150-400,1,2,0.03415839403501325,0.047670654698187306,0.5
tier3,P,2022,k_pct,>=34,150-400,2,4,-0.02391854894728143,0.03803503450692339,0.75
tier3,P,2022,k_pct,>=34,150-400,3+,19,-0.0012031793596852295,0.04903635499362332,0.5789473684210527
tier3,P,2022,k_pct,>=34,<150,1,1,-0.10811776670637288,0.10811776670637288,0.0
tier3,P,2022,k_pct,>=34,<150,2,3,0.0014672806503299874,0.021307980016639676,1.0
tier3,P,2022,k_pct,>=34,<150,3+,4,-0.01322538952152199,0.0429042508877433,1.0
tier3,P,2022,k_pct,>=34,>400,2,1,0.005046791612454554,0.005046791612454554,1.0
tier3,P,2022,k_pct,>=34,>400,3+,12,0.01298549291852577,0.023501406790015247,0.8333333333333334
marcel,P,2023,k_pct,25-27,150-400,1,13,-0.015012574810495954,0.04397226900353001,
marcel,P,2023,k_pct,25-27,150-400,2,19,-0.0014036207827362232,0.03753633509583327,
marcel,P,2023,k_pct,25-27,150-400,3+,20,0.0026133272656126087,0.03370279949896357,
marcel,P,2023,k_pct,25-27,<150,1,11,0.01870674432198087,0.038399850832240255,
marcel,P,2023,k_pct,25-27,<150,2,9,0.013165931488463845,0.040613063387168656,
marcel,P,2023,k_pct,25-27,<150,3+,2,0.03039980096871142,0.035652333114708175,
marcel,P,2023,k_pct,25-27,>400,1,3,0.0014010991980059166,0.01833907318811204,
marcel,P,2023,k_pct,25-27,>400,2,9,0.010249568814303146,0.032578722893270885,
marcel,P,2023,k_pct,25-27,>400,3+,16,0.004576622019687018,0.03641545906507822,
marcel,P,2023,k_pct,28-30,150-400,1,4,-0.061919224457315195,0.09456836006798572,
marcel,P,2023,k_pct,28-30,150-400,2,9,-0.01783651547558178,0.032901092195168284,
marcel,P,2023,k_pct,28-30,150-400,3+,30,-0.028215055782152644,0.04473872909880046,
marcel,P,2023,k_pct,28-30,<150,1,3,0.008488115045756054,0.023625413863867423,
marcel,P,2023,k_pct,28-30,<150,2,5,0.01465009851804945,0.05473470363097918,
marcel,P,2023,k_pct,28-30,<150,3+,11,-0.031889870402775175,0.04325856236803611,
marcel,P,2023,k_pct,28-30,>400,2,4,0.024519331664562966,0.043734510135760005,
marcel,P,2023,k_pct,28-30,>400,3+,32,0.010454498025496372,0.037298067752535344,
marcel,P,2023,k_pct,31-33,150-400,1,3,0.015431363703441905,0.04781267878224702,
marcel,P,2023,k_pct,31-33,150-400,2,3,-0.030019197359847122,0.03239170252602981,
marcel,P,2023,k_pct,31-33,150-400,3+,32,0.004834788053090023,0.032680714477050246,
marcel,P,2023,k_pct,31-33,<150,1,4,-0.05016927944102046,0.06576917964153216,
marcel,P,2023,k_pct,31-33,<150,2,3,0.026604796528033544,0.029742412744204524,
marcel,P,2023,k_pct,31-33,<150,3+,7,-0.02151448857987405,0.054438100948627395,
marcel,P,2023,k_pct,31-33,>400,1,1,-0.015765498449999443,0.015765498449999443,
marcel,P,2023,k_pct,31-33,>400,2,3,0.006584284022098107,0.006844058912165932,
marcel,P,2023,k_pct,31-33,>400,3+,18,0.013863051400111955,0.029491627213854246,
marcel,P,2023,k_pct,<=24,150-400,1,4,0.024572801458332377,0.03911097750239563,
marcel,P,2023,k_pct,<=24,150-400,2,2,-0.004974700234382288,0.01901862187695896,
marcel,P,2023,k_pct,<=24,150-400,3+,1,0.03627202678584043,0.03627202678584043,
marcel,P,2023,k_pct,<=24,<150,1,5,0.00782716857678869,0.054962947669848765,
marcel,P,2023,k_pct,<=24,<150,2,2,0.02558203344225824,0.03483169304645468,
marcel,P,2023,k_pct,<=24,>400,1,2,0.006051647697813856,0.03820530226988482,
marcel,P,2023,k_pct,<=24,>400,2,3,-0.023773821592523177,0.03994768936317524,
marcel,P,2023,k_pct,>=34,150-400,2,3,-0.0005170144117179407,0.05656038516341587,
marcel,P,2023,k_pct,>=34,150-400,3+,12,-0.0032365498566967353,0.047701285102332694,
marcel,P,2023,k_pct,>=34,<150,2,4,-0.04196408852410527,0.05132449391811131,
marcel,P,2023,k_pct,>=34,<150,3+,3,0.016646817866367618,0.03886753907318077,
marcel,P,2023,k_pct,>=34,>400,2,2,0.03601087328110619,0.036015732588740176,
marcel,P,2023,k_pct,>=34,>400,3+,17,0.012009472069613487,0.02963443883786247,
tier2,P,2023,k_pct,25-27,150-400,1,13,-0.016760987615158863,0.04515267892405253,0.6923076923076923
tier2,P,2023,k_pct,25-27,150-400,2,19,0.006235430649486168,0.038648845083900686,0.7894736842105263
tier2,P,2023,k_pct,25-27,150-400,3+,20,0.0028518424074081812,0.032752724141539596,0.7
tier2,P,2023,k_pct,25-27,<150,1,11,0.005976501727179425,0.04100813297814207,0.9090909090909091
tier2,P,2023,k_pct,25-27,<150,2,9,0.0018091588355161475,0.04157320043132503,0.7777777777777778
tier2,P,2023,k_pct,25-27,<150,3+,2,0.024154430370665735,0.026111257118517413,1.0
tier2,P,2023,k_pct,25-27,>400,1,3,-0.0018780736728896434,0.020860166619271942,1.0
tier2,P,2023,k_pct,25-27,>400,2,9,0.014039677783852803,0.032240453715388404,0.5555555555555556
tier2,P,2023,k_pct,25-27,>400,3+,16,0.006569596890012338,0.04339707659099854,0.5
tier2,P,2023,k_pct,28-30,150-400,1,4,-0.04035954229566784,0.07050355954444555,0.75
tier2,P,2023,k_pct,28-30,150-400,2,9,-0.014191148902420238,0.03644649180946132,0.6666666666666666
tier2,P,2023,k_pct,28-30,150-400,3+,30,-0.012128296563072967,0.04120233501183664,0.7333333333333333
tier2,P,2023,k_pct,28-30,<150,1,3,0.0031017246953011675,0.01546232309794416,1.0
tier2,P,2023,k_pct,28-30,<150,2,5,-0.007036501878465976,0.06785504660967576,0.6
tier2,P,2023,k_pct,28-30,<150,3+,11,-0.01612729002785306,0.04595307911449485,0.8181818181818182
tier2,P,2023,k_pct,28-30,>400,2,4,0.02035037779037215,0.05328095083304977,0.25
tier2,P,2023,k_pct,28-30,>400,3+,32,0.008600371680795395,0.038018809017764006,0.59375
tier2,P,2023,k_pct,31-33,150-400,1,3,-0.00405040066391452,0.02685939001772479,1.0
tier2,P,2023,k_pct,31-33,150-400,2,3,-0.018360206011526384,0.01958801817220602,1.0
tier2,P,2023,k_pct,31-33,150-400,3+,32,0.009216090240346041,0.03494944991410334,0.75
tier2,P,2023,k_pct,31-33,<150,1,4,-0.0480323261634718,0.06053788492988042,0.25
tier2,P,2023,k_pct,31-33,<150,2,3,-0.013556382115848909,0.02042723743693539,1.0
tier2,P,2023,k_pct,31-33,<150,3+,7,-0.037984423751528384,0.055537645021571255,0.7142857142857143
tier2,P,2023,k_pct,31-33,>400,1,1,-0.03046127915237523,0.03046127915237523,1.0
tier2,P,2023,k_pct,31-33,>400,2,3,-0.0013277699601806695,0.0017422666356781433,1.0
tier2,P,2023,k_pct,31-33,>400,3+,18,0.0107178150560201,0.02799674012211056,0.8333333333333334
tier2,P,2023,k_pct,<=24,150-400,1,4,0.022000189916654436,0.03428340968580222,0.75
tier2,P,2023,k_pct,<=24,150-400,2,2,0.027841843545705743,0.04204770252034296,0.5
tier2,P,2023,k_pct,<=24,150-400,3+,1,0.025434043119310773,0.025434043119310773,1.0
tier2,P,2023,k_pct,<=24,<150,1,5,0.009918096714399657,0.048335071823857545,0.8
tier2,P,2023,k_pct,<=24,<150,2,2,-0.00031622847296557816,0.020910459003430533,1.0
tier2,P,2023,k_pct,<=24,>400,1,2,0.01600562476214552,0.022245135082090788,0.5
tier2,P,2023,k_pct,<=24,>400,2,3,-0.0017355340422193777,0.025672072513906626,1.0
tier2,P,2023,k_pct,>=34,150-400,2,3,0.017598172738437314,0.05765878026523558,0.3333333333333333
tier2,P,2023,k_pct,>=34,150-400,3+,12,0.0066976898421798855,0.040078345813408085,0.75
tier2,P,2023,k_pct,>=34,<150,2,4,-0.018058797290216807,0.02927380351178985,1.0
tier2,P,2023,k_pct,>=34,<150,3+,3,-0.00826484041817444,0.027749855538265256,0.6666666666666666
tier2,P,2023,k_pct,>=34,>400,2,2,0.03568515768458256,0.03940630926195883,0.5
tier2,P,2023,k_pct,>=34,>400,3+,17,0.0036597921624644063,0.0276461437181254,0.7058823529411765
tier3,P,2023,k_pct,25-27,150-400,1,13,-0.016760987615158863,0.04515267892405253,0.6923076923076923
tier3,P,2023,k_pct,25-27,150-400,2,19,0.006235430649486168,0.038648845083900686,0.7894736842105263
tier3,P,2023,k_pct,25-27,150-400,3+,20,0.0028518424074081812,0.032752724141539596,0.7
tier3,P,2023,k_pct,25-27,<150,1,11,0.005976501727179425,0.04100813297814207,0.9090909090909091
tier3,P,2023,k_pct,25-27,<150,2,9,0.0018091588355161475,0.04157320043132503,0.7777777777777778
tier3,P,2023,k_pct,25-27,<150,3+,2,0.024154430370665735,0.026111257118517413,1.0
tier3,P,2023,k_pct,25-27,>400,1,3,-0.0018780736728896434,0.020860166619271942,1.0
tier3,P,2023,k_pct,25-27,>400,2,9,0.014039677783852803,0.032240453715388404,0.5555555555555556
tier3,P,2023,k_pct,25-27,>400,3+,16,0.006569596890012338,0.04339707659099854,0.5
tier3,P,2023,k_pct,28-30,150-400,1,4,-0.04035954229566784,0.07050355954444555,0.75
tier3,P,2023,k_pct,28-30,150-400,2,9,-0.014191148902420238,0.03644649180946132,0.6666666666666666
tier3,P,2023,k_pct,28-30,150-400,3+,30,-0.012128296563072967,0.04120233501183664,0.7333333333333333
tier3,P,2023,k_pct,28-30,<150,1,3,0.0031017246953011675,0.01546232309794416,1.0
tier3,P,2023,k_pct,28-30,<150,2,5,-0.007036501878465976,0.06785504660967576,0.6
tier3,P,2023,k_pct,28-30,<150,3+,11,-0.01612729002785306,0.04595307911449485,0.8181818181818182
tier3,P,2023,k_pct,28-30,>400,2,4,0.02035037779037215,0.05328095083304977,0.25
tier3,P,2023,k_pct,28-30,>400,3+,32,0.008600371680795395,0.038018809017764006,0.59375
tier3,P,2023,k_pct,31-33,150-400,1,3,-0.00405040066391452,0.02685939001772479,1.0
tier3,P,2023,k_pct,31-33,150-400,2,3,-0.018360206011526384,0.01958801817220602,1.0
tier3,P,2023,k_pct,31-33,150-400,3+,32,0.009216090240346041,0.03494944991410334,0.75
tier3,P,2023,k_pct,31-33,<150,1,4,-0.0480323261634718,0.06053788492988042,0.25
tier3,P,2023,k_pct,31-33,<150,2,3,-0.013556382115848909,0.02042723743693539,1.0
tier3,P,2023,k_pct,31-33,<150,3+,7,-0.037984423751528384,0.055537645021571255,0.7142857142857143
tier3,P,2023,k_pct,31-33,>400,1,1,-0.03046127915237523,0.03046127915237523,1.0
tier3,P,2023,k_pct,31-33,>400,2,3,-0.0013277699601806695,0.0017422666356781433,1.0
tier3,P,2023,k_pct,31-33,>400,3+,18,0.0107178150560201,0.02799674012211056,0.8333333333333334
tier3,P,2023,k_pct,<=24,150-400,1,4,0.022000189916654436,0.03428340968580222,0.75
tier3,P,2023,k_pct,<=24,150-400,2,2,0.027841843545705743,0.04204770252034296,0.5
tier3,P,2023,k_pct,<=24,150-400,3+,1,0.025434043119310773,0.025434043119310773,1.0
tier3,P,2023,k_pct,<=24,<150,1,5,0.009918096714399657,0.048335071823857545,0.8
tier3,P,2023,k_pct,<=24,<150,2,2,-0.00031622847296557816,0.020910459003430533,1.0
tier3,P,2023,k_pct,<=24,>400,1,2,0.01600562476214552,0.022245135082090788,0.5
tier3,P,2023,k_pct,<=24,>400,2,3,-0.0017355340422193777,0.025672072513906626,1.0
tier3,P,2023,k_pct,>=34,150-400,2,3,0.017598172738437314,0.05765878026523558,0.3333333333333333
tier3,P,2023,k_pct,>=34,150-400,3+,12,0.0066976898421798855,0.040078345813408085,0.75
tier3,P,2023,k_pct,>=34,<150,2,4,-0.018058797290216807,0.02927380351178985,1.0
tier3,P,2023,k_pct,>=34,<150,3+,3,-0.00826484041817444,0.027749855538265256,0.6666666666666666
tier3,P,2023,k_pct,>=34,>400,2,2,0.03568515768458256,0.03940630926195883,0.5
tier3,P,2023,k_pct,>=34,>400,3+,17,0.0036597921624644063,0.0276461437181254,0.7058823529411765
marcel,P,2024,k_pct,25-27,150-400,1,11,0.02238090413074403,0.033100094416704674,
marcel,P,2024,k_pct,25-27,150-400,2,19,-0.010239981852255204,0.03071370691833864,
marcel,P,2024,k_pct,25-27,150-400,3+,16,0.009033273811264526,0.031496769900017145,
marcel,P,2024,k_pct,25-27,<150,1,13,0.0037671582097357423,0.05949985158566397,
marcel,P,2024,k_pct,25-27,<150,2,7,-0.036990574605459625,0.07195888483794517,
marcel,P,2024,k_pct,25-27,<150,3+,6,0.023881899625684024,0.053973243869439046,
marcel,P,2024,k_pct,25-27,>400,1,7,0.007739833334209337,0.030095651638387972,
marcel,P,2024,k_pct,25-27,>400,2,9,0.0035978704280303195,0.013987618367525179,
marcel,P,2024,k_pct,25-27,>400,3+,6,0.0007237643686207312,0.026236904914194413,
marcel,P,2024,k_pct,28-30,150-400,1,3,-0.04489317204649258,0.048075156837062136,
marcel,P,2024,k_pct,28-30,150-400,2,8,-0.00906921324193562,0.03376333798475688,
marcel,P,2024,k_pct,28-30,150-400,3+,34,0.0022606754573632234,0.03604341412978339,
marcel,P,2024,k_pct,28-30,<150,1,3,-0.036845668384972934,0.04354526441988983,
marcel,P,2024,k_pct,28-30,<150,2,9,-0.008115900504817326,0.036705341937753204,
marcel,P,2024,k_pct,28-30,<150,3+,9,-0.028307727563646592,0.04521619280563619,
marcel,P,2024,k_pct,28-30,>400,2,2,0.05297013939445411,0.055603355662551146,
marcel,P,2024,k_pct,28-30,>400,3+,31,0.0007121089000719148,0.03113888203811898,
marcel,P,2024,k_pct,31-33,150-400,1,1,0.029303502951585486,0.029303502951585486,
marcel,P,2024,k_pct,31-33,150-400,2,4,-0.012488742272942839,0.06029242637260751,
marcel,P,2024,k_pct,31-33,150-400,3+,29,0.002713542455355584,0.03108298105334348,
marcel,P,2024,k_pct,31-33,<150,1,1,0.027594554078233607,0.027594554078233607,
marcel,P,2024,k_pct,31-33,<150,2,6,-0.02849665918480195,0.04957987961432868,
marcel,P,2024,k_pct,31-33,<150,3+,5,0.015600252843601,0.02667256523254316,
marcel,P,2024,k_pct,31-33,>400,2,2,0.023577832397755093,0.024171816881223433,
marcel,P,2024,k_pct,31-33,>400,3+,21,0.015582030767714349,0.034380361301957776,
marcel,P,2024,k_pct,<=24,150-400,1,3,0.028374774328870485,0.035789132563655075,
marcel,P,2024,k_pct,<=24,150-400,2,1,-0.00930884584315192,0.00930884584315192,
marcel,P,2024,k_pct,<=24,150-400,3+,3,0.005759066777152339,0.016638381324371475,
marcel,P,2024,k_pct,<=24,<150,1,7,0.011230209476133934,0.042678736563126,
marcel,P,2024,k_pct,<=24,<150,2,1,0.026844722005957444,0.026844722005957444,
marcel,P,2024,k_pct,<=24,>400,1,3,0.0020397160579066712,0.017391030321198226,
marcel,P,2024,k_pct,<=24,>400,2,1,0.012487902543362739,0.012487902543362739,
marcel,P,2024,k_pct,<=24,>400,3+,1,-0.02943762549752435,0.02943762549752435,
marcel,P,2024,k_pct,>=34,150-400,1,1,-0.02335015243590452,0.02335015243590452,
marcel,P,2024,k_pct,>=34,150-400,2,3,-0.07449989043529646,0.09120243273673312,
marcel,P,2024,k_pct,>=34,150-400,3+,17,0.003118916156200595,0.045865110772948296,
marcel,P,2024,k_pct,>=34,<150,1,1,0.025972844853924204,0.025972844853924204,
marcel,P,2024,k_pct,>=34,<150,2,2,0.008795238712959796,0.022234831082126,
marcel,P,2024,k_pct,>=34,<150,3+,6,0.010788281212763783,0.016625456883028637,
marcel,P,2024,k_pct,>=34,>400,2,3,0.052453656808136816,0.05344007290299865,
marcel,P,2024,k_pct,>=34,>400,3+,17,-0.004177087670523645,0.026899960520136493,
tier2,P,2024,k_pct,25-27,150-400,1,11,0.00991088152764253,0.03585321985596039,0.8181818181818182
tier2,P,2024,k_pct,25-27,150-400,2,19,-0.014388168074767975,0.03822204989418444,0.7894736842105263
tier2,P,2024,k_pct,25-27,150-400,3+,16,0.011107093877909063,0.025866697978013317,0.875
tier2,P,2024,k_pct,25-27,<150,1,13,-0.010260447973909452,0.0546316843421335,0.7692307692307693
tier2,P,2024,k_pct,25-27,<150,2,7,-0.036048985838465476,0.07083468935668669,0.5714285714285714
tier2,P,2024,k_pct,25-27,<150,3+,6,0.020083795429767973,0.054845050602619884,0.5
tier2,P,2024,k_pct,25-27,>400,1,7,0.0021467675346753153,0.03204149046828942,0.7142857142857143
tier2,P,2024,k_pct,25-27,>400,2,9,-0.004535787793521386,0.018865678769967358,0.7777777777777778
tier2,P,2024,k_pct,25-27,>400,3+,6,-0.003234303290336734,0.029546450750190693,0.8333333333333334
tier2,P,2024,k_pct,28-30,150-400,1,3,-0.034120406141996684,0.03470024424268515,1.0
tier2,P,2024,k_pct,28-30,150-400,2,8,-0.007458503792245391,0.0320946626814026,0.875
tier2,P,2024,k_pct,28-30,150-400,3+,34,0.009502325437959333,0.036560450472314494,0.7941176470588235
tier2,P,2024,k_pct,28-30,<150,1,3,-0.04597038301815015,0.057850718598727535,0.6666666666666666
tier2,P,2024,k_pct,28-30,<150,2,9,-0.009066134549863067,0.04535300293692692,0.6666666666666666
tier2,P,2024,k_pct,28-30,<150,3+,9,-0.021772365071523955,0.048405733580826255,0.5555555555555556
tier2,P,2024,k_pct,28-30,>400,2,2,0.055033099378319544,0.059600760441260954,0.5
tier2,P,2024,k_pct,28-30,>400,3+,31,6.581361498969249e-05,0.034129626690579395,0.7741935483870968
tier2,P,2024,k_pct,31-33,150-400,1,1,0.0112727803273166,0.0112727803273166,1.0
tier2,P,2024,k_pct,31-33,150-400,2,4,-0.024346970352311065,0.04701660344386314,0.25
tier2,P,2024,k_pct,31-33,150-400,3+,29,-0.0005809871570679869,0.031964191590186354,0.7586206896551724
tier2,P,2024,k_pct,31-33,<150,1,1,0.007915923302187072,0.007915923302187072,1.0
tier2,P,2024,k_pct,31-33,<150,2,6,-0.050548193167472805,0.07724062546538576,0.3333333333333333
tier2,P,2024,k_pct,31-33,<150,3+,5,0.01687630214809743,0.04141732588264618,0.6
tier2,P,2024,k_pct,31-33,>400,2,2,0.015146930087646284,0.015155705458285972,1.0
tier2,P,2024,k_pct,31-33,>400,3+,21,0.010393644293146764,0.03223866853688533,0.6666666666666666
tier2,P,2024,k_pct,<=24,150-400,1,3,0.02074621662625927,0.02664195337974173,1.0
tier2,P,2024,k_pct,<=24,150-400,2,1,-0.03722314719645964,0.03722314719645964,0.0
tier2,P,2024,k_pct,<=24,150-400,3+,3,-0.023291022554468795,0.031701723365760215,0.6666666666666666
tier2,P,2024,k_pct,<=24,<150,1,7,0.0024185141621573822,0.0335375508675243,0.8571428571428571
tier2,P,2024,k_pct,<=24,<150,2,1,0.0066292461860323615,0.0066292461860323615,1.0
tier2,P,2024,k_pct,<=24,>400,1,3,0.0047169338202113446,0.01708377537319253,1.0
tier2,P,2024,k_pct,<=24,>400,2,1,0.026941901801983137,0.026941901801983137,1.0
tier2,P,2024,k_pct,<=24,>400,3+,1,-0.026429065608014057,0.026429065608014057,1.0
tier2,P,2024,k_pct,>=34,150-400,1,1,-0.025067127164275588,0.025067127164275588,1.0
tier2,P,2024,k_pct,>=34,150-400,2,3,-0.04371040019689855,0.05774343991041752,0.3333333333333333
tier2,P,2024,k_pct,>=34,150-400,3+,17,0.0012646916321779676,0.03256063799597911,0.7058823529411765
tier2,P,2024,k_pct,>=34,<150,1,1,-0.0350018088416435,0.0350018088416435,1.0
tier2,P,2024,k_pct,>=34,<150,2,2,-0.012052579488968124,0.01924462555178151,1.0
tier2,P,2024,k_pct,>=34,<150,3+,6,-0.007281812594845771,0.03444641555818596,0.8333333333333334
tier2,P,2024,k_pct,>=34,>400,2,3,0.050921579732537206,0.05392399363309225,0.3333333333333333
tier2,P,2024,k_pct,>=34,>400,3+,17,-0.015189195622126223,0.026679283217456922,0.8823529411764706
tier3,P,2024,k_pct,25-27,150-400,1,11,0.00991088152764253,0.03585321985596039,0.8181818181818182
tier3,P,2024,k_pct,25-27,150-400,2,19,-0.014388168074767975,0.03822204989418444,0.7894736842105263
tier3,P,2024,k_pct,25-27,150-400,3+,16,0.011107093877909063,0.025866697978013317,0.875
tier3,P,2024,k_pct,25-27,<150,1,13,-0.010260447973909452,0.0546316843421335,0.7692307692307693
tier3,P,2024,k_pct,25-27,<150,2,7,-0.036048985838465476,0.07083468935668669,0.5714285714285714
tier3,P,2024,k_pct,25-27,<150,3+,6,0.020083795429767973,0.054845050602619884,0.5
tier3,P,2024,k_pct,25-27,>400,1,7,0.0021467675346753153,0.03204149046828942,0.7142857142857143
tier3,P,2024,k_pct,25-27,>400,2,9,-0.004535787793521386,0.018865678769967358,0.7777777777777778
tier3,P,2024,k_pct,25-27,>400,3+,6,-0.003234303290336734,0.029546450750190693,0.8333333333333334
tier3,P,2024,k_pct,28-30,150-400,1,3,-0.034120406141996684,0.03470024424268515,1.0
tier3,P,2024,k_pct,28-30,150-400,2,8,-0.007458503792245391,0.0320946626814026,0.875
tier3,P,2024,k_pct,28-30,150-400,3+,34,0.009502325437959333,0.036560450472314494,0.7941176470588235
tier3,P,2024,k_pct,28-30,<150,1,3,-0.04597038301815015,0.057850718598727535,0.6666666666666666
tier3,P,2024,k_pct,28-30,<150,2,9,-0.009066134549863067,0.04535300293692692,0.6666666666666666
tier3,P,2024,k_pct,28-30,<150,3+,9,-0.021772365071523955,0.048405733580826255,0.5555555555555556
tier3,P,2024,k_pct,28-30,>400,2,2,0.055033099378319544,0.059600760441260954,0.5
tier3,P,2024,k_pct,28-30,>400,3+,31,6.581361498969249e-05,0.034129626690579395,0.7741935483870968
tier3,P,2024,k_pct,31-33,150-400,1,1,0.0112727803273166,0.0112727803273166,1.0
tier3,P,2024,k_pct,31-33,150-400,2,4,-0.024346970352311065,0.04701660344386314,0.25
tier3,P,2024,k_pct,31-33,150-400,3+,29,-0.0005809871570679869,0.031964191590186354,0.7586206896551724
tier3,P,2024,k_pct,31-33,<150,1,1,0.007915923302187072,0.007915923302187072,1.0
tier3,P,2024,k_pct,31-33,<150,2,6,-0.050548193167472805,0.07724062546538576,0.3333333333333333
tier3,P,2024,k_pct,31-33,<150,3+,5,0.01687630214809743,0.04141732588264618,0.6
tier3,P,2024,k_pct,31-33,>400,2,2,0.015146930087646284,0.015155705458285972,1.0
tier3,P,2024,k_pct,31-33,>400,3+,21,0.010393644293146764,0.03223866853688533,0.6666666666666666
tier3,P,2024,k_pct,<=24,150-400,1,3,0.02074621662625927,0.02664195337974173,1.0
tier3,P,2024,k_pct,<=24,150-400,2,1,-0.03722314719645964,0.03722314719645964,0.0
tier3,P,2024,k_pct,<=24,150-400,3+,3,-0.023291022554468795,0.031701723365760215,0.6666666666666666
tier3,P,2024,k_pct,<=24,<150,1,7,0.0024185141621573822,0.0335375508675243,0.8571428571428571
tier3,P,2024,k_pct,<=24,<150,2,1,0.0066292461860323615,0.0066292461860323615,1.0
tier3,P,2024,k_pct,<=24,>400,1,3,0.0047169338202113446,0.01708377537319253,1.0
tier3,P,2024,k_pct,<=24,>400,2,1,0.026941901801983137,0.026941901801983137,1.0
tier3,P,2024,k_pct,<=24,>400,3+,1,-0.026429065608014057,0.026429065608014057,1.0
tier3,P,2024,k_pct,>=34,150-400,1,1,-0.025067127164275588,0.025067127164275588,1.0
tier3,P,2024,k_pct,>=34,150-400,2,3,-0.04371040019689855,0.05774343991041752,0.3333333333333333
tier3,P,2024,k_pct,>=34,150-400,3+,17,0.0012646916321779676,0.03256063799597911,0.7058823529411765
tier3,P,2024,k_pct,>=34,<150,1,1,-0.0350018088416435,0.0350018088416435,1.0
tier3,P,2024,k_pct,>=34,<150,2,2,-0.012052579488968124,0.01924462555178151,1.0
tier3,P,2024,k_pct,>=34,<150,3+,6,-0.007281812594845771,0.03444641555818596,0.8333333333333334
tier3,P,2024,k_pct,>=34,>400,2,3,0.050921579732537206,0.05392399363309225,0.3333333333333333
tier3,P,2024,k_pct,>=34,>400,3+,17,-0.015189195622126223,0.026679283217456922,0.8823529411764706
